000d0000
fffb000c
fffbfffd
ffff0005
ffee0007
ffff000f
ffff0007
0004fffc
fffe0008
0007ffff
fff1fff8
fffa0004
fff8ffee
fff5fffc
0000fff2
fffe0009
0004fff9
fffd0007
000a0005
fff8fffe
00020003
fff4000b
fff8fffa
0001ffef
fff90005
0008000d
00040006
fff30009
00060006
0003ffef
0008fffe
0000fffc
fff80004
00000006
fffc0004
00050009
0007ffff
0012000b
0009fff2
00000005
000cfff7
0005fff4
ffef000d
fff4fffc
00100001
ffee0015
0007fffa
0002000f
0003fff8
00000000
0003fffb
ffff0003
fff4fffc
000cfffd
fff2ffff
0004000c
00000014
fff3fffc
0019000e
fffcfff9
fff70006
fffdfffd
00090003
000b0000
0003fffc
fff2ffeb
fffa0008
00050006
0008000d
ffff000a
fff9fff9
fff5fffb
fffffffb
fffd0002
ffffffee
000a0002
fffa0006
0013fff9
00120007
fff80014
00040004
00050005
00020002
fffefff2
0001fff9
0006fffc
00030008
00010003
fffefffc
0004fffb
00060000
0009fff3
fff9fff9
fffbfffe
fffa0003
fff8fff6
0000000c
0001fff5
0012ffee
0006fff2
fff20007
000a0004
00030006
0002000b
fffe0005
fff50006
fffa0007
0005fff6
000a000f
0006fffd
0000fffb
ffe90000
fff70001
fff3fff6
fff9fff3
000f0007
000dffff
ffecffff
00050001
0004fffb
fff60005
fffefff3
fffbfffe
00100008
0007fffd
00060009
fffc000a
00160005
fffa0008
000b0007
fffa0004
fff60010
00000004
000dfff2
fff60003
fffb0006
fffaffef
00060002
00010002
fffd0004
0002000c
00040001
fff8fff5
0004000e
0004ffff
0001fffa
0004fff9
000cfff2
fff1fffb
fffdfffe
fff40002
00210004
0004fff2
0002fffc
fff4ffef
ffff0004
fff80011
001c0002
fff7fff9
ffffffff
00010008
0002fff9
000c001a
ffffffe4
0006fff8
0014ffff
0008000a
00010001
000d0003
fffe0004
0001000d
fff8fffe
fffafffa
0009ffe5
fffd0006
00040009
ffeb0004
0007fffd
0011000f
fff6000e
0005ffea
00090000
0001ffff
0004fff1
0003fffd
fffd0004
ffff0003
0005000a
fffcfffc
fffd0013
00040009
fffafffa
0002ffff
fff30005
fffffffa
ffeb0010
fffa0004
fffa0003
000e0006
00050001
fff80005
fffe0005
0001fff7
0009ffff
fffc0000
0009000d
0004000d
fffbfffe
0008ffff
fff10000
fff10001
fff30002
0001fff3
fff00000
00150007
0011fff1
fffafff9
fff1fffe
0005000d
fffdfffa
fffbfff0
fff00009
0000fffd
000c0007
fff8fffa
fffc0003
000bfffe
0004000e
00040002
fffeffec
0014fff7
00020006
ffe7fffd
00130006
0007fffa
fff20005
000e000a
00000001
fff10008
00090000
000afff5
ffebfffa
fff50000
fff50003
fffa0009
fff80005
000cfffb
fffb0002
000afff5
fffc0006
fff60000
fff7fff8
00040004
0006fffa
0000000a
ffff0007
00050001
00050001
000ffff6
fffffffa
0008fff6
000b000d
fff00007
fffbfff5
000afff8
fffe0001
fff60006
fff8fff6
00000005
000c0005
fff8fff3
fff20000
000cfffa
000c000a
ffff0001
fffa000c
000a0004
fff6fffe
00040002
00010006
fff20003
0003fff7
fff5fff4
fff7fff4
fff4ffff
000f0002
0008fffd
fff90002
fff5fffb
fff40007
0008000d
0009ffeb
fffa0010
ffee000b
ffee0002
ffef0003
0002ffe6
fffc0013
0002000a
0008fffc
fff50010
00030005
000efff2
fff60012
00020010
0010fffb
00020002
000c000e
fff3000a
0009fff1
0000fff5
fffffff6
000ffff4
fffefff6
000dfffe
fffffff3
0006fffe
fffa0004
fffc0004
ffff0004
fffffffa
00150005
0003fffc
ffed000f
fff3fff0
0019fffd
000b0006
ffe6fffd
0008ffea
fff60000
fff0000d
000f000c
fff6fff8
fff70007
fff4000b
00020006
fff7fffb
ffec0000
fffcffff
fff30007
fffe0012
000dfff5
fffd000f
fffffff8
fffffff8
0004000d
00030002
00080000
fffa0008
00190000
fffd0004
fffe0015
0007fff6
fffefff9
fffd0006
fffefffc
000afffa
fffafff9
fff80015
000b000f
fff2fffc
00060004
00010009
0010000f
0007fff6
fff70002
0013fffd
ffef0007
fffd0001
fffa0002
0008fff1
fffafff7
fff6fffa
00020005
fff5fff6
0009ffff
00050003
fffeffff
ffee0002
fff80010
000efffd
00040001
ffeefff7
000dffff
000ffff6
fffafff4
00000001
fff80007
ffecfff6
fff7fff5
0003fff2
ffeefff9
fff70018
000dfff4
fff60009
fff7fff1
fffc000a
0000fff5
fff3000d
fff3fffb
00120016
00000008
ffed0006
fff10003
fffbfff2
0008fffe
00050006
0005fff6
000dffff
ffe4fff5
0019fffc
fffd0006
00030007
fffa0004
00030002
fff6fffb
000b0003
00070009
00170003
000e0001
00010013
00080005
00040011
00030006
000bfff2
fff2fffb
fff10000
0002fff5
000cfff8
0002ffef
000b0003
0002000a
00020003
fffb000d
fffc0008
fffc0004
fff70015
00010006
0003000b
00090005
0002ffef
0004fff0
fff5fff3
000e0000
00050005
fffa000f
fffdffee
000dfffc
fff30016
00100017
00050009
00000019
0003fffa
0005fff1
0002fffe
fff50003
fff5000e
fff00008
fff70005
fff80000
fff6ffe9
00070001
ffedfff0
fffdfff9
fff7fffb
000b000a
fff80008
00020002
0008fff3
fffc0000
0006000c
000b000a
fff50007
0009fffb
0002fff8
000f0003
0008000d
00080000
fffd0004
00060010
000bfff9
0005ffff
0000fff0
fff8fff6
0013ffef
0002fffe
ffff000b
fff20004
fffc0001
00020006
fff0fff2
0008fff5
00070006
ffe7ffeb
fffcfffc
0003fffa
fff3fffd
0003fff8
ffff0002
fffd0017
fff60000
00070000
ffff0007
fffe0005
ffe1ffed
00080017
ffefffff
000efff3
fffbffe3
ffff0009
ffff0006
fff70019
0005fff5
0000000f
fff8000b
000ffff6
000d0011
fff7fff9
fffcfff2
00040003
0003fff3
ffff0002
fffd0002
ffff0004
fff70000
fffe0004
0004ffee
000afffe
00010001
fffe0001
fff1fffe
ffee0014
000afffa
00080001
000e0007
00190005
0004fff8
fffbfffb
00110000
fff7fff7
00030009
000c0014
fffd0005
00000000
0000fff2
fffd0000
0013fffc
00090008
fff7fffb
0005fffd
fffffffe
0003000a
fffcfff7
0000fff9
0000fff6
ffff0008
fffbfff8
00060001
fffe000a
000efff5
00030001
fff60001
0003ffff
0001000b
fffdffe1
000d0006
00190007
000e000e
fff30009
00060008
0004fffb
fffa0003
fffdffff
fffc0002
ffed0004
fff3fffe
0005fffb
00000000
00100001
0008fff5
fffbfff3
fff90001
00070003
0000fff3
ffecfffc
fff9ffff
fff9000e
fffc0010
00070011
00070005
000d000a
fffc0011
ffe5fff4
0009fffb
00010004
fffafffe
0005fffc
0007fff0
fffefff1
fffcfff9
fff6fff6
fff5fffe
fffd0018
fffbfffa
ffe7fff5
0003fffc
0000fff2
0000fff2
00030003
fff90004
fffc0009
00060004
fff4fffd
fff30008
fff5fff7
00000007
0007ffed
00130016
0001fffa
00080006
fff7ffff
00080007
fffcfff5
00000000
00060003
00000007
0005fff4
0014000d
00020000
000f000e
00050002
0004fff9
fffefff8
fffbfffe
fff5ffea
00000004
0003fffc
00070007
0000fff8
fff6fffd
0000fff3
0015fff9
fffc0000
0014fffb
fffefff8
fffffff7
00090000
0000fff1
fffc0011
fff90000
0000ffe7
fffc000b
0000ffed
00090000
fffb0008
ffed0005
0003000d
000a0009
fffdffff
ffecfff7
0000fffd
0006fff4
00060000
ffeffff9
00060007
fffdfffe
0001fffb
ffecfffa
fff10007
fffffffd
ffef0004
0008000a
000b0007
ffe3fff7
000d0004
fffa000b
00020001
fffaffeb
000ffffc
0011fff9
ffed0002
fff60017
00120007
fff5fff9
00030007
fff4fff6
000afffe
0006fffe
000b0010
000d000d
000cfff3
fffd0004
fff3fff4
0000fff7
fffafff3
0004fffa
ffffffff
fffe000c
fff50004
00020004
fff90000
fffcfff7
000bfffc
fff60009
fffd0007
fffd0007
000afff3
fff60006
fffeffee
fffdfff6
000f0004
000ffffe
fffe000d
0006ffef
00170007
0008000d
fff60011
ffff0001
0006000f
000fffe4
0007fff6
0003fffd
00040009
000dfff6
00000004
fffb0007
00000012
00020005
fff5fff8
00040002
0005000f
0003fff7
00090008
fff40002
fff9000e
fff20004
fff70008
0011000a
fff4000b
fff9fff8
00020006
00060001
00060004
ffff000f
ffed0004
fff8fff3
0001fff4
fffc000c
fffdfffd
fffc0001
00010004
00050002
00010002
fffe0011
00010009
fffafffb
0000fff6
fffbfffc
ffff000b
0001000a
fffb0007
001a0000
00090007
00070003
fff8fff5
00070004
fffdfffe
fffffffd
fff2fff3
ffef0000
fff9fff5
0003fff7
fffdfffb
fff8fff7
00040002
0003fffb
00020003
fffb000e
00050002
fff3fffe
00030008
0002ffff
fff7ffff
ffed0001
ffef0000
0007fffc
fffafffd
fffe0004
fffbfffb
0005000e
fff30003
fff20005
fff70004
fff00011
0007000c
fffdfff0
000a000c
fffaffef
fff5fff5
0013fff9
fffd0002
0005fffd
fff60007
fff6000f
0003fffe
fffe000f
000e0000
000c0007
00010008
000a0004
000e0001
fff6ffea
0004000f
0004fff8
fff8000a
fffd0008
00000000
fff5000a
0007fffc
ffeffff3
00000006
0000ffff
001bfff7
fffafff5
fffefff0
ffff000f
fffe0007
0000000f
0006fff5
0006fffc
0003ffff
fff70003
000affef
0002fffb
ffecfffd
000cfff3
fffcfff8
fffbfff2
fffdfffc
fffbfffa
fffefffa
00000003
0003000f
fffa0000
fff70008
fff4ffef
fff50004
fffe000c
fffbfff2
fff9000e
000afff3
0009000b
0002fffa
000a0003
fffe0013
fffc000a
fff80006
0002fff6
000bfffa
fffdfff7
fffafffd
000b0001
fff6001f
fffe0004
0002fff5
fffffff8
ffec000b
00040001
0005fff6
fffb0001
fff2000a
fffe0007
fffdfff6
000afffc
fffefff3
000ffffb
000afff4
0001ffed
0003fffd
ffedfff6
000dfff1
fff80001
fff90008
fff1fff8
0010000a
0002fff7
00140008
0002ffe9
fff00006
00000004
fffb0006
fffc0003
00000004
fff3fffa
000a000f
fff7000a
0010fffb
fff60006
ffffffff
fff8fffe
0006000b
fff0fffd
fffefffa
fffb0009
00000009
ffe2fff8
ffeffff4
0001fffe
0001000d
0018fff3
fffe0004
fff1fffe
00020005
000a0011
000b0009
fffafffc
fff50000
fffd0000
fffe0006
ffffffed
ffed000e
fffffff9
fffafff4
fff30000
00030002
fffffff2
fffe0009
00060005
000bfffc
fff60004
00080005
fffa0007
000d0003
000a0005
fffd000d
fffe0007
fffe000c
0000fffd
00040001
fff70006
0005fff9
ffff0004
00080019
0005ffff
0003000d
0001ffed
00150001
0010ffef
000b0000
0001fffe
ffff000c
fffe000a
0000fffb
0001fffa
fff5000e
0003fff2
00080011
000c000b
0001fffb
fff8ffe7
ffef0008
fff2ffed
000d0003
0010001b
ffe9fff4
000affff
fff9fff2
fffefff9
0005fffd
00010009
00110008
fff8fff8
00120007
000d0000
000afffc
0007fff8
00070006
000a000e
0007fffc
0008fff3
0007001b
00010009
fffe0007
ffff000a
0003fffd
fff00002
00040015
000dffef
00000001
fff80008
fffdffe6
000b0004
fffffff8
fffe0005
0004ffff
0010fff7
0003fff9
fff9fffd
00090007
0006000e
0007fffe
0003fff5
00080007
fff4fff6
fffc0011
fff5fff0
000c0002
000c0000
00040004
fffe0009
fffd0006
0005fffc
0000fff9
0000fffb
000cfffa
00010002
ffe3000f
ffe5fff4
00040001
00050006
0010fff9
ffff0003
0003fff6
fffbfffc
00040002
000bfff9
fff5fff6
00020002
ffff0003
fff80001
0006ffef
fffefff6
ffff0008
fff4001b
0001fff9
fffe000c
000bfff1
fffefff7
fff90006
0004fffb
0003fffd
fffffff7
fff0fff8
00060010
fff50008
fffe0001
0005fff2
fffefff8
0008fff1
00020006
fffafff9
fffc000d
00000003
000efff6
0002ffeb
fff1ffff
00050005
fff60002
000a0004
00100002
00080008
fffa000f
0007fffb
000e0005
0003000c
fffe0003
fffbfffc
fffd0009
0001fffc
fffdfffa
0003ffec
0005fffc
ffee0005
00030017
fff00002
00050008
0004ffff
ffff000f
000dfff9
00000006
00030017
00050000
0002fffd
fffb0003
0005fffe
00070005
00050008
fffd0007
000cfffe
0005fff0
fff20021
fff10011
00120006
fff70010
fff2fff5
fffd0006
00010003
00050004
fff20002
ffe8000d
fffc000c
fffdfffe
fffffffc
fff5fffe
fffc0006
0001000d
0007fffc
fff70008
000efffe
fff7fff8
fff40003
fff0ffe8
00070003
00030004
0008fff4
fff9000c
fffb000b
00030001
000cfff2
fffffff8
0004fffb
00010003
0002000a
ffe1fffb
fffbfffd
fff7fff8
000b0007
000e0012
0002fffb
0009fff1
fff90003
ffffffff
0010fffb
000b0023
fffd000a
0015fffb
0004fffa
0005fffd
00040000
0001fff3
fff6000d
000ffff9
00090003
0003ffe9
fff1fff5
000d0002
fff5fff2
fffffffd
0017fff2
fffa0005
001bfffd
fffb0019
000b0004
fffafff6
fffa000e
fff2fffc
0008fffa
fff3fff6
0012fff9
fffc0002
00050002
ffed0000
ffff0003
fff20009
fffc000b
000dfff0
0003fffc
000afffe
000c000b
fff10007
0000fff0
0004fff6
fff00001
fff5fff7
fffefff7
000d0007
fffbfff6
0009000f
ffe90003
0001fff6
0013fffc
00010001
fff5fff6
fffbfff9
00020000
00030001
0001fffc
0003ffff
00010000
0002fffd
ffff0002
00010000
fffd0003
ffff0003
00020005
fffffffe
00030005
fffe0003
00020000
fffc0001
00010003
0004fffe
00020002
0001ffff
0001fffa
0001fffd
0000fffb
00000001
fffd0003
00050004
fffffffe
0002ffff
fff80001
ffff0002
0001fffe
0005ffff
00000002
00010005
fffcfffe
00030000
00060000
00010000
fffdffff
fffe0000
fffcfffb
ffff0002
fffcffff
0003ffff
ffff0000
00010002
0003fffe
0002fffa
fffdfffc
0001fffe
00010002
00030000
00010004
ffff0003
0000fffd
00010001
0006fffb
0001fffc
fffc0004
fffa0001
fffafffc
00010000
00020000
00020003
0000fffe
0003ffff
ffff0003
00030000
00020000
0003fffe
fffa0003
0001fffe
00000001
0001ffff
00020001
fffe0001
fffcfffe
00020003
ffff0000
fffbfffe
00010002
00010002
fffe0001
00000000
00070003
fffffffd
fffc0001
0000ffff
0002fff9
ffff0000
00000000
00000007
fffd0001
fffe0000
fffd0001
0000fffd
00000001
0000fffe
0003fffa
0001ffff
00010006
fffd0001
ffff0002
00050000
fffdffff
0000fffe
00000008
fffffffa
fffefffc
fffe0000
fffaffff
fffd0000
00030004
0000fffd
00000002
fffffffb
ffff0004
00000002
0003fffc
00000001
00030002
0001fffb
fffffffe
fffefffe
ffff0003
ffff0002
00000002
0000fff8
0002ffff
fffd0005
00010007
00000001
0004fffe
0000fffe
00030004
0000fffb
00040001
ffff0006
00030003
00000004
fffe0003
fffcfff9
00020002
fffbfffa
fff80000
00030002
0002fff9
00020000
fffe0000
00020000
0000ffff
0002fffe
00060000
00000001
00030000
ffff0002
00050006
fffffffe
fffb0002
ffff0008
fffb0001
00020002
00000002
00030008
00010000
00030001
0001ffff
0005fffe
00020000
ffff0001
00040003
0001fffe
0001000b
ffff0001
fffe0002
00000001
0003fffc
ffff0000
fffe0001
00010002
00010000
0004ffff
0003fffc
ffff0002
0002fffe
00000000
fffd0005
00030000
ffff0004
ffff0000
00040003
0000ffff
00010003
00010003
00030001
fffefffd
fffd0000
fffeffff
ffff0005
0002ffff
ffff0004
00060002
0004fffe
0002fffd
fffffffd
0005fffc
0000fffe
fffffffc
fffe0001
fffd0001
00080003
0001fffe
0001fff9
0002fffc
fffafffe
fffcfffd
0002ffff
fffcfffd
fffffffd
0001fffa
fffa0000
fffb0005
00050001
fffafffc
fffafffd
fffe0000
fffffffd
ffff0000
00000002
0007fffd
0003fffd
0002fffd
00020003
fffd0005
ffff0008
fffd0001
00080008
0005ffff
ffff0004
0001fffd
ffff0004
0003fffc
fffefffc
ffff0005
00010002
00000006
0003fffb
fff9fff7
00040005
00020000
00040000
fffdfffd
fffffffe
fffe0002
fffc0004
ffff0002
0004ffff
fffffffd
fffeffff
00010000
fffc0004
00050000
00040001
fffe0005
00010005
00050003
00010002
00010000
fffeffff
fffe0007
00010002
ffff0000
fff90000
0004fffd
fffd0001
00040007
ffff0003
00010002
ffff0001
fffffffb
0003fffd
0002fffe
ffff0000
00000003
0005fffb
fffefffd
0000ffff
00040000
0001fffe
0003ffff
fffffffd
ffff0002
00020001
0001fffd
00000003
0000ffff
00040002
00010002
fffb0004
fffafffc
fffa0003
0003ffff
fffcfffd
00000001
0003fffe
00010002
00050002
fffe0000
0002fffe
00010000
00030000
fffffffe
00020001
00010004
00080004
fffd0002
0001fffd
0002ffff
00010000
fffe0003
fffffffe
0003fffc
00020000
00030008
ffff0000
0002fffe
00010001
00010000
fffe0008
0002ffff
fffd0001
fffffffa
fffdfffe
fffdfffd
0001fffe
fffdfffd
fffe0002
0000fffe
0003ffff
0000fffd
0003ffff
fffd0003
fffffffd
fffd0001
0000fffb
00010001
0000ffff
fffeffff
fffdfffe
ffff0000
fffdffff
ffff0000
00040002
00050002
0000fffe
0002ffff
00010000
00020000
fffffffc
00010000
00020003
00050000
ffff0003
0000fffd
0000fffe
fffe0007
ffff0000
ffffffff
0004ffff
0000fffe
00020001
fffa0001
0005fffa
fffaffff
fffffffd
0005fffe
0005fffe
00000000
00020002
00030001
00010003
fffefffe
ffff0002
00010000
00060002
00020001
00050000
00000002
00010002
0002fffe
00010001
00010001
fffd0003
00010000
fffc0004
0002fffe
0008fffd
fffdfffe
fffe0004
0001fffa
fffefffc
fffdfff9
00020000
fffdfffe
0002fffc
fffb0002
ffff0002
fffdffff
fffeffff
00010001
ffff0002
fffdffff
fffb0000
fffefffa
00060001
00040002
0001ffff
00010003
00000001
fffefffe
0001fffc
fffeffff
fffe0001
00050003
fffe0001
0005fffc
fffd0001
fffc0003
ffffffff
fffdffff
ffff0006
00000001
fffffffc
00020000
0001ffff
0001ffff
0001fffa
fffefffe
fffdfff9
00060002
fffefffe
00010001
0000fffe
0002ffff
00040002
00020002
00020000
0005fffd
00040001
0003fffe
00000001
fffefffe
00030005
00000000
fffbfffe
fffefffb
fffd0000
00010002
fffc0000
0000ffff
fffafffd
00020005
0004ffff
00010003
00020001
00000004
0001ffff
0000fff9
0000ffff
00010000
00000000
00010000
0003ffff
0001fffc
fffd0001
0003ffff
fffe0000
0001fff8
00020000
00000005
fffe0000
00000000
00010002
fffffffe
fffe0004
00040002
00010002
00010003
ffff0000
00020003
ffff0004
ffffffff
fffe0001
00010002
fff8fffd
0004fffb
00000000
0001ffff
fffbfffb
0000fffc
00010002
fffd0000
ffff0002
00000000
fffeffff
fffdfffe
00000001
fffb0003
00000003
fffe0000
fffcfffe
ffff0002
00020002
ffffffff
0003ffff
00000000
00000002
fffe0005
00040003
0002fffd
00020001
0001fffd
fffffffd
00000004
fffcfffa
0003fffd
fffcfffe
00010003
fffe0001
00000004
fffdfffb
0000fffe
fffe0002
0006fffe
ffff0000
fffd0000
00020001
0003ffff
0001ffff
fffefffe
0001fffc
ffffffff
fffdfffd
0001fffe
fffe0001
00040001
00050000
00030001
0003ffff
0001fffd
fffbffff
0003fffd
00030001
fff90000
ffff0001
ffffffff
fffefffe
00010003
fffffffe
00010002
fffd0000
fffdffff
0002fffb
ffffffff
0002fffe
00010005
fffd0002
00010000
00000004
0000fffe
0004ffff
00010002
00020000
fffeffff
0003fffb
00020001
00040000
0003fffd
fffffffe
0000fffd
0001ffff
fffcfffe
00030001
00000002
fffc0001
0003ffff
fffe0001
00000002
fffc0002
0001ffff
00010001
ffff0000
00020001
fffffffc
0000ffff
fffd0003
fffc0001
fffffffe
fffeffff
ffffffff
fffbffff
fffffffc
00030001
00000007
0000fffe
00000002
0000fffd
fffc0000
0003fffd
0000fffa
0003ffff
fffe0002
ffff0003
00040005
00020000
fffe0000
00010003
00030002
00030004
00000000
00000001
0005ffff
00050001
0000fffe
ffffffff
0000ffff
0005ffff
fffe0002
0002ffff
fffe0001
fffc0002
0004ffff
fffffff9
00000002
fffefffe
fffdfffb
ffff0000
00000000
fffc0001
ffffffff
fffeffff
0002fffa
00060002
00040002
ffff0002
fffd0001
00000001
0003fffd
00010003
00040002
fffd0000
0002fffe
fffc0001
00010003
00030004
0000ffff
fffefffe
0001ffff
fffe0003
00000002
0003ffff
0004ffff
fffeffff
fffc0002
0000fffd
ffff0000
fffdfffb
00010001
0001fffe
00030001
0004fffe
0004ffff
fffe0002
0001ffff
fffd0003
0002ffff
fffd0001
0001fffe
0001fffd
00000002
0003fff9
00040003
fffc0002
00010004
00000002
ffffffff
00010004
fffd0000
00000001
00030000
00000002
00000001
00020002
fffe0000
00020002
0001fffd
fffbffff
00030000
fffefffe
fffd0003
fffffffe
00020002
ffffffff
ffff0000
fffdfffe
ffff0002
00020007
0000fffe
00010001
00010001
00020000
ffff0006
0002ffff
00020003
00000003
0002ffff
00040002
fffb0004
fffe0002
0001fffb
ffff0000
fffdfffd
fffcffff
00000000
00010000
fffd0000
0000fffd
00000002
0000ffff
fffdfffb
0000ffff
ffffffff
fffffffd
fffb0001
fffffffd
00020004
00030004
0000ffff
0003fffd
00020002
00010002
00010001
fffe0003
0000fffd
00010003
0002ffff
fffb0000
fffbfffd
ffffffff
00050001
0000fffe
fff9ffff
fffefffe
fffe0001
0002fffd
fffe0000
fffffffe
00040002
0003fffd
00010000
fffe0002
fffd0002
fffeffff
00040004
00010002
0004ffff
00020004
ffff0000
00030000
0000fffe
00020004
00010004
00040001
00010002
fffcffff
ffff0004
0002fffe
fffdfffe
0000ffff
00010001
00000003
00000001
0001fffe
00050001
fffe0002
ffff0002
fffc0004
fffefffe
00000000
fffbfffc
00040001
ffff0004
fffe0001
0003fffc
ffff0002
0002ffff
ffff0001
00000001
fffeffff
ffff0002
0005fffd
00010003
00010000
0000fffc
00000001
fffe0001
fffc0001
ffff0000
fffffffd
ffff0000
fffe0002
00020002
0004ffff
0001fffd
00020000
fffdfffc
0000fffe
00000000
fffeffff
fffffffd
00030001
0003ffff
0002fffd
0001fffd
fffefffe
0004ffff
0002fffe
00010000
00020001
0000fffd
ffff0001
fffd0001
fffe0002
0002ffff
ffff0003
0003fffe
0003fff9
fffd0003
00010003
fffa0001
0000ffff
ffffffff
fff9ffff
fffe0000
ffff0000
00010000
fffe0004
ffff0004
fffcfffe
fffc0002
00010002
fffeffff
00000001
00000002
0001ffff
0002fffd
fffd0000
fffffffd
0003fffb
fffd0002
00040000
fffd0001
fffcfffb
00010003
0002fffd
fffeffff
ffffffff
fffe0004
0003ffff
fffe0004
00030005
0005fffc
0002fffc
fffbfffd
00010002
00000000
ffff0000
0001fffd
ffff0000
ffffffff
fffffffc
0003fffe
fffffffe
00020000
00000001
00000005
00070001
0002fffe
fffd0001
0002fffe
0000fffc
ffff0002
fffe0001
fffefffe
0002ffff
00050000
00010001
00000006
0000fffe
0001fffd
00020003
0000ffff
00030001
ffffffff
00010003
00010001
0000fffe
00000003
00010000
00060001
0000fffe
00000005
fffc0001
00020002
00000002
00000001
00000002
fffd0002
fff9ffff
00020000
0006ffff
fffffffd
fffffffe
fffcffff
0005fffe
0002ffff
0000fffd
00000001
0000ffff
00020000
fffd0003
0000fffb
00020000
fffe0003
00010005
0002fffc
00010001
fffffffc
00000000
00030002
00030004
00040000
00020001
fffcffff
0000fffa
0000fffe
fffc0002
0001fffc
ffff0001
fffcffff
fffe0000
00020001
0001ffff
00020000
00020004
00020002
0000ffff
00030001
00060003
0000fffd
fffffffc
0003fffc
fffd0002
00020001
00020004
00000000
00010002
fffdffff
fffe0003
0002ffff
00030000
0002fffd
fffcfffd
0000fffd
fffcfffe
fffe0003
00010000
0001ffff
00000002
fffe0003
0001fffd
0001fffe
ffff0000
00010001
fffffff8
00010000
fffdffff
00020000
fffcfffb
fff9ffff
0002fffe
0000fffd
0001fffe
00030002
00030000
ffff0001
fffe0004
00060000
fffe0002
ffff0001
fffc0000
fffc0001
00010001
00060002
fffdfffc
fffffffd
ffff0002
fffdfffe
fffffffe
fffc0000
00010000
fffd0001
00020002
fffd0001
0000fffc
fffdfffd
00020002
00030002
fffd0002
00000003
00040001
00040001
ffff0000
0000fffe
fefeffee
f608e9ec
f003fa0b
0e04fefb
fe01f608
f90f06f8
12f30b0a
03130011
02fa090b
f8f3ffff
02eb08f6
f607f3fb
0106fe0b
fef90805
fc10f911
edf7eefa
fb0206f8
f5f1faf7
06f80214
f6fdf910
fb1d0cf0
060e0fee
0805fe0b
05ff07ff
f601ec00
fa07f0fb
01070dfc
fafc04ee
07fefc09
080efc04
0700fe13
ff000403
fa01fcf9
0e1103f1
0007fbec
f4fefd00
0cfef80b
fc01fe0c
fb0afefd
fd040604
fbff0208
fb0905ec
05f70101
f00b0506
090cfd04
ff1afd09
0ff00af9
05090a0a
fd06fdf3
02f7fa06
eef4ff06
faf9f711
0407fc08
fcf202f8
fff8fd0a
f0eb00fe
01020005
0a00fdfc
04f4ff04
0100faf5
fc040708
050dfdfc
f80efafb
f60a0304
09080305
f1070101
eff6f603
030a09f3
f7f80108
fa0c0709
080df5fe
00fd0308
0506f80a
01f6f4f8
060b05f6
0c07e8ef
fafe03fa
1106f909
05f214fe
fa001bfd
fb05f10f
ff0afc0f
0110edf3
f008fef5
0cfeff15
040af801
05f3f40d
08faeafc
fcff0ffa
05fdfaf0
02eb0802
fb01f5ff
f808fd01
010e040d
f6fc01fc
faf8fdfe
13f600f7
05f20801
f10a0800
020ef10c
f7ff06f4
f7f406f7
0606fa10
fbeb0a08
0213f80b
f81205f4
01f9fa04
16010107
0203f1f7
f3fa13f1
f3190504
01fc00f5
09fbf1fb
0503fa06
1e00fcfd
f8fff600
07f5e90d
f306ff05
05f2f705
f507fcf6
08fc1406
00f5f106
020203e9
10fd0b06
09fd0607
fc0c0afb
0702f8f5
0412110b
0509f400
e6fcff00
f6000101
0d130601
fbf30103
0b0e01f3
020c0108
f10303ee
0afee8fb
fd000ff9
f00608f1
02f709fd
f606f7ee
f2fbf2f1
fc1006fe
07fd080f
fe06110e
04030406
f701f40f
fb0c0a08
02060a00
06fe0203
fdf1fef4
f20d06f7
060d01f9
07feff02
effc0204
04f6fbf6
0604fdf2
fafa0a04
f0fef70b
eff8050d
120e0401
fdfb0003
ef02f6f5
0bfb0bf4
01050008
0102fdf6
000dfffe
03f80afd
000e020f
fcfa00fd
000408fe
0cfd1dfa
f60afbf7
fcf900f3
01050801
effd100b
f8fa0cf5
fe0311f9
001bf8f8
f409fc01
1505fdee
fafef501
f70100fa
fb01ff09
f9050302
0703fb07
02f7fb0f
f01afd0b
f70d0a0e
fe0c0b0e
fd020d00
05f301f9
0b06f005
09fdf202
ff0bfdf3
031009f9
ed01f0f5
fee40b02
0402f806
f6021809
0109f4f6
0d120105
f1fffa08
fcf603fb
f5f4fc14
0c010a02
0008f604
fafdf914
0dfc06ff
0e020d05
0d19000a
fcfeff04
f805f505
150f0912
07011108
0312fff4
f8fc0200
ff0c0bf0
f213fef2
f60afefa
f400fa04
0bfbfc07
06041705
fb0b1903
fd04fd04
0a1204fa
ffea0306
060f06fd
060101f2
fbf6ee00
09fbfcef
ff00f7fc
18edf70c
f4190005
fa05fcf7
090fff05
fef700f0
f2fe1602
0b12f402
02f5fa10
fdf9f7f4
fb0dedf2
f90304ff
070d11fa
fd02ef12
010403f1
0003fdf1
020e0305
0803031a
ed0cfaff
050816ef
fef70504
02060bf5
13f40004
0d060108
0008080d
f60a0a10
e90d0408
05f906ed
f5f90afc
ecf8fe05
ec00fe1d
0701fcf7
fc0b03f7
f1faef00
0211fe05
f5030607
fef0020f
110d0bf5
f8eef919
0bf8e505
10f5fdf7
04f8f616
0b090407
fe04140c
080c1801
f81c0d0f
fd0b0a03
01f8fdf3
f8f6070b
01030d04
05fafdf0
02f6f9fc
00030ef9
fb0bf30a
f0f8f90a
15f30500
fd13f200
0214e70d
0af505ff
f4fc0502
ffff0803
ff1009fa
04f217f5
f0ff0ffe
fa0102f2
f9f1effa
0ff501f8
120509f1
0803f10d
0bfb0609
fa02fafd
051a01f9
f406fd01
09030204
06080500
0dfc0cfd
02021001
010606f8
f3f90303
130d0007
03050308
060ae7f9
080b0301
0a07feff
f907fb17
010016fc
effb0afd
04010703
f301f4fb
0401f6fe
fd060b02
08f804f9
eefaf0f5
07faf701
0d05fcea
0708fa01
0ffc1a17
1006f603
11f810ec
fe110003
f6fbf514
0d0afe06
000d0a08
f805f6f6
01fdfbf6
e804f8fd
09010bfd
fbfe0501
f5ed0904
f9f3f9ea
f70906fe
fcf808fd
f60206ee
fa02f4f2
0e08fdf2
0201fd0f
f9f60406
f8fc03fa
fff40c07
f008ff0c
0a0e08fd
04f6f2ef
f9050d08
f20af6fe
fb0d0202
fd07f702
fbfaf5fd
04f80ef7
06ecf709
05fcf6ef
0307fafe
01fef615
10fe0104
faff04fd
ef0cec05
f7fa02fb
040b1a09
050ff6f8
f80e0b0d
fefef5f8
0a04f404
fefde6ff
ff07000b
02000b01
06fc0804
0907fceb
0303f9fa
0c020005
f507f2fa
0ff4f806
fefdf3fd
faf40200
f8030805
f8f30eeb
f9fd06fe
fc161200
0900ef05
060814fc
fb07f9e8
090ffcef
e3100309
020912f5
02fbeefb
fd0a0df9
f901fd08
08fdf319
fdf5f008
fbfcfafa
0009f10b
ec15fe05
0cfffe0a
fc110afd
05000b16
0b0605f9
f9f9fb01
f8fb08fd
f2fc07f9
fcff0808
0e08fa00
0603020d
f8fef910
f70c01f4
0d050508
03fb0ff8
fa020df2
070e01f7
fff9f6fe
000cfeef
0505f9fd
f9f9f80d
f9fe01f1
f80407fe
fb0703fd
fbf802f4
00fd09fd
fb0afbfb
f2f00202
fc0404e3
fefcfcfc
0c0bf501
091612fb
eefdfc0d
f0fe0bfb
f20f140d
05fdf807
f3fefa0e
08fdf401
060102ff
06eef40b
11060c06
f90af905
08fe03fa
08f712fa
07fc0bfa
0310f7e1
f6150900
f808fbfd
ff04f4f1
fdf6f40b
f3fd0209
0f09fb00
061af7ff
ffffff08
03faf102
ee0601fe
fe03faf8
f5fefe11
fafdff14
f909fdfe
0204fcfb
00040407
f0050609
0deefbfa
0e050b0c
05ec0eec
08080501
04f6f7fa
f709f2fd
08f9f8fa
f5fbf6f9
ef0c09f2
07f20f0b
03e508fd
eb0a07fe
0904ff00
f603fb09
ff010007
08f3faf2
06eff210
fc13f8fd
0f05fdf4
13fcf601
010900ee
0304f9fe
0c020a03
0ffa0804
00f5070a
f501fce4
00130500
06ffe9f1
fcfc0209
0108fffd
0d040016
f7effa09
07030304
1c1af70b
f7050006
fdfef7fe
fffff911
f8f40811
010bfc01
0007faf4
0bff0302
07fb03f1
04080408
0b090202
ec03060a
090a01f9
0806f705
f7f3f70a
160407f6
08fc0a0f
f9f2f605
01f2fa0f
fc14f408
01f6060a
0107fc05
fff804ed
01090106
02060ef9
f500fc01
f9ea0d12
05eafc02
0f0207f4
0cf512f6
0df8050a
fce8f307
020107f6
f0fb09fb
eff805e7
ee05fefb
090209fb
0bfbfa13
f6ff030e
fdf50409
0dfe07f5
0a0a060f
1406fb12
1502fd08
fc0afafc
fa00f0f1
f7f3fd11
0ff90ef4
07ff1609
0dfaffeb
f7fc0700
10000b00
ff00fffb
faf8fdfb
fbfe0c0f
13fa08ef
fb0a02f0
fc0d0a14
11040c0c
1404ea03
fffa09fb
feffeee5
f90707ee
09fc08ec
0b00fd0c
0208ebff
fefe08fa
00f2f30a
eff707f3
0110ecf9
f3020506
eef6ff09
eefdfe0c
fe08020a
f3f005f9
000d0700
fd0001fe
0dfefb08
0008fa01
f1fbf805
010c0e0a
ff05ff02
040708f7
01fffcfe
0bf4fdf5
01f8f5f6
ea0811f8
fdf30304
04fefa00
08f4fefc
10150bfb
03fd02fd
f6fef7f8
fd02080c
fefe0a00
fffb0213
08fcfa0e
06f90d0b
fdef02fb
07e70008
fb02fd04
f7efff0d
f8060812
05000903
04020b0e
130afbf3
f5010b00
faf90404
f104fd01
f204fb09
f212030c
f00605ef
03110903
0312eff3
fefefc0c
fff7fef9
13f6000b
0df0010b
f911fd0a
0101fe01
0304fd0b
09fef905
f9fcf509
03f3fcfc
03fa0209
e5170bf7
fb040103
00fe02f1
f215fc01
0efdf7fa
07f5f900
fffa06fc
f509f1fe
081a0401
0001ff07
1b02f90c
00f8eef6
fa0a0510
01f80301
eef200fd
18fe020d
04fb040b
050fff04
0ffcfb06
0501fb05
0406fcfc
f804fcf9
e8f60000
0a04fff7
fb0400ff
faf5f914
05fbfb09
f709fe0e
fefff50b
f60600f5
fc060110
fcf80800
fb06f3fa
0401f30f
00f8e9f5
01ec02f9
ff0c0a11
08ff0dfb
e90002f5
030707ff
0af9ff0b
fc0cfc15
09f8f7f0
0e00f902
f705f701
fa040b04
1811f100
f0fbed01
fa00fef0
07f5ff0c
03f6fbf3
0701fa00
01f50903
0aebff12
060508fc
f107000b
f60ffffa
f5f907ff
04f307ec
e805f908
0301f4fc
eff80602
00f80bf4
eff6fd04
fcf1f90a
0303f0ff
f1f6fe04
000cfefd
0aecff06
0b05f4fb
fbf8fdfd
04070009
000800e2
0403f7f0
0a04f601
060a0c03
09fbfaf7
00f2f708
06070209
07060107
faf60eff
fd0c08f8
f8f1f8fe
fdf70704
fa030f05
fcfefff0
04fff8f8
fc0e14f9
fdf60d05
fb05f8fb
0cfe02ff
f8f1f6ff
fd040001
01f70604
020dfa02
f30f0cfb
0a080701
f003ee0f
f302f3f9
fe16f2fe
0afcf201
fef9f7ff
0b050013
f9f50614
fef0050e
0608fffa
ff02ef0f
f5f308f3
0a060711
08ff0bf5
fdf8060a
0fed08ff
0e0313f5
020210fc
eff5ea03
050bfb00
fa04f80e
f702f0f6
1cf8f4fe
03fdf100
06f80cf0
f721f7f9
0cf8fcf3
ff11f504
f5050cf5
07fcfef3
fbf5f304
fb06fb0d
f605fc02
f20910f6
f00b0009
f7fafbfc
edfffd14
f1ff0d07
14ef0007
07f8f607
fc070509
0202fc13
ec0e08fc
fd0f0cfe
f7000508
060f0a0b
ff200c00
e8f710fd
070e0c09
f909fa08
f3f7fff0
f904fafb
0402fefb
08030308
03f80303
fc0af70a
fe05120b
0afafc03
0af60af0
ecf911f8
fdfe001f
16f904fd
fe0c06fc
f9f6fb09
09f80c0e
eb0502f9
08f3ff05
f8fb0501
fcf8fff1
01020702
f80a0afb
fb01fafc
05f10b14
faffef00
0cfa0302
16eef904
090500f5
f200e7f4
06fa12fb
02fe1df3
fc08f8fe
00fbfbf8
13faf500
04fc0b00
06fcebfb
fafb0a0c
010802f3
05fe01f7
f4f903fd
f602ffe5
0010080f
0f0904fc
fbe9fff8
07160609
0f04fbfb
fe02f7f3
fe01fb08
f0f10bff
03ffffee
fbf00001
fafbf205
fbedf805
00fc08ff
e812fbf9
f001fa04
0d07f6ff
140aeff6
0af2edfd
09f10012
fbf9f8f3
0900f607
f0fc0c0a
fa0103ff
0f07f604
04070200
0cfb0209
03f50ef5
f7f7eef9
f8fbf90e
fa02ffff
0806fef5
fc05fdf4
01fd05f3
f9f2f909
ff040107
fdf9fb08
07fffefd
1201f0fa
0d06f308
e3081307
f1f7fb03
0907fcf1
f9fd0b05
06fa0310
f7f10ff6
07f7fffe
fa040108
fdf3f70c
0c0502fc
0903f3f4
ff00fd06
f303fe10
00ff0006
05081bfc
fbe9f2fa
07f20303
fffc08fd
05fff8fb
04f7f706
fdfcfc0a
02f60a01
f2fc050f
0e090f01
05f6fe00
04fcf700
06180a0b
f8fa0bf7
fb01fb06
0d0bf1ff
0c0b0bfd
0108f611
1313fe08
010203ff
09f6f70b
f1fbfe06
0301efff
050b0cfd
eff5f8fb
04f30805
0b0a01fd
e9fa08fd
0ffd0112
0500fc07
f902e9ff
f51303f8
fef0f102
0d030308
faf8fc05
faffff02
0efbf4f5
ff00100b
010afa08
0412f80a
09f7f807
0bfa0df4
0a0402f8
060306fb
fff7fff6
fef70c0c
f8fdf8ff
eb0bf608
edf70705
ff0bf500
fd060102
0cfd0606
06ff0c0d
fbf8f5f6
eef7fb05
fa06f1f6
02060d0a
ffe9fc03
fef7f3fd
0df4f405
f0ff0a08
01fb090c
060b1509
fd01fefd
f5010204
f500fe04
fa11ff07
11fe1914
0cfdf409
0d020705
00f7f8ff
ff0001fa
0508fbff
fafff007
0af717ec
ea00090a
0108ff04
16fc080f
0700ecfd
f7fefc08
09fc04fc
0bfd00fc
0d05f9ff
f6fbf901
0a0b0111
02010dff
fbfffff0
e900f304
0111f8fc
f7fde404
05040c0b
06070300
fb11f8fd
02ff18f9
fb0df8f4
0106f709
040bee00
10fb08ff
fc070507
11fd09fd
0cf20e08
0ffdfdf9
0c0c0307
0702090d
01eb01f3
0efdf904
041504fd
0906080c
00f906fd
00e7fa08
fc07f70e
09e9fbf2
f0fe04fd
fb090cfc
fff000fb
0308fbf2
fefb03f8
03ed010b
fe070afa
00f0f205
f8f60f02
f303f7f7
0018f604
f003f202
0701f908
06090d09
0406f4fc
0708fefa
faecf6fa
1008f2fb
010009f9
0a0b0200
00fd03fe
05ee0507
f40600f7
ef0508f8
04f3f90a
180202fd
05040508
f804fa08
090afef9
02ff0be5
eff7fa0e
f5f70af7
f9f7f604
00fcfb03
f3effeef
0cfe03fd
fdfb0500
fa0bed12
0105f706
0705fae9
f101fa02
030101f4
04fc0301
ff02f413
fffc0607
0b03fe01
1202fd04
f4fc0cf8
fc0104fa
f9f3f7fa
050403e9
e4fef706
0804fc01
0704f5fd
fdf6f905
0405eaf7
f702fa04
feec07f0
07070b15
fe10f8ff
0cfe05f8
10fdfbfc
0603040b
00f907f8
08fd01ff
ff05f702
01fd0a02
02160402
16fc03f1
f905f7fb
f9f7fefe
130900ef
10f90402
00ff0512
f90bf10c
0b0400fb
0902f50e
fcff0c05
f607eeec
07fd0a06
f40005f8
090dfdeb
fd090903
22fb020c
f7090007
f7040ff7
0bf902f1
f5f40bed
fafbf600
ed05f2e9
0708f6f3
0109f80b
fa0204f2
0308eff6
09f9fcfa
0400effe
08fbfbfd
0bff01f8
fcf214ef
140604fb
0305fc09
f80203fb
09fc07fa
00eef50a
0ef8f5f7
f10a11fe
f6f10b04
f911f701
03f4f310
120e0205
ff06fd13
00f8ec0e
fbf410f9
05f8fef2
0bebee09
f201f205
02faf206
f4050eff
100ff400
0e05150b
040a0909
f9eff611
f7f8fe0e
fc0a0003
1e08f609
f50afe00
f305fdfd
fc03010e
f50be901
05fcff0b
02fdff11
fef8f8e9
02ff07f0
0bf801fe
03ff0d08
f101fc06
05f6f6f4
0bfe0303
11ff0507
0cf1f2f5
01eef800
fe0bebf9
fb050210
ff04ff08
fa0001f4
010b08fe
fd1507e7
080505f9
f50711f8
05080008
f9fb01ff
0102fdfe
0a0106f0
f3050506
fc05120f
fb0efa09
06f9f9f5
0dfd0200
02130503
020b01fd
ebf30cf8
0100eef7
0af4fbfd
fe0206ec
050bf404
0004ec0d
f803fee8
fefd0402
0e05f905
0b030101
faf8eff0
0b050d07
0af2fbfa
f8f5ff04
030b0104
12fff7f7
f904f816
ecfde4ff
0206fd10
000c08f7
fe050c07
09f9f3ef
e90a030d
0b07f601
0f0a080d
f2fd0dfd
f9010809
031afe04
0e08ff07
fff0fcf7
f7fbf10d
f7fff7fc
ee090804
f609080e
f70e05fe
04fa0403
02ef0cfb
e6f904fa
02070510
0e02fc02
fe12faf9
0604ff05
fffaf903
04fff212
090003fc
0603fc10
00ed0305
0504fdf7
f4fbfdfd
0e00140f
0709f709
edfbf501
f3f4fe01
0307f50c
0c02f008
f8eceffe
09040f08
08f70609
0b0600f6
070d09fd
00030402
0a030a06
02fb0504
060a0400
fcf0fd07
050d02ff
0af8fd0d
03faf1f5
0309ff0a
fef0f3f2
0af9f4ed
fd04fd06
eeecf219
fd08fcf4
f703ffff
05040107
05f50705
02fbeef2
f1050304
02f8fdfa
15000205
110d0001
090cf6f7
f405fe07
fef610f2
faf60106
fe0ffe05
050b0011
0103f201
f6f8f904
f4fc09fd
fdf2f6fa
090efbf7
f602000e
06fbf0ec
fbf00012
03f9f305
fc0104ff
0300070d
00040101
13070314
020b00f8
f900fb04
0cfd090a
0204f6f9
f7fff8f7
fe05ff03
0607fe06
00fb0307
0dfe000d
faf40202
f1f21201
07f70206
f8fbfd04
f7f5f702
f7f70902
10fe0b04
f00709fa
faffff07
0b04f9ff
04060c0c
fd0bf4fe
0c05f400
01ff09fd
0303e7fa
06091004
fef41af8
060408fc
fc09faf2
00fd02f2
0e01f606
03fb00ff
0efffb08
f30907f2
f70ffbed
150000fe
0705f800
f6fafff7
f2fc05f9
f4e2fa04
0f1afdeb
fcf7f7ff
0c020d00
0d02eefc
fdf80707
080800fd
01fdf9ff
0608f9fe
fa05060a
03ef06fa
fb0411ed
0c0efc02
0206fa03
f3f1feff
11f7f2fa
0cfa0701
060d0702
04fdf714
fc150500
edf9fb05
0b010d05
09fcfff6
f50e0500
06fb03ff
ecfcf7f0
080b1414
ebfdfc08
f9edfc09
ecfdef06
f9e801fa
090efb05
03f4f20a
f700fc06
070e02fc
07070209
09050af8
01fdfa03
fdf8f7e8
fafff6f5
06ffff0c
080c01fc
07f9f4fd
f1fffff3
f8f3fd0d
04020e04
f00a0efe
03fd05fd
020cf906
0dfd0209
15060d05
f9f800f6
0cfef300
05fbf806
0201fe0c
0b0304ff
f80202fd
fdf5feff
fefaf9f4
fa0a0f08
0605f300
080601fc
fceff6fd
f00702fb
fdf4fff7
070303fa
090403fd
03f9fdec
f804ff08
04f60005
0200eefd
05feff05
02f7f107
000908ff
00f60cfd
ff080914
fd061b08
f8021508
ff07f505
eb070207
f2050400
f901fb0d
fcf3fbfc
f1fef409
01f6f307
04fff107
0906faff
0aef0d16
0b07050c
0800f4fe
04f3f7fc
0df900f9
f6fc1609
08f9f204
fcfb0701
0a0d09fd
03fff903
03edf8f1
000afa02
f90104fc
fd06f0fa
0cf7f808
fa0af307
fffc030d
fd04e5fe
ff05e609
f80810f7
051208fa
0bf713fb
f8fbfd09
f6020c01
0b000910
f7001200
f90503fe
0dfdf3f9
f6f9f5fd
fa0df7fd
0f030fff
f6120800
fafdf505
06eaf201
ff000c02
f7fef3f7
0c07110f
fd14fcfd
0504fc0f
faf7eff4
f4f5fb04
f5fd06f4
fef0f8f8
fefcf102
f3fcf705
0c21f9f2
f4f00306
ff090109
01030208
fbfcfa0c
ec000702
f7fdf6fd
0b0509fe
0bf6f8ed
03fbfe07
07fd0f0e
07190c01
f105e707
14ee0bfc
09fa0af8
09e8fef7
f8fcfe04
080403f8
01060809
faf70e00
effbf403
0bf220f5
06eff8f8
f40fffff
010e00ef
fa02090d
00030a03
fd09fe02
ed020312
14fbfced
eb07f7fc
efe7f605
f5fdff01
0efe02fd
f8f8f809
010f0901
12eff4f8
fa11fa00
f5ef0100
fcef061e
f3fd07fd
f4fa0dff
020ce7f8
fa0b0301
fbed0cf0
fdfd100a
0c01fdfc
fd040e02
0cfc12fb
fbfe06f9
0a01faf9
e802f506
fee71500
fa0a120a
03ff1011
f70ffff7
f602040a
effd0006
000afb02
f7fafc02
fff4f506
1300050f
0701fb02
00f909fb
060de602
0bfb0306
10ef0b02
f5f40004
fb0adf05
031100f7
06f7f308
faf8e6f4
fc0605fd
f700ff04
f209f905
f404f408
07ee04f5
06ee0412
0901ff00
fc0e0311
faf3f816
01f10707
f3fe1702
0302ffef
ff01fb01
f9f60015
ffffeeff
00faf2ff
08f5040a
0ae6fa11
0dfd0307
04fefe06
fcf2fe0d
0afe0202
080e0bfc
0eea0604
f7f9f8fc
0bfefbfd
f8fbf701
0ffdf606
ed0600f9
070208ff
00fafcf5
f904fcf5
00040d04
f5f9f706
fff60cf7
fafcfcfa
fd05fc02
f40cfcfb
f30605fe
0809fdf2
fdfefbfd
10ffeff3
fdf5ef00
f6f6fff4
030305f5
f408fe08
fbfbfa05
f70c0505
0d02f7ff
0bf50cf9
0cf40104
f607fe01
08fbfffb
080ef910
fb1404fa
0713f5f8
0109fcf6
020bfe0d
0504fc05
070907f4
faf5ff07
fafff7fb
09050efc
0ff903ed
1506faf3
12fb00f2
fc080714
0afb07f7
01fd0efe
fc100308
fd0407f9
fe03fefa
0b04fbf8
04f5fa0e
fc0b07fd
05f1f401
fbf6f114
0e01ed0a
0904f5e9
f50809fc
00fbfcff
f1f3ecf7
f7f907fd
fffe07fa
09fefdfa
02020a01
07f8fef0
0afd0004
f6fe03ee
0b0401f9
0c07f9fb
fd00f8f4
1dfaf604
f7000e0c
ff000e0a
06f2fc04
f40df006
fd00f8f7
f70203f0
06f7f5eb
fe1904fc
0b0d0900
faecf3fe
f9f1f4fd
0911f8fa
f5fc0af2
f90118fb
fcff0600
00eff6f2
0d000401
f9f40703
fcfb05fa
fafd0dff
0c0efc01
0f0101ff
f7e90401
02030300
ecfafeee
08fffaf9
fffb0103
0afd08f8
00fffa02
15f8e5fe
f3fd0fff
09fbfcfb
0a11fc0f
000206f7
11fb08f2
f304f2f3
f405fa10
05f9fefc
ef070df9
02fa0510
08080902
f1fb03f1
fc01f4f5
0704fd00
fbfffdfb
110603f4
fff50302
1002130b
fb08130e
00fb0c00
0cf3fbf7
fc0300fb
02f8f8f4
06fc0bfa
08feeef6
fbfd0b0b
0905fb01
ec0ff90a
fe00fafd
f209f70c
f50a05ff
fdf211ec
0c060bfc
0efc010c
fdf00209
1809fb06
130a0502
fd0ffbec
08f106ee
06f6f909
fbfcfefb
f70d08f7
050c06f2
fb010a0c
0fedfff8
fe0200f6
09fcfa01
ee01f406
0ef4ffff
08f20ef5
01f3fceb
f801fcf6
02f703fa
f40c12ef
0805fff9
03f30909
ecfd07fc
0aff16f8
fcfdfdfe
09f1f908
0800fc03
170bf802
0b09f401
fbf5f1f5
effbfcf6
fbed0f05
f702f8fa
00f3fd06
fbff0a02
0c04fe12
13f8fcf6
12f4f0f4
16faf706
19f6fdfa
04feeef5
f9eef8fe
180cef12
0a09030d
edf603f0
f504f606
f8ff0607
f3fb04fa
090a0106
f0f503f2
fc01f802
0804fe08
f0ecf911
0f091108
090df9fa
f1fd0306
fbfb000b
03f4fc0a
020a090b
f9ffea01
0904fe0d
0e0af4f4
fa1000ee
fbfefffe
00fdf6e4
000e1911
fc07f9f4
fcfa0a04
050a020d
07fd10f4
07f70203
10fa01f6
effefefb
02f602ff
0c070504
ff01ff0e
02f5fbf9
fafbfa07
f104f7f2
f8ff060c
fc10fc0a
070bf803
effa0e01
fcfdf7eb
0efb0d01
0b05f6fc
010cfa07
fd0102f6
03f711fb
15f302fe
020d0310
fbf20006
fcecf9fc
12fc0505
f7ff0600
f1f7f903
fefd0304
fef907fc
0503fd04
fffc0fff
00f7ff00
0802fef5
0013f9fd
0d00f70e
0e08f5fb
06fc0406
09f3fd0a
0afcf2f7
051200f1
0ff2f6fb
fc0c02f1
0c0107fa
04f50e08
01f0ffff
00fb0c09
fbf806ff
051109f0
07f40405
f6fe0c0c
fffb0bf9
05f7fcff
040dfafb
fa07f7eb
0f090b06
faf9f4f6
f9fb0608
11f2faf6
0801ff0b
14000c03
fdf7f306
f40b0110
fefaf503
fcf819f2
03e80712
f7fef80c
f70c12f7
fbff0af7
fcfcf401
f9f80009
fdfd0207
f9fefd09
060107ea
fc05fc20
02fafbfc
0cfe030f
fa020af6
f1070a03
f200fef1
060b0506
08faf810
06fbf201
01fdf803
fb0402fc
10000619
fef5f802
f6fbf1fc
0af8020b
0f01edfd
fb04fafe
07ff0506
0a0c040e
030d05fe
f007f00a
fa0b0215
05f8f5ff
0ffdfefc
fcff1207
09f20705
000203fd
f00cfefc
04000205
fb0b0207
fe0eee14
04fdf7f4
ff020efe
0e0306fc
f8fdfdf8
efecfcfc
06f7e7f4
f9eef202
00fd02f9
150007fe
fafe0205
100703f8
fe060802
fbfc0607
f401eb01
0303ff17
0bfb0ff1
f3e10b10
0d00f3fb
09f6fd0c
11f5fc0c
fe090b12
f913f501
0efdfef6
0103fd08
f6faf111
17ff0c04
f2fa01f5
f9fa02fe
0809fafe
f5ed0b01
060cf50c
f3f7ff03
070005f2
fa0a03f7
0d12fdfa
03001814
fffc05e9
fc00e801
fb09faf6
f900020e
03010df5
fe080700
f302fc04
fbf509fc
03fef504
fc050208
03010104
01010904
fd0906fa
f701fe07
070706fc
fd04eaf9
eb091405
f60dfafa
faef0afc
fe05f1f3
fefb01fb
fcfff503
0b040a08
fc05fdfd
f8f2fc05
ef011705
1af3fb03
fe01fe15
f9080607
f10409fb
0eea07fd
02070d01
04fbfefe
ebfcf002
fe04f7ef
06f4fd03
02faf408
ff03fbf6
0306fe07
f5fff914
00110604
ff130309
fb0106fc
ff0d05f0
0c08fd0d
00fdf500
090eed07
02f8f7ff
fdf30603
00f9fbfd
f80df30c
0609f8f7
15f3fb0a
03f5e706
08f3110d
f3fdffff
f502fcf7
f50afe11
ee050df5
0604ef03
0100fbff
effc06f9
fd0a1203
050efaf5
000f04f8
07edfaff
010b0909
eef201fb
03f8fdfc
f1effa06
06ff00fc
010af512
0608fd04
01f11712
f7040d0b
fa0af713
07f60901
0000f8ff
f9f70c09
fc14f3fa
0af9fb00
05fffe03
fd0e0b01
fb00fff7
0100f306
e21009fa
f70a01f7
fb011102
040303f9
fdf5e9fe
09fb05ff
fb070411
080505f8
01f5f6ff
01fa0ded
07f40dfc
f70a0904
06feeff1
f003fcff
070a0f0b
fef6ef12
fa06ffff
faeb0411
f808f1f6
fd12feee
080f0610
f1f4e004
04050aff
01fff7ef
07eef402
06fffff5
f6fff2f5
f0faf102
faf7eb19
fef9f1fb
fb0f090b
05080f00
05fd0700
03060afc
fc0ffef2
01f3ee05
14f6080b
0c08f4e7
f3eff90f
fafd04f4
0f03ff06
05fa01fd
ea07f6f1
fcfc090f
fff30006
01fdf9fa
fbfefbfe
eef8100d
04fc1106
00f80202
f504fbfd
f902fe0d
e8fe00ef
04fa110f
0be2070d
f80efbed
ebfafff0
fe00fe0d
f9fc0c03
f9080006
06f80801
010d10fc
f6f402f5
f3fb020e
00060f03
000a0fff
fd0208ec
ff02fa09
0afffcef
ed0afd02
1006f9fe
0e070b09
faf702f5
0cfd0807
0003fcfd
fcfc080c
040004fd
f7f904f5
0204f901
fe050700
0c0b08f8
0a02f7f9
08f80900
05f5f8f0
fb08fcf9
f60cf609
f20d07f5
f0020c0a
0be803f8
04f3f30f
fafc05f9
fe0706ff
f2050d0d
0c0200f9
02f50afa
fb0d00fc
f3031003
0403fbf7
01f4f6f0
fd04ff04
fa070d01
f9000bfe
fc03f703
f5001605
f3fb01ee
fff5fef9
f70bf705
fbfb0bf4
fcfb04f8
f0f9f1ee
09020bf8
07fa06f8
010801f8
f4eaff00
f60108f9
0cf30208
ef0a1c06
01fd020a
05f60107
fe0df605
08fd0e14
f7ee00f7
0a0c0600
fd00ff0d
11fbf000
020afb01
fef900fa
fd0efd05
e9060d05
09fdfcf9
f9eb0512
050ffcfb
0104fd04
f5f902ef
0efcfbf0
01fefbff
100ffbf7
fcfdeff8
f7010911
02f5f904
f0111316
0807fb02
09f8fa05
fcf4f212
010a07fd
00fff8fb
06f9050b
06faff07
08f30809
f9fc02fc
01fd05fb
f41105f6
0704ff01
f8030dfc
03140906
15f90108
06010b0c
00fc1100
0708ff0a
0aed00ff
f4080107
f4fbf304
fa0108f9
08ff0bfc
e9f40e0e
faf1f314
f7f504fb
f41cf806
f3020702
eff91003
0700f002
0908f903
f902fa0b
01f5ff10
f2fffc0b
fd030402
f510fa00
f2ef0d07
fb0e1608
f6effff9
0201ff0a
f9fffefa
f4ff08fe
f802fa06
fafd00fd
fc04ecfb
00faeb04
fa06fe05
f5f7fc05
fa01f800
070403f6
060913fd
0a000a03
dffc0e01
08fefa04
f1fcebe8
08ff0908
090502f1
ff060f02
08151403
f8f10900
f501f4ff
0a0204ff
f300f900
01fef8fc
000904fa
000bf6f8
fb0d0c17
06eaf8fe
0804fff9
0bfc1006
070bfdfb
0e070407
ff05ff09
06050403
07f6f4fa
040508f9
040b1602
07f6e906
f5ebfe0d
fe0afd07
fafd05ff
09fffefa
f8f5fa01
000e0303
0b0b0dfd
02ff00f5
070002ea
f5fe00fd
0df81103
f7f3f910
faf6faf8
f3fb0705
07f60606
fb01f5f9
0d07ff0b
040902f3
f6f8f408
f209f40e
e6f6f608
10f20bf5
fcf4fc12
03fbec03
06ffed03
050c0409
03041af8
01fe10fc
fdf2fe01
fbfc0111
11fefbf5
fcf11001
ef04e9ea
0b09f602
05fd05ee
01080ffd
0309e8ee
f51af6ee
02150900
0102f203
080bf2f6
14effc15
fcfb0d07
f8fff910
06fb0806
0cfefd00
f6f703ff
ff03fdf9
07fffdf2
f1f8fc06
f9fe0efa
f6fe1603
0502efee
f60604fd
00f00a00
0e17ee03
0a03f315
00f612fb
feffeefc
0c0bfdf4
0108080a
f403fef6
f50f0205
0bf7fe0d
08f30504
0afdf4f5
08f80302
021a03fd
f8f5f5f5
f9ff0c03
0cfef807
fffdfa0c
f3031005
090c0a05
fb03f5fd
f1ef0b01
06fffaf4
03ff08f5
feff0a12
f3f60608
ff050afc
f805f4f1
0802fb05
00160005
080bfe07
f30c070e
f1ec0b00
00fd0208
f1fe080c
fcfcf300
0e03f70a
0ff1fdea
04fe0208
03090007
0bfdfa14
080bff0a
fd0f0211
fff80603
1006f90f
0af5fc11
f2fafffc
10f101fa
fc0b11ff
02fffbff
f9ff0602
06fd02f0
05f501f9
091c05fd
ff010201
09fffe00
06091209
0802f218
f2f7fb05
fd05eefd
faff0df7
ffecfa08
09fdee0d
0ffc0b00
0002fcfe
f9f7f9fd
ec0304f4
03fafef8
02fa00f8
04111902
ea04fffd
f60006fc
0610ecf2
eff6fe0c
0af8f204
0006fe0b
0304f507
03040303
00f504f8
fdf8fafb
0504f906
f1fa0816
07f70501
06f7ebf2
070e0309
f9060efc
ff09f405
f9060fed
02040500
0efffc0c
0b02fcfd
13f8fdfb
f709010b
f30c01fb
04ff0003
07fb13f3
0aeff8f4
1801ff19
09f703fb
f40f0c03
0005fdfb
01fc0b08
110df5fa
fd0e1101
1208faff
0d01f3fd
05f40005
fd0404fe
0e0501f8
0914f6fe
0f03fbf9
fa020d00
04fbf000
00f6fffc
fc09fef0
f908030b
fdfbf5ff
11f61205
0a10ebeb
ef020104
04eafa08
010e0f06
1606ff05
eefce7fb
f9030af8
16060dfe
faff05f4
ed0a0400
040b0200
fc11f6fd
fe040110
0e0307f6
f80cf4f7
00f5edf4
f906ec03
07fe07fe
06020603
fcf9f6f8
1301fdf8
170a0cf6
00fb05f7
ff110d02
070800fa
03020c07
f9fa0713
f40604ff
effafaf7
14f80bf5
12120700
f50607f8
170ffafd
f5fffbf4
f301050d
04eb03f0
06ff0afc
faf9fa07
0ffd0900
f7f8f3ff
0007090d
0914f601
01000a0c
edfd01f8
13fef303
0103f20d
fa03150e
06ef0705
03080efb
02ff0205
070704f0
0002f30c
fdfbf4fe
06f2fdf7
f4ff0512
fd0504fa
f505f6ed
14f60007
fef2f9e5
fd050c07
07fff302
05fe0602
e9f3f6ff
f903fef5
070401f3
0a04fa03
0cf3fb05
f6e8fd0a
0efef20e
05fbfffe
0ef309fd
0afd0910
fdfbfa10
110a05f9
fef40bed
f808fb0b
f810f504
080af2fc
f9f610fd
fafef407
05f30601
01fdfb01
010c08fa
040400ee
01fced00
ed1312fe
19fcf515
00f40f0d
f306f307
0dfbfb0f
f8f61108
ff02f1ff
06f0fefe
02f5f40c
f3fef8f4
06f509f2
eefb08f9
16f90007
00fdf311
0b0901f8
ef0a06f5
f209f600
01f9fc00
09f4f6f1
f2fbff0c
fc0c01f1
0a07fbfb
fd02fcfe
f0070802
fcf31e10
0dec0e08
ecfc090e
fd07fc01
ec1a12f5
f807f806
f307f907
ff06fe08
01fc120b
f714fdfa
07041106
0efefcf6
0afdfbfe
02fc0af3
f0f8fc07
f8f7f004
fefbe40f
03090303
0708fffd
f5090a07
ecfe19f8
fe0c04fc
f40b0506
0bff0302
f20c0af9
05edfc02
04eef9fc
080c0d0a
01fbf204
07fff900
040104f3
07ffff04
fcf90a09
04041701
e803f50b
ecf700f7
050506ee
f7060b02
faff0e03
0df3edf1
f908040a
fd0dfefd
0111f6f3
fb0705f2
fdf0f4f6
f3fd0306
fc0a0900
100607fa
f4040d08
fe040104
0cfefe05
0506f50a
0304fe01
0bf00d06
03f8fff2
03ec07fd
00f4ff06
f70c0b0e
f7fcfb00
07f20cfb
ff07fe00
fd07160e
f9fef3f8
f5f8fb15
0aedf8fc
01061004
fd0afd0c
03fdf104
07070100
160803f8
0afefa01
010c0de9
f2f4f909
f3020601
0c050400
01fd03f6
f7f106f9
01fefc08
fcf90b06
ff0104f5
f5f406f4
0106f8f9
f90709fa
ff02f7fc
f8010202
fdedff03
fbfd0e09
f4f2fd04
0401fe12
fa020903
0d0dfefd
f6f90c08
f10308ea
0a04fe06
05ffff06
0a0905f4
00f905ef
07e80108
f8fb03f8
0bf60603
fe1100fa
0a060903
0004fe01
180008ee
fdfef6fa
fa07fa0b
f5fefffb
fe0efb02
f805f701
edf20b02
0b0700fc
01f3fdff
fa04010e
010c0e00
06f400f7
1cfff9ff
03f90402
1305fcf1
ecff07f8
f9061607
04f305fd
010003fa
f70ef703
fd0c0f07
f304fb06
06fa050c
fcfa01fa
0a111407
02fd08ff
f20109ff
f8050806
07080203
eeed07fc
0311f107
040f0903
f2f6f202
f60bfb0d
fb0801f8
0510f7fd
f901fd03
f5ecff15
0cecf2eb
fd12f4f9
08fdfd10
f4110013
ff030216
f4000702
f8f8f812
12fafa08
01f6fc06
09f6f807
f6f60bfe
0df807f3
f604020f
01fbfb07
000002fb
ff07f800
fe07fffc
02fb1201
07fa07f9
000af9fa
03f8fa0e
f3f7fb02
0300f714
f3f1e00c
05f4f903
00f20007
fffdfdf8
0203fefc
0700fae5
f300fbfb
0102f808
f8ff0d05
f80b1602
f5f1fdf4
0e090c09
0bf8ffea
0909fff6
f6030e11
ed0a1207
fb0406f6
1406fa03
01f8f4ff
05f8f606
fd020303
fcf5f0f5
fe17f708
0b0804f9
fffc0808
ef05f904
0203fefd
14f50201
03000cfb
fbf101fc
fcfb0417
040b00fc
0a0febf9
f7f808ff
01fcec15
05fcff04
f706f5f4
080c0b04
0a0205f7
0efc07fe
faf40002
14e90e0f
0906f910
fd04fee6
050600f4
f8f217f5
f6fafa06
fafe17fe
f40402f4
f8fe05ff
effd0f0a
0213ef03
05080008
0af00105
f80b03fe
fdfc09f6
03fd01fa
0004000b
0901f1fb
0700f911
fbebfb00
fa00fbfb
03f2fb00
f40dfffb
f600f2ff
f8f30be4
fe010604
00f6fe10
03f400fe
0305fcf3
f8fd0f01
f2ff10fc
f3fef3fa
0104fb0f
f8fafc04
fa0706fc
f5f908ef
fd050800
060b03ee
0600fe03
010116ff
0803fe01
05ee0303
0be51106
06fdfeee
f9ed06f1
00fc01fc
06f8fef7
0704f3f7
fb07fd12
f20e0a0e
080deef7
f8fcfafc
1004fafb
0e0b0cfe
0d0f04fd
07fefa0a
f7181401
0b00fff8
0501fb0e
03f105f8
f4f202ff
f4ecf3fa
fefffc06
0a02fc13
f7050003
1905fbf2
fbeb05f5
f8f00007
02fbfe13
fc00fbf3
f6f003fe
f8fbfa0a
0204f3f9
ee0bfbf2
00fcf905
f3040007
f3faf1f5
f5fe07f4
ee0c0d09
0503f4f0
1306f608
eafe0afc
0808fbfd
fffcf7ff
f3050201
020dff10
000af702
05f500f4
030b0700
fbfd0dfc
060bfe09
06f80004
0cf706f3
fdf70701
06f6fbfc
0c0607fb
f6faf008
0504f6f4
0501f800
01fef201
03e6fa0c
0c0cf00a
fcfefa05
f7000600
03f20008
f300fa11
0000fefc
f3fa0801
f8f8060c
ff0415f9
07160906
0607fe04
fafce703
f5fded08
fa000002
f505f5fe
fef4160c
06fff6f7
fe0108fe
07020a0d
f40bfa08
15f306f3
fc000600
ecfd0cfe
f7fefb11
f9fae6f6
f9f80101
effd020f
f5f600f8
fd04fff7
e20704fe
e901fdf5
02ff0bfc
01fa0307
0a0703f7
faffe403
f8000a07
060c0603
0702fefc
0a07f0f0
fc07fe05
03f805fa
f51403fc
03090902
10f80af8
fd0609fe
07ff0901
03050601
ecf7f410
ff10ff1a
fa12f9ff
010302f7
fb0bfff9
0501fd10
00f009f9
04ef07f3
0dfb09fa
fafbfdfe
feea01f2
fcf4fcfc
fb0d02fd
fd070906
03fbf312
fb0300fa
fbfe03fb
f71105ee
f7f30bf9
f2020004
050af807
f2fb0af7
f7fef2f9
0506f60c
f8fafcf5
f4ff1100
fc13fcf5
fff7f40c
fa01fffa
08fefff2
f1000af8
f9fbf807
03fe1203
fef1fe04
01f301e9
0d03f80b
04f8e7f5
070300f8
fdf6050c
f21607f2
141f0705
f1080bfc
fd0ffb02
f30a0d06
fc070504
10f7f90a
f511f2fe
0a0604f8
00040c08
0915fafd
06060c02
f3040702
fd000905
02f20200
0203f9f7
0002fa0b
fe08f708
0bf0fff0
05eb00f3
030bff0b
05f9f9f5
00f80d03
03fbf8fb
fcfe0b06
00fedefd
f50a00fa
0201f7ff
feff10fa
05070ef6
f50efffb
05f70ef9
10f4f710
0504170b
0005fdf6
0c0afcfb
ed0d0c08
04f20212
060ffa0a
fb010212
fc1400f3
07f902f4
01fffbff
050fed10
f90a0a0c
150708f6
18ebf7e2
0509eefa
1401faf6
fe0dfff8
030bfffa
fafef409
fff5f20a
f5f3120e
02f9070a
fbf4040d
040b0d00
00f8fd08
07f3ebf4
04100302
f4ff08fe
0202fffc
fcfd0105
f7f000fd
060bf505
fbfdf204
060b0906
0506100a
f10503fd
ea09fe15
f6fdf202
f80af6f4
0efdeff2
fafef4fd
150ef6fc
0403f5fb
02fdfb07
070502fd
ee040aef
f7fefb02
050e0908
fd0e0805
fd05f308
02f90111
fb0009fd
fc03f9ff
fdf80b04
01fdff0f
f7070108
0b0afd09
fb010ffc
ff150a15
08f000f4
f5faea02
fef4f9ef
07170bf8
f601fff8
07fb10f9
05fefbf9
f5fafa01
0f070902
f505ec03
f907fdff
f4f101fa
0ef70e07
03f30cfa
f3fff70e
f8fd04fc
f6fcfb01
f7f5fa00
fb0705f1
00f8f3f4
f501fbff
fffff810
200ce9fa
fcfdee0b
f9fb040d
0204fd07
fdfdfd01
0500e9f1
f7fff8fc
fcfd00f3
f2f1fa0b
08f3fcfa
fb0bfa01
0afbfcfa
01010afb
f2fd0301
02f4170a
010c1012
05f4fe0e
f8f71004
02110803
ef1bfcfc
fbfe0ffd
01f607fc
060b07ff
f8010604
130a0701
04f8f5fb
04fff0ee
0a0105f2
00ff0008
09f603f3
fd03fc03
05fe0f00
f808000d
f20605ff
f5031202
fc0bfb04
ffff06f8
f40105f5
0bfd0420
050e11f6
24170810
0ffd07ed
0afd0800
1017070d
16fd0408
fcff02fa
f00110f6
fefef6f3
03f7fb0e
0dfdfc14
03ff01f1
05fc0104
0005ffff
06f9040f
fd0311fd
f5f908f7
0102f501
f80b1013
fbfdf807
fc08f3f0
06fdfdf5
13ed0500
ebf2f605
fa00f9fd
0bf1f0fc
fcf20e01
f6f11cf6
f4ee0c04
ff0508e8
04ff00f4
fff20af8
12fb0901
f10bfa09
120411f7
0df9fd00
fcfaf305
02fd0df2
f8f8f004
0cfe0406
fdeffa15
f3f7f002
f5f40108
0b13fef8
f50cf906
05010ffd
0604fb03
fe08f203
0108fbf5
01fff211
faf2f602
f2fd00f9
fe0f0ef0
fc080b09
f1eff806
00040105
f7f70001
fa0d0415
06090a00
f7f50108
f5eeeff1
fff70ffb
04f5fffd
f4000afb
15eef305
01000c04
f0f9f9f5
f609f90c
00fbf6ff
f5fcfef9
fa080100
fefdf8f6
05030e07
0800fd08
fe01ef07
fc101201
030afb11
0b09f700
04ff0ef2
e40200f9
11fd040f
17f80f0e
fef90e04
f8f6fcf9
f200fe0a
f90bf901
f4fb0103
03f40108
fb050108
04faf5ed
02fd1109
fdfc0107
0ceffe0f
ebf80efd
fd02f2fa
f3f510f9
f9020501
f9f3ec0b
fafcffec
00ff0204
faf800f1
0af9f2e9
14fdf0f2
fcff0103
fa14fafd
00ff0207
0507f71a
16f4f1f6
0201f907
0702f905
0007020d
fc00050f
fdfbfdf7
0504fdf7
05f0040b
fb000504
f20407f5
0bf2ebf6
03ee10ff
040e0b0b
04080503
f706fffe
f8fc0cf5
07fbfc05
08fbf506
fa06050d
09f91005
0307fe02
fdfa01f7
ee08f1f9
ee0ef7f4
f608fafc
fd10020c
02f7f101
0a000600
0707fcfc
08fa0406
f10ffe03
fd0cff03
f5f0fb05
f408ef0e
fa000408
edfcff00
fffefe08
05fbfddb
0004fb01
070400ff
030a0c04
030000f9
0002f4fb
01eff2ff
09010a0b
e90308f3
f3fe0a0a
f8f3fe0d
f910fb02
04010908
f8000cfc
f5ff0afe
f9fc0bf7
fd060304
01ff0302
f8f10103
06fa010c
01001818
ff0b0bf7
f303f7f4
00fe000a
05f904f8
ec00fe10
f9060407
f800eaf8
f5010001
f5fc0505
fb00f3f9
fafa0810
fb07f9ff
ffe8fce8
fef2fb06
f6f0fc07
f903fe03
060d01e3
0ef8f7ec
0cfaef04
f0f00007
fef8fb18
fd070f15
fcfe0b04
e9fb0302
04f8070d
fefb0d07
0eeb05fd
faf601fe
fafffc00
f307fb08
f9070908
020e0102
f1fb0105
fcf10af6
09fefdf6
fb0cf803
05eeff04
f1ff18f7
f4030dfe
f5f903fd
031d06f3
f5050912
fcf906fd
fefcfffc
ffff0202
0a08000b
00fd02fb
f8f011f6
03fbee04
f5ee06f7
ed01020f
fdf901f9
fa00f508
ec0100f5
03fbf80b
fff40707
fef9f90b
0004040d
0beefaf5
05ff0002
fa050bed
0d0414fb
0cfdf600
08e5fcff
0204fe07
fff301f5
faf4ff00
fff9f5ff
03fe03fb
05f1f4fd
0112f902
fdfb0502
060901f8
fc1b0bf6
01fbf410
0a06fced
feed0601
f80f18fd
f706f20a
080e070c
01fefd03
0c000207
05f503f6
fefe0cff
0fef05f6
fff3fbf5
ff0b0a06
141700fc
0b00f008
fc0406f7
05fe09f6
0e02f907
0102fc06
f8fd02fc
fb05f7fa
ff01010a
02feee0b
17fcfef6
1315070f
f4ee0504
f408fefb
f2fdfa06
05fcef02
fef3fdeb
021305f8
02f8db00
020307f9
f80905fe
0b06f005
05030108
000219fe
050106fc
0604f705
f9efff08
e90e0810
0a040401
f1f9050d
1301f3fe
fe0607f8
0901f802
0afc02f5
03f4fc11
000b01fb
fa03f109
f4ffff00
00010801
f8fdf6f9
0c01eef9
eef80009
ef010cfb
f6ef02ed
02fef309
0a02ee0b
fb00f4ed
fefc05f8
f80701f6
fefcff0a
0415fdfe
f8191105
ff00fd0a
05fe03fb
fff70011
f8ea061f
fd0404f6
f914f7fa
06fa01f8
0004f6fb
fdf3f2fb
edfc08ff
02020401
07e906ef
02ef0803
f4ff0af1
eff4fe0f
05fefe0d
02f40802
0d02f606
010409f5
080b0001
09f0fff3
0e00f702
f108010a
f3f711f9
f20401fb
0307f503
0304f6eb
1001fb01
fc130804
f206fff3
f506fffe
ff06051d
fcfe0f07
00fafaf5
f1f4ff02
04f6fcfd
fbff0005
0dfa07fa
f915e904
08f4fa05
fb010802
03fcfbf8
08f604fd
13fded05
04f9fdfe
f20401fe
04f90afb
f504fe08
fb09f1f4
f906f506
f7feff03
0c15f902
f201f618
030c0302
fb15fef1
020bfb09
020008fe
ed010a02
02f4fcfc
0101feef
0ef60307
010203ff
0c000807
0aff0304
ff0bfaf2
ff0a0cfb
0800020a
f2000207
070af4f8
030f03fc
0205fbf2
08010103
fe0004f9
05fd05eb
fafcfdf0
010fecf7
fbf007ff
0b02fc08
040004fa
fd0afc06
0404f9f9
ff01e602
0e03f9f4
01ffeef6
05eaf7f7
02f8ebf7
fcff0cfb
fe07060b
fcec08f6
08fe00f6
120c03e8
03f510fe
f600f801
ff1b0008
07030e04
05f407f3
f0030df5
fef800f8
06fff3fc
f805fa05
ff07f001
fc0d0ef6
00050804
10f9fffd
f504fdf5
f009fc07
0411081b
edf7faf8
0b00f904
fcf407f6
01f602f5
01fe00f8
fafb010b
01f9f90a
f8f10105
02f2eaef
fefcedfb
10030316
0df2f702
1a0e0e12
01fffa0e
0e00f9fd
f7f10612
040500fb
050e0614
0ffbff0c
090af5f1
fa0ef5fa
fe060510
0ffcf8f8
fcfb1006
ef00fef1
0b02f200
0201ff00
0005f909
0e0403f3
e804f8f1
030f03fb
f10a02f4
00091305
0014f6f9
00060808
00f9f104
0ffd190a
f6fdfb07
03fc140b
05f50808
f4090d00
f8010902
f9f9fdf3
f70504f1
02f80509
fbf405fa
130e07f4
0208f6fb
0a0307fd
fcfaf6f9
0904fe00
f90af9fd
0afcfef4
f60206f1
fe0c0507
070010fd
f5050604
fe09090c
f801f5e8
f2fe0808
0d07f6f0
05090afe
fe00f2f7
ff0608f0
ffed0af0
0609fd08
fc0c1108
f703fb01
0311f302
fff70505
fc0901fc
050400f6
05010d04
fb06f9fd
060401ee
02f80106
050700fc
ee04f6f4
faf70203
f604f8fd
06fdfe06
fcfdf304
0300fc0b
0a05fe0e
07060f03
0215000f
04fc0607
1501f209
0c0004fc
0af9f918
01fcec0d
05031005
0ef801f3
fb00fe07
f60301f5
050103f3
11fdff07
05070df6
f70607fd
0305fd00
fc02f904
0003f3f9
07f707f3
f40409f8
0af5e003
060afff8
0103f906
f1f5f504
fcfa05ff
ebf6f10a
ed0e0407
0303f9ef
f8f50803
03050df5
130401fe
edfdfe09
f200f70d
fbfe0607
00010519
0c0604ff
04ff05fd
0102fa01
ff03f501
f9f50207
fffd0102
f5f70109
fbf203f8
00f902f9
0df300fe
000af61a
08060107
0b01f808
11fbfb13
fb0602fe
010207f7
0d110704
110009f8
0df0fdf7
f9f80101
fc00f5f7
f7f8f20f
02fb0006
010aec04
021b01fd
0cfbfdfe
0e030418
000b02f8
01eff703
f20610fb
18e1f704
0dfd020a
fa001a07
fb0509ff
100a05fa
0100faf3
ebf402fb
0afbfd0e
fc0bf605
0d050407
fb110204
00f6fbf6
fd091f05
1301f5f9
ff12f001
03050bfc
0ffbf1f8
1cf40304
00120600
fdf308eb
0e0e0c03
0201fafd
fff3fefd
16f905ed
0a010605
02f9ee01
05110d08
fe0cf307
000307f9
f1050a04
0afdf304
12fceb07
010ef403
fd1d1203
fff60901
0ef4fffb
f402f6f5
04fbfa01
02fc0212
fefbf9fc
0dfffffc
1316ff04
fff5ffff
f60905ff
f9e70508
03fefdff
000307f8
000f09f4
04fcfa01
f80801fb
0ffcf409
04fe010a
050803ff
0bf1f9f9
11f9080a
f80b0aed
fdfcf104
f6150e07
f4fffc08
f60ef2e9
f90a010a
05fe040b
04fdf703
f5fef801
0301fe03
fa040302
02040109
1d11f80f
09eefb00
effdf4fc
ffffee03
02fefe06
fff4f5f9
f90606f8
0bfdff05
13fc0c03
02feff01
0211fd06
f705f80a
00f8fa09
0404ff00
fc051208
0608020e
02ebf200
03fefcfe
f9fc0602
f2f7ff05
fe0b0400
0ffb0508
fb06fa15
0efcde07
fe22050d
f4f9def9
06f20111
fd0afe03
05f903fe
ee040afb
f4020508
f800fd16
07fffb05
f10b00ff
0d010d08
f30501fa
08eb0aeb
050dfdfe
f6030801
05f41202
ff08f1f6
0b080701
f4eb0305
fff4f801
07f90d03
eeef01f5
fd02ec0a
0401fef9
f9f7fefb
00f7f7f0
f3fc0508
ff13faf4
10fa05f1
fe080b06
0a1503f9
f4fd06fe
ff060703
f8f50510
110bf8fc
05fef4fd
030c0307
0a0e0611
f508e8fe
0d1409fa
fef80afd
f6f1f50b
0400f807
0ffa1aee
0808f8f6
01eb030a
f608fbfb
07fe0311
ff08ff08
02f807f8
0c0d06ff
f3fdfe06
0608f70e
fff7fefd
050cf1fe
01020d04
fa01f6f8
f5f3f9f6
fdfafd07
f702000a
ff01f6ff
fbf10207
030b0505
eefff311
0ef5f2fe
0c090aff
09fcfd0a
ee1af400
0aff0000
fb04ffff
f206f002
eff8120c
04fdfcee
1af80009
fffc0302
f2fc05fb
00010af1
05f60b09
03000d11
f9fcf4fd
edf6fff6
04fd05f9
02fcfafd
060d1401
f6fefcf1
fffdfa06
fcfa00fc
0cf21504
fafef903
08070709
ff01eff9
0c110af8
f80e12fa
06f6ff06
f3e2ed04
0afaf2fb
f9edf302
f008fbfa
01ff0c01
0210f7f3
ffecfd05
0710f801
fdf500f0
f7ff04e3
0101040f
07fbfcff
f708f5f9
f7fdf8fe
ff00fff9
fff9040d
f1f90701
ee09ecf1
f0040008
0ef60bfa
fd0a0107
03f30200
050d080d
04f411f8
f015fdea
fdf8fc0f
02060400
0912fd03
0e0603fe
0106ff02
0605f7f7
fef9fc03
07fff9f6
020705f9
160407f8
120c0bfe
fdfe08ee
02fbfaeb
fef302fa
fefcfc06
02f7fe10
01050f06
ff06ff01
fbf1f804
ebf503fa
f4f5fcf4
0606fb07
0efbfb05
fafe02fa
fa04fdec
03fc000b
031602f5
00090801
fe080503
fe030b02
0bfdf70f
0701fc09
fafc02f8
fa05fcef
01edf8fa
fff20403
fbfef904
1704fb09
f9060504
06f90701
f210f1fb
11fd02fa
ff010004
050b0106
04f007f8
06f0fa01
f605ff18
0800060a
0302fc08
fd05fc12
f4fcfc05
0507fffd
fdfdf70b
feedfaf0
11f20404
05f0f609
fcfefb01
f9fa0f06
04e7fc03
020e0b10
fbf5f309
01fe03ea
fc0605ff
fc02f6f5
0103fef0
00fff7f7
06fb07f9
fe02f40e
0909fcf5
040dfffc
fb070305
f809f0f5
1110edf3
f60708fc
fbfe0307
fe060bf5
010aef00
0d060006
f6f80210
04140009
06fa07f4
fb0001f9
f1f705f3
fcfdfef6
00000202
04050d06
f5f80aff
fd05fb03
f6f0fbf4
fceef1f0
00f705fa
03ff00f8
080d08f8
fa0300fe
fcf8faf6
ee01160f
02f5fe03
08f8f8ff
f4fcfbf9
ff110afa
07fcfcfe
0bed0208
02fff907
fc10ed03
01f80605
f9000c0a
f1030d03
fa0bfd05
070cfef8
fbfb1200
eff705f2
0a11fd0a
efff02f9
0b010416
fd0e00fd
0af40605
f60a0502
03faf7f9
0c03fd06
f50cf6f0
0710fdfe
f90bf4f9
f5f407f5
0c0ff10a
0a0bffe7
fa0df408
ff06fdf8
04f0f8fe
ff03f3f4
08010402
00fefa07
00fc03f9
0f0ff902
06120d0e
01fd0210
f111fffc
fd0c04ef
fffdfa0e
03fbf7ee
f709ff02
f7000505
fa070c08
ecfb0a06
01010eff
0e09f5fa
0ff6fd01
0504fffc
f5f7ef00
f804f9fe
eb090901
f8fc0001
f40e02f1
f1030bfb
000cee02
16f20003
0cebf901
0809fffa
030a03fb
02f903e9
0203fdf6
1b07faf7
0c030bff
fe00e7ef
0f05fcf7
f104f9e8
fbf5f7f8
fc1106fd
03fcfb01
f309fa01
13ef02fc
0502f800
edfbff01
fa10fcef
0afef809
f70eeb00
020e0f0f
fe0cfc0d
f5fb0c09
0c040406
fcf1eef6
f0fcfeec
04edf902
f40801fa
fb100f00
f8060403
f707f400
f3030c05
0af60801
f8f60803
ff00ff0c
04010f03
000317f0
ef08fdf9
f812f910
00fffbf2
f3ff1002
fc04f9f9
f402feff
ea03f408
fb0708fe
ff07f9fc
0afa01ff
fb09fffd
08faef04
02fa0206
fbfb0601
e6030008
0cfc0004
070906fb
060a02fd
06f5f60d
fd00fb06
10010202
0df5fa08
f802f9ec
01070dff
f9070207
e70100f8
f8f5f3e8
fcf9eb05
eafe08f1
0009fe06
02ee0e04
0503fdfc
03fc04ff
06030101
f6f9030c
fb1e03ff
fcf7fdea
0a0e02f8
05ff0d06
00faf6de
09f6faf9
1700f8f2
0202f90a
f803f208
02060fed
ff0606f5
0707ff01
04f9fff7
05fb0bf9
14f8f7fd
fef301f9
ff0608ec
0bf30c06
04fffffb
f7fdf5fa
1306fa05
f8faf7f8
f90b0d0c
08faf7fa
1208f9fe
ff09ff00
0a0bf8f4
010000ff
02ecfe0d
f0f3fe09
100dfe05
f9f8fff7
0dfff80a
0608fc08
0505f515
000b0205
08171700
ecf0fe05
ff04080d
f20c140a
04fdfbee
11fe0ae9
f3fa0701
fff3f90f
f9f9fcfe
01090703
0bfff609
080108f9
fb09f4f6
04e101fa
e9e9fe0e
00ff1100
eb06f708
e7fef9ff
0ef906fe
04ee00ff
01f70c03
f3fdfd0a
0df60910
03fe080d
f4fbfeec
fc05fd0a
06fcfdef
13f81102
09f70807
fcf90dff
070508f4
f50608fe
0a090201
17ec0d05
0d090a14
0d0102fd
0dfcfcfb
fc02fc02
f90708f7
edf30803
0304f005
0a07fafe
080a05f3
04eff8f5
040902f2
14fc0b05
09f7f909
1301ea02
0a0df701
12ed07f9
f9fdef01
05080ff2
0bfcfa0b
00ff0707
01f2f4f9
fd08ff10
00fd0bf9
f7f5fc00
110603f7
fcf5f203
fc03fc08
0007fb02
0004f908
ff09fc07
0efc0700
fc0c00f0
06090006
f1fdedf6
01f20403
03f807fa
0bf9effd
00030403
ecf405f2
f8fe0700
fc0cfeeb
05f6f602
02fbf600
08fefb00
04010dfd
f3faf5f1
fc080d05
f803ecee
fa0fffee
fe0007fb
f7edf408
05eb0a11
f603feeb
100ff005
f6fff308
0cfe03fe
f9080f19
17fef103
f8f10f0f
fbff04f7
f503f9fa
000608f6
0109f80d
01f4fe0d
0af6f6f0
fdfef501
0cfd0cf2
f8f7fb00
0307f8fc
02fcf50b
f7f80417
0cf809f6
fd0801f5
080b0410
04ef0110
040000fa
050605fa
03f304ef
0510f9fa
0dff0608
fc0702fb
0bfa0a03
fc060206
0b0901e9
fc0606fe
0f0a05ff
e6fa0003
f8070cfc
1505f509
090a0307
f8f7f9fc
001502fa
020111fa
fcf70701
03f40008
03f9fb01
13f307ff
f607f813
000a0cff
01eb0a1b
060e0910
00fd1c08
08131105
fc01ec0a
ed00f107
fafa1507
03f006f5
0d06f405
01fe0905
f002fd13
f916f3f1
fcf40408
050301fe
0d0b0212
03f706eb
fd080005
09090aff
06f30b07
f700f909
0806f1e6
ee06fa0a
f80603f6
16001105
02fb0402
05f4f205
fff9fd10
ff0dfa02
14f8fcfc
07000d06
0a0b0903
06f306fd
0afff1fd
f6fc010c
08fc0c09
0905fc09
09f7ff01
fe070bfc
fafef50d
050cf400
0300f506
fa080500
fefc04dd
0901fd01
06fef606
f60403ff
04faf515
f20b090b
fa0512fb
fcfbfc06
05ef0d08
08070007
f90bef06
0503faf5
120a0505
0a02fe03
15ff00f6
0cf9f006
02edf1f0
04fbf204
0408f40a
0b050209
06feff04
06fef3f2
fa070f15
11e50ff5
080a0af0
edfe01ff
0605fbf7
010406f5
080d0e02
f20f08fa
090303fb
f1fc07fc
09030a15
fd0503fa
0afef8f2
f9fa0bfe
f3fbfe08
faf301fa
02f70af7
11050207
f1fb05f6
f40ffc0b
e3030701
fd0f09ef
fe08ebfe
10020afe
09f6fcfe
fd09f6ef
0b0d04ee
0b00f7fb
0407f903
fe0ef609
fcfbfa0f
060bef01
fa0bf3fa
0908fbf9
ff0df703
03f1fe00
0203fa03
f9fb0b05
f8fe0af1
f9faf208
01fbf8f5
eff0f802
ffefed09
ef00f503
f8f50204
18fd0a07
fc0101f5
fe07f801
0e02fd00
fde8fbf4
0afe02f0
f8080606
ef0f0311
fafffd0a
f7fefb15
fb0e07e5
fb0bf5f1
ec10f311
0a0decfa
f9fc0103
f907fcfd
100409ec
0df20706
fd031603
011406f4
0efa07f7
07080eff
ff05f608
03fa1102
0a010703
03fefd0e
f103fd0c
1d11f3f4
040607fb
feee03fd
f0fffaf4
ff0806f9
0401fd0d
fa000103
0bf80802
0a0804f1
f204f805
f9eef9ff
fcf701fb
00fbebf7
11f301fc
0d0dfdfb
0ffc0301
f6feeff1
0bfdfcf0
01ecf80f
f7fafbed
020306fd
f507090b
f605f500
0b060401
09fbe7f9
0a0804f9
f80805ee
0f020b1c
fefd01fd
f404f3f3
01130dfe
eb08fc02
0609f5f0
0004fefd
06fbe505
08120af0
060a0ffb
05120805
f0f503f6
0dfb0902
11f607fa
21070aee
faf20508
fdf6f7fa
0d08f000
0506f208
12f900f9
050009f1
f90dff04
ecf804fd
0a0411fb
09f612ff
05fe0703
f501ffff
1301f4fd
0c07f50a
05050bfd
fb0d0aee
eff9fb00
080bfc03
0405f8fe
faf10c07
f6f507fe
08eef606
f5030905
0bef02f3
fcfb0317
02fd05ec
0dfef40f
f1fc02e7
03f503f9
f50c07fa
01fe0e02
020a14fe
01f2fb12
100304f6
07feee14
07eff10b
e407f6f6
f211ed07
f40aea03
0cfa1319
f7eafcf9
ef01f910
07fffbea
fcf907fb
f9020303
e6fe0407
f901fd13
fefc08f4
fcf3fbfd
000015fa
0506ff0b
01fa0d0b
07f8fce6
f3fafdeb
011607ff
0ffafbfd
f00cfcfd
0704010c
f2f60203
f8f5f5f8
02f61104
00f80803
fc0106fe
0a170808
f5ff10f7
05f60014
06030405
0101f105
010615fa
fb02e513
fa09f409
14f810f9
0d031205
f8f611fc
fffbf6fc
0a0307fa
f5090809
fe0008fa
ff170201
0d0ff7fc
e0000d12
010c070b
00140b16
f00f02fb
f60718fb
0d0806e4
fffffe13
f80cf809
030503fe
0afaf104
fbfeeb07
fa0203fc
fb0c160a
fefbfffb
fd0309f9
04f717fd
ec09f505
f60806f8
e7f701f0
00f5faf3
0dfef9ea
fe0405fa
f3fefdfb
eaff020c
12f7f806
00090001
0dfc060b
fa0e05fc
f90802fd
00fcfbfb
04fc11f4
070d09f1
fc0b0603
f7f0f913
f30706fa
f9f90ff2
02fafb04
0a00f600
f603fcfd
fb01ed07
00f300f4
fcfe0500
e60c0307
fe00f80b
010506f9
0000f4ff
05f70908
fc0003f4
08fef4ff
04f50601
07fe000b
120b0a13
fe02fffd
f20cf908
07040002
0a06fafb
fe0304f2
ff0f0df3
eff6fbfe
f50a05fd
fa10fa0d
fdf30bf4
fc0e0a04
02fc0a09
0d08ff0d
0517f7fa
080b0a0a
f4ed06f9
0408fb1c
f7060101
07fb0306
0b0e040d
00f7070a
071204ff
02f50d07
eaff01f6
ee0600fb
f60207eb
00011107
0d05ee07
06f8030d
feef00fb
06fa01ff
edfd080d
04f60408
0ae61af1
10040512
fe01f4f2
f7ecfc00
fd0e1507
07eafb0b
ecfcfefb
ff010b03
f9fbfcf4
f2fdfcfe
04f200ea
00fe0606
fc080902
0a091504
fd070101
ffeefdf8
fafbf50e
fb090110
f8faf7fe
020407f2
f3030600
0afcf701
f3fd11f6
f504f50a
19f6f106
001204f5
1401e7ff
090cfaed
000000f8
ff040401
f5f8020a
fcf814fe
0f00fbea
fe17ff07
06120008
08f009fb
030c02f4
f9fef8fc
060201f8
fdfe0904
0602100f
08080e12
110afefa
03f6060a
07f409f4
f01a0206
01f90608
f5f80501
05ff0c0f
03f90bf5
f805ff11
040afc05
0806fd01
09ee0beb
fa00fe02
04f505fc
0401fd0e
1605fd05
fefbf8fe
fbfc160a
f407fff8
fffafd05
03050509
ff05f0ee
08f40b08
01fefcf3
fcf60aeb
03f122ff
04f5080c
f7070606
05ec0fe8
f6fe0005
0bfbfc02
0f0811fd
01071405
16fe1100
091606fb
0107eefc
09010010
0506eb0c
f1f203fd
fb05fb0a
ef10ff08
f3fa1408
0b02070e
01040e01
0611fe09
08eefbfa
080205fa
03f8f700
f6f810fa
f6080600
05030908
060ae705
0b0b06fe
0bf8fffc
f5fc0af7
0d0b00fd
f902f4f4
09fb00fe
fb0e05fe
01f90801
07f1edfd
070703f8
070601ee
eef7ee06
01f81106
ff14e9f4
05fc1619
040503f7
fd0f0504
04eefff9
fa0dfe07
010902fc
fe04f704
04f20b07
0ff70910
fe0d07eb
0af909fc
fcec0ff4
06090a04
08fe0af5
1409fff2
020400fd
fdf00217
0011f8fb
07fd0c0e
fef70406
03ed0904
12fefc09
1506ea10
08050905
0c160cff
fcfdfb08
f60aff02
06fcf608
0a060006
e10df406
f50c10fb
ff13f308
f208faf6
0afc0c0b
0cfaf3f9
fa040702
05f3010d
07050705
fffbfaf5
040efd11
02fb0ef5
0204fef3
f505fd09
01090607
fdfcf90b
04f40ef3
fffbf1f0
fcf80004
f907fe07
f60402fc
ebf6120c
09f202fc
f1fb0802
05f9ee06
fafefbff
fd050401
f8fd0ff3
f303fc05
f405f7f8
f904faf5
fefcfd04
1e0dfbfc
0716f9ff
f201fbf6
07fb09f1
091503e8
0cfb0b0b
eef70cfd
fffe04fa
0c0ff0f8
0bfeecf7
fafcf0fa
0dfc0403
15fdecfd
f5e9fbf5
feeb03fa
0efbf40c
1100fc04
04faf1f4
0c0e0afb
fb01ff12
0bff0eee
06f80dfe
05041f10
0906f106
ffee0bf3
1af200fb
fe1110fd
fafc0b02
03fcf6f2
02fdf506
09f8fe03
01fcfa04
ebfcf903
fc1a0c03
e1f604fe
0900fc0a
0009fc14
fffcf50c
f4ee1303
06f70217
07fcf701
f2fe0700
02010d07
f303f208
efec0afc
f903fcf2
12020c03
05ff0401
020503f6
0b1705f9
0007f8f7
0d0b0c09
fef4f30c
fc08050a
00fe04f9
000704f9
0308f9f7
020af40a
fd08f207
f3031406
0104fd04
04190000
04f80bf7
f8030306
0bfd02ff
00fd0302
f8050703
fb04fc03
fd1509f7
090af903
fcfbf404
fc100afe
0a14e207
08e9f8f0
ef06f90a
07f70706
f50aeef8
f10700f3
06fe12ff
04080dfb
f4fefcfe
07070800
f3fd0b05
0501f900
fefefaf7
02110b04
0f06f912
0603fe13
fe000902
070501f3
f8ec15ec
fc0d01f8
fc0ffa12
ff08f3f4
fcfff2f8
fdf50c05
1509fcfa
f2f201ff
f3effa00
fe0d07f7
0705ff08
f5fc03fd
030a00f8
0105faf8
020101f4
fbfc08f5
f10a00f4
03f5f0f5
0aed01fe
041008f8
fef4040d
fafcf7f9
f707fd04
f6031109
04fe05f4
0cfdf8fe
0d05f8ea
06fdf3fd
f808f901
fef10c08
030615f9
f3010c08
fefefafb
f2f9f0fb
fffcf700
faf9010a
fbf003fe
efeaf515
faf80402
040d05ec
0e05f905
f60af9f6
08fcfe00
f30100f3
00eef007
f30d07ef
fdfaf702
0502fb01
05fcfbf8
111a080a
f0f3faf7
f205fdf2
00ee0afe
0d05f5f0
04ed0bff
030302e8
0402fb0d
fd09efff
0600fc0a
04f0f7fe
f60910fd
fb0f0f0b
fc0507f2
0af600fa
0007f2ff
06fc0205
1203fbf7
08fc13ec
f804f400
0603fcfd
f003f709
07130507
fff5fc07
030f090b
0a000006
fdfd0af4
0c05f5ee
f10109fb
03fefdfc
f9f1fcf8
f8031214
fafef7f7
09000e1a
16f90506
1104080c
fb0008f8
f90103f7
ff02fb12
fbfa04f7
f0f002ef
fe05fb05
0c05fffe
fc0306f5
061203f0
f303fc0f
0407fc08
f5ec09f9
f50afdfb
0404f901
04080b01
fa110503
f3fc1807
0af41706
f3fcf408
0b0203f8
04fc0fff
fd09020c
fdfbee10
fb120109
ee0009f9
f7f318fa
f711f702
f7fafe07
08f3000b
12ec00f1
0ffbfb07
fc070713
03e90505
08faeeee
fc020100
f00404f5
ff0f06f4
fdfb0601
fffc060a
0400ff06
f4f8fbfa
0206fefb
fefd0200
0411feff
f80afefe
fe02f900
0f08f809
1406fc00
0bf7eafb
fbf6fe00
0a09f100
011cf0fb
e4f6fe04
f9050dfe
fef0fdef
eef5080c
0409f500
02f8fc0d
0601f3f2
e5eef6ff
fbebf4ff
0be802f0
f0ff02fb
00fbfbfb
05fa09fa
f6080600
f506ff09
f7f9090c
0efa0606
f6ff040b
02fce1f6
f30100ea
0a11f4eb
eb1403fc
0207f408
fcfc09f9
00fee6fa
06f703f4
03050b0f
f5e50615
09ff0504
faffeb08
030aebed
f109f701
0002e4fb
01fefa00
f9fc0c05
0ae908fa
0305f102
effd0c09
f3060606
fff7ff06
0f19ec07
0df70617
060013f2
f40a03ef
f8f9f0fc
0b05fefe
0c0af0fe
0cf40502
effaf607
ff0906fd
fcfbff02
ed0507fa
f3ff0301
00faf6f7
0301f1fd
f60f0ffb
00f90106
0508effb
040b03fc
09ee04fa
f9f70af9
040c0302
0f000ff3
f6fdf90d
0710f201
fffefc05
06ffffe6
010504f5
fcf3f9f4
fefff503
0a050405
07ff0cfa
f3001103
0200fdfe
0feefdfa
fbef070d
13f501fb
eafaff08
0d00fe0d
f916ecf3
1904ee06
ebf9f103
f9060901
f8f10406
03ff11fe
05f202f2
f9fa0001
0d00070a
fcf601fa
f9f908fe
18f90902
f8fffa00
f815f6fe
04fb0405
0def0906
faf8030b
05f207eb
f8f91401
03f2ebff
f707f616
fffe05fd
0703ff00
fbf9fbfb
ee0a0803
0d0501fc
060bf6fd
fcf7fafe
08fd00ec
0602fc06
0504f609
08f50bfd
150101fd
f1f50df0
fe040001
f2fbf502
f619fff2
f410ff0a
f4f4020e
f3f80108
1600f2f8
fd06fa01
fdeb09f9
0907f517
0213fcf6
060bfaf6
00fe0a01
00fc0bf4
06f00c0a
09eb0704
010b07f6
050afe03
f6f703fe
e90105e7
fc0cfff9
fdef0405
f8f1090d
fef21507
f50c0310
0304ebf3
030ef012
0908ef08
f804080d
f108100f
fc16faf9
fb06060c
f4081108
f2080603
f9020e04
fc03f804
01f9f92e
fff0f503
09fb05f5
0a0603fd
0bff07fd
e80bf9fd
0700fe0d
f20c05f6
fe03ffee
010901fa
0a0007ff
0502f4ff
faf1fd00
00080b07
f8ea0c01
0100f300
06fe0cf3
1ff6fc0a
f8f906ee
f310f9fa
0412ffff
0e0bfb04
f5fafe09
1509f8fe
fc06f2fc
090dfffe
f615f7f6
01f9f0f9
000ff40f
00f6f80e
06fbffff
fd0c02e9
fffd03fa
fc080b02
f1f905f1
f3fdf2f5
f9050d01
f7fef8f6
fdfbfb03
f916070c
01feea06
fcf9f4f0
06f40010
fc070506
fa030001
fb000107
f9edf4f8
1103fbef
f9f8f601
0800f70d
fa070c0e
f703fd07
f701f810
fcf605fe
03eaef01
ff01feff
0206fb00
f0000205
070709fe
fefd0c03
04f3fd0c
04f9ef08
03f5fef5
01fbfefe
fcf002f7
031cfe13
f4f80006
f2f2f603
f6210d05
06fcf40e
fc0403fb
fe0afcfc
00f50afe
000c08fa
fb11eef9
06f7fef6
f9070205
0afa02fe
f708eef5
0714f606
040606fd
120703fd
fbfc0407
06eefeee
f9f40df5
fc0502f2
06f6fcf6
f706fafa
f9f8fff7
0dfc0800
02f707fb
09fc07f5
ff0100ed
f601ed0e
efff00fc
06131400
f8fc0207
f2fbf902
07f6fafd
f1f0fcfb
0a02f509
fbf900fb
120efe12
02fef602
0bf3f507
f800060c
fdfeffff
fbfbfc01
16ff0a03
03fcfe02
13f7fef4
1d06eefd
08080406
f9f4fff8
ff0109fd
fb14000c
1001faef
f7fbf502
ff020dfd
17f7ff04
00f8fdf8
ff11ff07
f727fb00
00fe1bfa
fcf2eef6
f804fffb
fdfbf1f5
fe0a0500
fafd11fe
f30a0705
020af8fc
0e0df8f6
f5080903
f2effe07
fb04fcf2
0d0bfe06
1d08fbf1
fff5fbf8
ff100800
07f9f402
ec00f4fd
f2030206
08f9f8f0
f60e0ce8
fd0af9f2
f9010901
1005f7fd
ecfff7f7
fbe2f2f9
e3fcfa09
04f1fefd
f1fcf1f9
f8fa07e7
0b07ec04
0ffc12f5
fffc0703
fcfbf902
eef40af6
0ce7fb00
ff0d08f1
ecfbf702
05fe091f
0000f9fe
08f10109
ed06fafe
effafc03
fbf6fb0a
f109fb01
08f9de0b
08fa02fd
0203f80c
0aeb0d0a
0bfd04fb
fd0b10ee
f0010607
0a1011f9
f80e0902
fe0f09ed
101109fa
10fc08f8
fc050211
0ffef200
0ff5f305
fc0bfe09
fbf705f7
0309fc02
ef05f705
06fcf600
0a05f2f7
08fff500
f1050210
0e020bfa
100802fb
fe09eef4
faf2f210
0201f707
0004f50f
03f9f6fd
f708ea06
09fe0d05
080102f5
fbff16ff
eefef6fc
f0feedf8
0e01fafe
01010df8
05ff0614
010408fa
ff0c0006
06070f07
03ef0601
070f05f0
07f9ecf1
f6fe00f6
f8fffe14
fb04fb0b
f3fcfdf7
0d0800f7
0a01f1fd
0704fe00
f1fcedf5
fdfffeee
01f90102
0f080ff6
0f00f405
f81206fc
f504f5f1
02fe0cff
0c0af804
fffa0704
f001f90a
fe020004
f1f9f5f0
ff08fcf3
1a07fa04
feff080b
fffe1316
0f00fffc
fbf40003
0207fb01
0bfffa12
f503070a
fffe0efd
fcff05f3
f50a1601
04faebf9
fb130bf5
ff0bfffb
fc14fe0c
0804fd07
fb000ffd
07fb11f7
140b02fa
0307000d
fff5faf6
0f09f9fe
13f7fbfd
fdfc05fa
fbfd0b08
02eef808
06faff01
0dfd0cf9
11190101
f7010beb
04fd0f01
f0fa0e08
0c07fcfc
ebf90af5
f8ff070f
fd010aff
f902fefb
0f0bfff9
f20d0af6
f5f101f6
e8f8f9e9
f600010a
f6eafd01
03fef8fc
0c09fcf8
fdf811ff
0af90002
f3f9f9f6
f9f0fd0e
0708f914
ee01fafb
01f3f7f6
f6f60a01
fdf2fb09
fe0606fb
f7fc0b0d
06f9fff7
04fdf8ff
02e8e806
18eb1408
fbf90b01
0eff080c
110504f6
fef2010d
f9e5fefe
feff0509
f7fd0407
f9f50f08
13050415
fbf2fb0f
f401ef00
fb03050f
f7faf4f8
0804f00d
ef05f9e7
f70afc03
00f3fe05
eb000b04
fefffafb
fcf70304
0a010303
fe1908ff
120907fb
06fffcf9
050902f4
fe0e00f4
e1f7f30f
fff2f800
040cf6fe
faf20311
0807f409
fbf60dfe
02fbf404
f209fcfe
000dfa00
100f070e
00000c03
f806f50d
03fe0af7
f604f9fc
0912050c
0713f5fe
0eecf40a
0a010203
01f106f7
f4fef5f4
08020705
f40bfff4
fa04ffff
04f1f2f4
020ef9fe
f2fb01ea
000c02f9
fb14f2f8
090cfa04
f90bff08
e70ff103
0c11fa00
f602f5f6
0711f8fc
0a0d0ff6
01f81707
09fe080e
ff06f605
06fb0f01
f0f8ff04
f602ff05
0100f9ff
fb010410
0ef1fe11
f215000a
f80a04fe
0b030e0b
03f80cfb
0cfdfde5
150301e9
0102fafc
f411fc11
0605ef05
0cf6f7fd
0d02fffb
070affff
06070c0b
0506f807
fbe216f9
02faf4f7
fcf60b07
09ff1207
f9effcf1
06f4fd15
06f9f20b
f90b0a07
faff1d09
ecff08ff
f9091606
fcf50afe
02f20401
0413f5fa
f8f4f4fa
05fb0df3
03f606f3
130bf612
fffbfcfd
080cfdfc
eeff0be3
08f90a00
f3f508f8
050302f7
0513fcf4
07f4fe06
03f7f605
0818fe05
f604fa0e
fdee05fe
02ef0004
fc06f901
07f010ff
0600fffd
ff04fd01
010902fc
0907fc0d
0aeffdfb
09f7fb01
050f04fa
00fe0b0b
f7ef1006
0a0df8fa
0a01ee03
f9f91a05
ec060b04
16f903f7
01030007
f9edfafa
ff03eeee
090c13f2
fbf6ff12
ee0d110b
08e60af8
05040803
fafb13fb
00eef601
fbeff9ff
0bf70bfd
fbfcf9ff
1101f908
030aed09
0df70801
fa03fb06
f900f802
f302f10e
0802ff05
f70aea0b
fc0b00f6
f1f60afd
01020b08
10f309f6
f7ff07f2
fd06fd11
0602f8f4
01100601
fef7f6e3
f5f700ec
fdfd0607
0404ffef
fb09f9f9
f70efa00
f80403f9
fb070006
f60bf803
0df40512
f9fded07
fc070a06
12fe10ea
03050200
1202f5ff
06f80312
f9030013
1203fd01
040afd03
140213fc
05fc06f8
f90ef9fe
f2010403
fc11f9f7
09fe04fb
fd04fa05
07f0ed0a
f203fef1
0b0a0efe
fbf706fd
f9060c0d
0405f9fe
0efd050c
0510ed1c
f90afd0b
ff0e0603
03f3fc09
0203f101
110003f9
0700f8ff
03151ae2
fbfefb00
0d0afe14
05f7f802
0a04fcff
0cf10402
fe04e912
19fd14ec
090010fd
edf9f800
0ff600f1
f7ef07f5
0df6f803
0ef113fd
f7f11002
03f9fe0d
0403030a
0205f10b
10040514
04100809
f3f4fef7
0fffea0d
f50bf3ff
0df3f8fd
0df90500
fd03ffff
f50708e7
fc03ff03
0af7f103
0a050e05
060b0f07
f5fdfd06
fafbf814
f9fb05f9
02fb1802
fffadf06
f9f3f5fe
f404f7f9
0205f1f9
fcfffcfa
03100ffd
f505ee12
0d050117
06060fee
fcfa010b
fbdef7f2
01f8e9f2
00030909
05020610
ef02fbfe
0e031008
0207f6f6
fe08f90c
fffef700
fb05f70b
fc12fa04
fd010bfe
10ef09f4
02fd0918
fdf7fef4
ef040bff
0106fb1a
f3f20b07
fff6f202
fffa06fa
f115050b
fffbf50b
0afe0bf6
fb02e6fe
ed05f706
ff0dfe03
fa0613e6
fff8f309
00fee903
fafbff05
08fff3fa
fc1407f7
0c0504fa
03f60efc
04f00206
14020106
fef304fb
f9f910f2
faf7f303
f9f50d01
14f9fe00
020f0606
0c0b0110
fa140ef3
04f10c01
0a05fcf5
01f3faf6
0206fe08
e7040a0f
fefd02fe
00111507
0f05f5f8
f3f1fbfa
030dfd02
01f6f9f0
f205f905
040af507
fe00f3f1
f4f4f7f2
0cfa08f8
ee00f9fe
0b0eedf3
01fa0cfb
fe070e0e
08f2f4f5
14fd0c02
0307f10d
f8f5f9fb
f1fefcfb
fbfef20e
f80d0613
09f2f40f
0f0bf30b
ff06f8f9
03ff10fe
f6fb0304
03fffcfc
0e000e04
fafdfd07
0600f30b
0b0bfc0b
02070ef6
000b0ffd
0301f40e
fd06f703
02f00b06
05ec18f1
15f7e5f2
10ff0a01
f5f70dfe
ffff1201
0ef2030b
f703010f
fc0ee8fd
12fbfa03
f6000605
07f701f3
05f2f8fc
fe0b0807
f5fef9fa
fe08fb0b
0bf9fef4
060ff5fb
fd04fe08
f7f80bf7
f6f30409
060cfeff
00f904f0
04f808f9
06e707fd
fbeb10f7
0cfcf807
1000fe00
fefb1cf6
0dfcfa02
000200f7
fffe0efe
faf701fd
fb1902fb
01070901
fb070105
03f5ecfd
0600f8f7
00e9f506
11ecff02
fdfe0212
ff0805fd
ff00f802
05f802f6
f406fd00
fcebfbff
fb0b0601
fcfef6f3
10fd02ff
020704f9
fc0bff12
fc020607
fe0a15f8
ff040504
fd060bfb
05f9faf8
01fe06fd
fc1d0a03
ee08ff06
030ffcf2
f306fe01
04faf705
fe0012fc
08f70b05
07fdf700
010504ef
05f712e7
f1fbf7ff
11fd0efe
040501f1
f316fc0e
faf9fafe
edf309ff
0dfa0004
fbfb1308
06020315
f9fde5fc
fb060d09
f60406ea
fff80508
f1f5f303
f5fe06fb
0809feff
11fde2ff
fdfa02f2
0809fb0a
06f706f6
f4f80403
1204ff04
0dfe15f9
07f60602
fd01f216
050004f9
f01c03fa
f10405f3
040500fa
fcfafa0b
01f60108
f808ffff
0200fcfb
06f4fff9
f4030300
f800fe0c
ff010205
07f4f401
fa00f4ff
12fc1100
030ffd08
fc06f506
0601f5fd
f1031b0a
00050bf4
01e7f5ff
05f106f8
f0f5f1fa
00040300
010a0305
f2f6fdef
0200f1fc
fdfe02ea
06fff8f0
0ced0802
df04000a
fcf306ee
fe00f80f
fbfbfff6
f30ff60d
0100fa05
10feff01
fffde8ff
fafe0508
0a130808
0400f806
f8f40102
f803f5f8
fdfe0800
02fc080b
1202eb00
f7050aff
ffed0607
f208fbfc
09010a12
fafdf7f2
ff011601
f600fc03
f00609fc
eafef502
12060202
fd11150c
f307f90d
04fa0de7
0c010805
fb07ecf0
fb010406
f9fc00fa
f80f110e
fffaff0b
fb0a0dfc
fb0209f4
fe020a10
f8f3f70b
0301fc02
01f709f5
0404ed03
fd08eaff
0802f909
030406ff
f2f9010a
f507f708
f809100b
05f2fc03
f815eaff
000c05ff
fa0bedf9
f302fc0a
ff0a1006
010d17fe
0afef501
fbf2f50f
fd02f200
f3040ff5
fd01f1f6
fdf90af9
0af2fb06
0d0dfaf0
0a0d00fe
100f0bf8
ff12120a
09e6fd14
f60405fc
fc06f3fc
09f80307
1e050408
0b000905
0c010e05
ff0003fc
0407f009
fcff0ef8
fc05f902
01080fff
f802fe02
0bfaf9ff
fbfcf6f1
fe040900
0cff0fe5
ff010f05
f8fc1204
fafaf900
15f9fa04
02f6f507
fffcf4fc
100bfe0b
0e080607
09f2e9fd
f7f703ec
04040a04
fb0efbf7
0cfbf50b
edf6effe
08edfc03
09fcf0f9
0e01e70f
06020107
0001f80a
041003fc
fd0c0400
fb0c06ec
ec100808
10fd09f7
fd02fcfd
f80f07fa
fef9f2f1
f7fefc08
fb05ec0d
fe050205
fe0105fa
f8f70111
17f5f107
0b0508ff
fe00f502
0b05e5f5
0302f80b
e8fffe05
080101fc
0812ebfd
fc0411fe
0aebfa02
00fd0602
eb0002fa
0b02f1f6
ed050a08
fcebfbf9
fa01fbfa
0403f915
f10b0afe
f8080a08
f4fc0902
fefbeb0a
040b0bfd
f604f108
0702fa04
f51008fb
fc030e03
0207020b
0401f006
01030105
fc010e01
ff0a0b0b
03060bea
070af5f8
04fff50d
fe0407f8
02fc030a
e6f1040b
01fd0d0d
f6e906ec
1afaf6fe
0307ff00
fb0301f0
02fb07f4
11f20815
f3130600
fdf40e07
11fbfff6
0204f9f9
1505fff8
f0110901
0008f6f8
0b000309
02feff0b
fcfff505
190100f6
07fd05ff
fbf5f705
fc07f20c
f3020300
f3000109
f90407fe
01fafffa
050def05
02fdeb05
0c10f103
06090709
06f603f9
0c0ef308
f2f5fbe4
0afaf7f2
f5eaf2fa
11060002
0400fe05
0504fbfa
03fa0204
020ef1fc
0201160a
eefefef4
04fd0ceb
f606fef0
11fef2fa
0b06ecea
fcf00209
f6f7eff7
f9f900f1
030c0301
02010df4
f400fd08
f9f81405
fc020904
0e000305
f4f80b04
f103fc03
0afefefa
f6f900f9
04e9ff04
f205f907
f6ff0206
f308fc09
f0ef00fb
f902fe09
050cf6f9
fa0aeffa
0afef6f5
faf0fa0a
0c070101
f104fff7
f5fcf1f5
080c0bf6
ff11fc0a
fe0204fe
fdf70c05
06f8fd04
0705f8fe
f4eb03f1
0cfcee0d
f8fb0315
ecf3f906
fa0feffe
04fefd08
0407ecf3
13f6fd0d
f307f9ef
f0f7f7ef
ff0a0c02
f9f80319
f0f1fafb
fd060804
fe0708fc
f6190701
02f8fe00
07fb06f9
fb0408fc
fdfefef7
0301fa03
f900000a
fb07f305
0c08f10f
0c06041d
020807fa
0601fdf8
ff05fc11
0afef708
0a0a14fe
f0210704
020b03ee
0ffdfdfb
040e1507
f8fd0703
03f106fa
faf60100
f4051010
0110fcec
e8ec0508
f5fa130b
11f2edfe
05f8ff07
0f0ef9f7
f40c0af3
01fef205
050afff9
fcf50d08
02fb011a
f5f00803
fc010b04
fa070308
06fffb06
f7ef09fa
f5ea06f7
0bfb05fe
09020909
0800fb02
080cfaed
0dfcfd0e
080b00fe
1206fcf9
f6fdfd02
05fbf2f8
0108f80b
0b0602fc
fdf904ff
ed0b06fc
110a0cf6
11150404
0201ee03
faf8f81a
070509fa
eefafc08
f0f1ffe0
fcf3fc0a
0605080b
08090af4
f8fefb08
f7f01303
0a010504
fa03fe00
f4e70607
0df510ff
fdf8fcf6
09f40b02
fbfdfbff
f61202fd
1708fefb
ffe9020f
f8fc02ff
fdfaf214
08fdfc00
fefcf809
fce8f911
010b0a10
0603f80a
05060202
f80b03f8
08f80902
1700fdfa
00fc0207
01f6fff6
f8070107
0bfe0609
03001e00
f905f104
feed0bf9
f1f2fafd
06fc0209
080002f6
fd0f0d00
f2fffef8
00ea0cf8
1500020a
fb00fbfd
07f10af7
070ae418
f3f9f8f0
ff0af707
03fefa05
fa000902
09fdfaf8
0408010b
fd0d000b
f9fb00f6
0b00fbf1
fdfafeed
04101107
000c0400
f6fe09f8
0409100a
0a08f9fc
f909fc16
0d0b0705
060eec06
000eff02
f20707f3
0b0c09fe
15050600
080bfdfe
13f7f9fa
f2fa0207
02f61901
04eb04ff
f9f608fa
050405fc
04f4f0f8
0009f90c
0c0201f6
fdfdf4f6
f60605f8
09020b1a
fbf7fef9
0400f7ee
09070904
f80f03fd
fb0a0705
070cfbfd
fc0c0108
0314f1f3
00f50cff
fe01f900
fdfd0601
fc0b00f2
fbfc0d02
f80317fd
1007ff0e
1205f0fe
fe07fe01
f40c090b
011f0519
fb0109ee
030103fa
090be3ff
02fe05fd
fdfffd05
f6eb110b
fc03f20d
0bfc04fc
04fbf7fd
f405f402
fff1fd05
f0ec06fb
0504f8ed
effd0a00
f60c0bf6
f9fe1000
f1090503
f112040e
fefd0414
faf0ef02
01151214
01f5f906
f102fc08
f60ff4f0
fbf9f309
f801080b
06090509
fbfd02ee
fa0efafe
f4fb18f4
05fc01f0
f40df6ff
07fdfcf4
fff8050d
ebeefd13
020503f4
e2f80514
070101fb
f90dfeff
08f90101
00f10917
f107f90a
f704f1fa
f702e9fe
fce7fe07
03031b0d
05f71cfe
fa070101
02071002
03fdfbf5
010503fb
fbfafd01
f6ebfc0f
04fd0103
0b13fbf4
0f000efc
02ff04eb
fef9fbf0
0609fa0a
fb04f902
17f70802
03eff9ff
0c010201
fb04f20a
0210f709
0b040405
0c02f70c
f1f5030a
0008f003
0707f6f5
0105f303
f5fcf809
0304001f
0c0019ec
00fc0810
080b060c
05ea0109
06110ffd
fa030d13
ee0608ff
edfef607
090af4fb
0016fcf8
fff70108
020bea0a
f4fc04ff
fe090107
fa01f5fa
ee010806
0104fe0d
040d0606
f8efef01
0df9fd05
13f4eefd
07f9fbf0
060a0907
0b02f811
05f7fdf2
0505f101
f705f310
01f50ff9
ff0df4f7
f7f800fb
0e10f3fc
04fff705
0a03faf0
fcf8e106
0b0303fd
060a1801
06030514
10010afb
04fff10b
f10afd0b
0efb0b13
00f50efc
080704f4
fdeeff03
05fff600
04fd0207
f8121406
faf200f5
0209fc09
01070d0e
fd0f01f3
00060604
fe020102
faf117f4
08faf30b
fef20004
161104f3
09000311
0a030a01
0afc09ff
0b010e0f
060b13f9
fb03f9fe
fc0502f9
07fb00f2
11eef9ff
06050404
f805fcfd
050c11f6
0cf20bfa
f9f50201
fafd0010
0b0c0404
060e0d09
f3fd0d0f
f4140607
ff040c12
04faf6fd
fe060bfc
fd05f90b
f305f200
faf90313
0c0402f8
fdfbfbfb
eff5f601
db0af7f7
01100703
000b09f9
f6f80012
ec0700fb
040dfdfd
f9fbfcf8
09070dfb
e605f500
f304fef6
fdebf9fb
e2f3f60c
fc0af704
09fdfc05
00010be5
fcfef211
02010109
f10df6fb
f90bf0fd
fb0efd06
03ecfc0d
0af9030f
fa050d02
f108f00d
f207f906
0b02f406
fcf7f6fa
fc0201e9
f80408f6
0006ff03
f90ff60e
ebf7f305
050cf612
fa00f312
0f0202fc
fbfbf80e
0912f5fc
ff07f0fe
01000902
fc07f701
edff03fa
0601ffe9
030cef0c
000c10fe
f40405fd
f1f9f908
00f20207
ef0211fb
fefbf608
fcfa0c08
0706e902
02f8faec
07f9040e
00000007
02fcf401
0bfefc0e
03fe0e0a
0506f609
fcf7fc03
f001faf9
ff0505eb
07f60901
02fce505
f8fbfcfe
01fa0bee
fc0ef5fe
02010902
fa0312f4
f703fdff
060507f4
08fcf2f5
00f704fc
0dfdfa04
fefaf904
0c02fce4
0a01fcf5
faf811fa
fcfff5fb
01fb09f6
14040600
0af8fef4
ff0605f1
ff110302
1319f6f6
04f50105
00ed15fd
ea0104f3
020b0fff
f7fefcfa
f9f00b00
02f9fdfa
020cf7f4
07faefff
f6fa01ed
faf4fc11
1205f402
f5f2fc00
fc1203fd
040602f7
f40a0ef0
0903f6fd
04fc0600
02ef000c
fdf602f5
f9010afa
e6fefd06
04eef7fd
1bf1f004
f0fc0e04
fc0600fc
faf30d08
0c0bfef0
feedfef2
ff0aeff7
0aee1209
08f6fefc
08fff7f7
03031312
eee209f6
f2070505
fd01f80f
f202f703
040a0a02
080618f0
ff1204f5
070af813
fd01060a
0f0101ee
0001f6f6
071002ec
0d0c0b00
f7f2f80e
03fc0702
ed0ff5f4
04f7f400
06fd0e02
0b0a07ef
f7f803fc
fc1109ff
f3f6ffff
f60d0b0e
07fa0902
000507fb
f4ffebfb
06ec0102
f10100fb
fd0ef7fe
fe021aef
fff7eb08
f3030bf2
fd08fffd
05030a01
f709f602
04f9f905
050df800
010215f4
09040107
fdffec09
e80606f3
06fcf906
08fe07fc
f5fff70f
f402f501
f4130efd
03ef030c
fdf7f308
ee040b0f
0bf90808
0206fc0d
09fdfdfe
0b03f9f5
0300f9f9
edfafc06
f50a080d
ed03ff0b
fafc0911
0802120a
00fef1f9
fd1408fa
02fc0907
0ffdf5ef
03ebff03
fefe09ee
f405ebfb
f20606ed
faff04fc
0bedf708
fd0714ff
03fceff7
edf80a03
03fe03ff
01f6eeff
f21000f2
fef7fafa
01f60214
07f6f002
ff0403ff
0af8f404
01020dfb
fcfd0cfc
03050202
f6faff04
fc0dfbf8
0200f5fd
f4030006
eefb0efb
17f90000
fc0dfb03
04fd0bf5
0c030eef
fc01f8fb
f907080b
f90306f4
f901fc11
060005f8
f101f0f7
effcfff3
f2fc06fb
fffbf8f7
fffbfff8
ebfe0b07
0e12fffd
f3f4fb00
f3110a13
08fdfeff
00ee0403
fafafbf5
06f3f600
f30af513
0f0df3f6
12f4fef2
03ff00e3
ff0bfc07
f6f716fe
fcfe0306
ea0605f5
04fefd08
ff11fefa
1817fdf2
0dfa16f1
031407ef
f4ef0df2
e6ff0604
ed05fc06
06f8f9f0
060df3f3
0f07f605
f608ee06
f9070bec
f20ffdfb
f5fceeff
050d060d
f508f60b
02ff08ef
01050dfe
fefbfe03
04eefdf2
0003f5f8
0d0d1814
0a0a0ded
00100300
06eb000f
0611f308
0d0af609
f60603f5
fa09ec09
01fa06f7
06fff8fd
0af8160b
fefefdfe
0c0311f1
0a07020f
fd01f215
0eeaf20d
18fb0106
fe0b07f8
fef605f1
05f70b05
fbfd05fe
00ff040a
dd070607
ff0a0100
fffc0705
f4f7fd0b
0bf210ee
f506eb04
f7fcf815
fd06fc03
0202f806
0c0f09ff
fa0bf302
0df807e8
fd0e0100
f2eb03f0
08ffec09
fc06f7f5
01f80603
f40b09fa
0c070101
ff0101f6
fffc0e06
080ffc01
e804fafe
f90cfe09
0804eb00
00fc03f8
090504fb
0a03dd07
fc09010d
f0070cfc
ee0802f7
0ff90601
04fbf213
f80b0aff
03fe0809
07f60f01
f1f20803
1907080c
0dfafbfe
0614fef8
f40211f8
ff060cf9
f9f6fd05
03f70909
0a011af1
05f909fa
0500fbfe
f106ee04
050111f7
ee03041d
03070908
14f300ed
f60309fe
1305fcfc
fbe9fcf6
050312fe
01040210
fefe09fa
f4ff0d08
17ef05f5
03f5fb00
05fe07ff
f90f0200
02f103fa
fa06f2fc
0201fd06
fe09060c
0306f0fd
02fe08f9
01fb04fe
0cfefbef
13e801f1
080cf609
0bf40bf2
06fef107
ff060df4
fb110602
0002f6ff
06fc05f6
f100fdff
060a080b
fbf8f605
e8f9f7f7
03070af6
1b020600
0bff0600
02f4f8f2
04fefcfe
0309fe02
f1f3fa05
130f0105
f8ec08f8
f50100f2
03131efa
ff00f3f4
fcf9100c
0200fe0e
f90f060b
01fc09fe
fef0fa00
0bf41200
fd010b02
02fd06fe
030de801
08f7fb06
00ffedfe
0bee04fd
02030b15
0e18e5f4
05f80d05
07f91608
09f415ff
05f1f305
00f9ffef
03f607ff
feeb0d00
f5170afc
060a0604
04f012ff
07fdf218
fffefbf8
f3f2ff0c
020b0408
fe090110
f6fb0b01
0701fa05
0ef6020b
fe16f80b
06e609f0
08f707fd
06020f09
f9fdfbf5
f6f5f605
0109080c
f7f6f4fd
f8050607
ff081103
f70c06f7
fe01eff3
fb14fbf8
fa0202fc
18100302
09f210fe
faf9feec
02020f01
f9fd080c
ff0dfe08
0a000706
fc1017fa
0dfd0f04
05fb03fe
01080dfd
060f01f9
0efdfb00
f7000103
080cfd00
0ce2e3f3
03f80a0a
1005060a
fc0a0706
fafafdfd
fcfdfaf9
ff07f104
fafb080c
f804f00f
02ee060d
0003fc08
03f2fd09
07f8fa0b
f4fa0af1
06fa0a09
0301f305
f809f80a
140006fe
090104ff
0400eef9
f9ecf5eb
f4f105f6
fa110aff
effffe03
11f8eefa
081101f2
040803fe
06030a0c
06fcf903
06050d08
11fa0617
fff5f407
f9fa0cff
02f1e1fa
0b080905
f6021115
faf70106
01010e07
0a04fdf9
fdf3f2f5
fb0af607
f900fb0a
f8f8fe0a
07fffd09
fffc0900
f4f40717
10f3080e
fdf70ef7
fafb0cfb
0205fe10
1f0004fd
02fb0c02
f9100308
fb0f0407
f70305f6
03100008
f204f800
0b0006fb
f3fa0909
0102e50c
e90d0c0d
04fc14fc
03ec0108
01ff0af5
01f70601
fffcf603
f606fbfd
0508f4fa
01fcfa04
f6f6fa05
fae9fe0b
07fa0108
0408f6ed
030df2f7
f7f3f808
00fa06f7
fbef0ffe
02f9e0fc
fbe11410
f5fbfafc
ff060dff
14f2f7f5
0afaef02
07ef00f4
060301fe
03090503
f6f50b07
00fff406
10fcf809
08f9fd08
040d0cfd
fdfaf410
ef11010a
eef901f9
0b0af608
00080d0e
0a02faf8
fefefe16
06f901f4
07f6f607
0902fc08
fc040508
fe0cf700
01070200
fb020a00
080903f9
f000f205
070406f4
0606fef7
ff1c03fd
f00cf603
03fdf4f8
030908e6
f717e8fd
fde2f504
03080505
fa08fef7
04f5ff08
fa060011
f103f00e
010f0400
ec00040c
0a0302fc
f4060805
fff4000d
fdf1fa0b
07effffd
00fe04fd
01f403e9
060c060a
ff0414f6
fdf4fd04
f807fd15
fe09170b
03f706f3
f503030e
fc0201fe
09f40a14
f9f0f2e4
0aeefb0c
fdfe07f8
06f2fa04
15edfbfe
fc0a0301
0ff9f9f2
0bff1f04
13f2ec11
05fdfdeb
03fd04f4
010a0005
00f90e03
1501ff09
00fff000
fdf3fa05
f5120303
fdfcfe0f
fdfafc09
fcf4fff7
fff2ff01
f90307fc
f806ef11
fc04fcfe
14fdf704
00010ffc
faf400fd
07ff1507
09fe1504
13040505
05fbeff9
0cf90200
fefd0401
09fb0cfd
f91102f4
13fcfb0e
0900fbf5
ff0003ee
ebfe04fd
07000205
00f7fbf7
f3fa0dfe
0300080c
0e12fd09
15fe020a
fff9fe07
fffe0b02
ff070701
0009fde7
0bfef5ff
f6100900
f5fd05e6
f9fafafc
ff09f8f8
010b0dfb
fe150f03
fd0d0e08
0e13effe
f6fafcf7
fcf8f1fa
030b07fa
07f8f212
f8ffef05
f215f3eb
f60813fa
fb000900
fa00f4f2
0afcee09
feea1403
00000d05
fd0307f3
f608f5f9
fafffdfb
0b1507fa
f5fcf9f5
0212f30e
fdf61800
041300ee
f707f608
0d0600e5
f3f3f80c
0504fcf2
f7feef07
0304f602
0eff0306
0606f804
0e02f80f
edeffefc
f80403f8
06fc0afb
091b0ff7
f503f5f2
f7fbfaed
eb0a12f0
07f4fbe8
e604060b
030e0009
fcf1f703
fc04f012
fff506f4
f8fffb03
f6ff0b05
ff0506fd
f609fa02
0dfcfa02
02f10bfc
0011fdfc
0d0bfafc
08ec0003
000a00f8
01f20bee
02fdf4f6
ff190306
04ff0dfb
fbf8fa0b
f8fdf706
0b010af7
fc1205f3
faf100ff
f20f01fc
0ef7080e
fbee0bf1
0dfbeb0c
fb1003fb
fefa0de5
000df40e
fff9f506
f8f40d18
0dfbfc09
1003f1fc
0b060ef6
f0ff0505
faf6fbfb
0a0bfdfe
fefc0dff
f2fff7fe
04010511
fffb10ff
fe02f20b
020b18fd
fef7fffb
0c09f2f5
f00b04fa
000505fe
01fef40e
0203fefd
fcfafc0a
f2040903
00f9fafb
04f309fa
0a0208f3
fdf102fe
0dfb0fea
fb00fdff
fcff0511
f9f6ef00
03fefb01
090604ff
070af908
f9fd0af1
0ff90b04
090e04fb
f9f5eb0b
06fcfafb
0b0ff4fc
fdfffbff
f90903fd
fa0506fd
ff0301ef
0ffdf60b
f3f909f8
09f3fa06
fa10f8f0
f0050a07
fd030322
17fff702
03fc080f
fcf7f0fe
0802f802
ef0700f1
05f2fc05
fef1f105
ff091110
08f3f90b
fdfff803
f60902fb
f606fa01
07040903
f305021b
0508f10f
0ff6150d
00fd0205
fffffb06
fd050402
ff0ded00
02e2f8fa
10f9fbf8
f9ed01f7
fbf7fa0a
e9f70103
07fafdfb
090212fd
f800f0f9
fd0003f7
0c03f507
190e05fb
f9f5e80d
0500f508
1a0d07fe
f701fd04
f8fb0ef6
05f9f6ff
0b040502
fcfe0bf8
06010af8
0df2f5f9
f1f0ecf1
fafd05f1
f2fd0f17
f7f9f9f7
0409f001
fb0bf707
f809fbe3
0a08fe11
ff07e6f6
f6fdfded
040a07f3
ed110cf7
f70914fe
0503fe08
03fcecf2
fd0a02f5
14f8fef9
f7f707ef
ff0404fc
04eefdf6
13f20c02
10f4fb00
fcfb0eee
0ffbfff4
07edf009
f6f5fe05
fc00fef4
fb0317ef
05ee0209
f704f3fd
fcfe0704
0d060114
f000ff04
160efa08
fb04ed01
fb0ff1f7
0afdfb07
00001004
f60fea0c
0009f003
fa0104f8
f2ff08f5
ff0a0602
0bfef0f8
00e6f7fd
f90efdf4
fc0109fe
fffd1913
070906ee
05fc0b0a
f008f510
03040005
07f0f9e7
fff2f504
f3260907
03f1fd0a
0df6f209
fd15fb09
07e60bfc
f8f905fc
f305050b
0a0ef602
02f8f7ea
08ff0509
fcec09fd
efecf6f9
10fae8f3
01020400
f9fe08fa
0afc01fa
fb07f812
15fbf706
05f008ed
0df2f505
000c0d09
fae7fd07
0a03f903
0908fe09
fef80806
f9fb1a05
f503fc03
0bee0b01
0800f5f0
0900fb01
0405f5ee
05ff0506
fb0513fd
02fe16fc
011706ff
eef80500
f70ff1ec
fe00ec03
08f106f0
000dfa08
ebff0102
fef707fd
08f3f902
04fffbf5
f514fcfa
f1e90204
0af6f606
04f8fe0a
0502fcfc
0f06f900
0d00f309
11030f07
0ff6010b
0512ffff
0412f7e9
0a0414fc
e101fc01
f7000901
010308f9
0800fc05
ef0504f2
edf411fb
ff060807
f8eef311
040005e7
02fdfbf2
f1f4fa05
00f610f4
f6f7ff09
f6fafffa
0c09f0ff
07faf202
f4070315
fcf109f7
fefa01f6
05fc0108
fffd1303
0603f8f5
fb03fef3
fc09070d
0bfb0509
0a051700
0efdfdfc
060dfd07
f70307f1
ff19f402
fcf4f205
f4080ef9
fefb0ef8
fcfd0807
fbf004fa
0edef9ef
fafffb03
0406f1fb
06fff808
f8fcff01
fefef402
0cf3fbfd
02090e0b
fb05fef8
f3f700f5
fff9edec
06f40601
f0f307f6
04f2030a
00fcfe08
0402fe05
0104f5f7
0f04f1fd
f407ed07
0c0d1107
f603070a
010320f5
0800ef0f
fffa0cf3
0b0508f8
faff07f3
01f20106
09fef905
14f80a02
fef5f0fd
fbfb0400
ff17fc0d
09f71807
0609ff0f
1900f4f1
f8fef209
f40a0709
00fefc0d
09f3fffb
fd0907fe
f9ea0b0d
ff04f4fc
0402fe02
f6fd0809
020b0c06
fbf4f3f2
0afdfcf7
f8effff5
06f900fc
e6f8f9f7
f50305f5
040a0314
070011fd
fd110c00
e80ff107
09f20d00
fc03f0fd
fffafb09
fa00f201
00ef0006
0c1cf8f3
0f0004f7
06f508fe
fa0df3f8
fffbfa0b
ff04e9fb
07f105fc
09f50c01
f2fefc04
f90711fc
fd06f8fc
0107ee04
0400f7f8
010b0513
fe09fc16
06fbf2fd
0408fef5
fffa0102
eb0a02f7
f31b05f5
f00403fd
f9fdfff9
1501f004
00fe0200
f5110205
0116f10a
00f6fff1
f401f608
ffff0f06
fcf9000a
0aeff9fb
fdfb0301
f5f606fd
f8efff0c
040d0cf6
09f7f9fc
0d0500ff
f0f10f00
ef100df7
f909fef4
00fc0e04
03fa0902
04fa0018
18030603
fdf90c00
1df80502
0419fcfe
eb0a0303
0e0bfbf4
0501fffe
0af4110e
14010605
0d08fef8
f6f9ef08
ff030108
f00f00ef
0bf9fafd
fdf6f80d
f7fe0403
ff10fdfb
f9fe0309
fb100afc
f8fc0701
0a0e0c03
faf6fd0c
f91af6f7
0d03fefa
f80a04fe
0af502f8
0afff608
f9f3fcfb
fc0e0806
10fcf701
faf90aff
fa05fc05
fafdf708
1505e908
04f4f8f5
fef7f211
1204f81b
0408ff06
0712f9e9
1d0f0cf9
f409f800
0bf600fc
0efdef01
fcf5f4ff
05fefa02
0feb1113
ff0bfe04
0c18fbfb
0811f7f3
fcf31406
080bfefd
0019eefd
000cf7f7
fb09f0fe
12010204
00000907
fde803fb
0ef3f30d
f9fff301
ff0c12f9
eb0607f9
fcf70609
fdfcf601
08f90505
faf406e5
f80708fd
080819fb
03030404
090ff5f9
f6f4f905
fcfd0015
0d08eafe
f7f908fd
08f003fe
0700fcff
ffea0906
fe0808f0
fbfaecfe
02030208
f9fe0f00
02f806fa
fe0402fa
f6f80703
f2090c01
0105fcf7
f6f50df7
1606030a
10f402fe
01f70602
0900fbfb
07010302
00fefff1
07fdeb0c
0af4fb00
f01a06ff
fc0bfb09
000300f8
fa110d03
f3f70c00
f0ff11f6
fdfff5f4
10f1fcfe
01efeb04
0205fd02
000ef608
0f0402ff
07f705f4
ff00030d
1606f200
0a03f8fc
1ffa0e01
ef01f607
fe0605eb
0800f008
f2f8fa03
fb080df3
0ef30002
fc00f510
05fd1c01
03fbeeef
0ff6f914
0eff0400
0aee0e03
edf8fefc
fcfd0b0a
01fe0100
fff4f80f
ee0cfef5
eeff1103
f4f202f0
0bf50f07
0aec09fc
09fef9f6
0509f3fc
f0fbf6fd
08f5f8f8
fc06ee01
0008f9e8
0504f4fb
f5f20806
fefcf60a
0601e100
13faf5ff
fb14fefe
fd021008
fc01f9fe
0af902f9
fbfdf50e
00faf9fb
0611faff
02060900
f8f5fbf0
0807fef9
f7070102
f9011a01
05f3fe05
fdf400fb
fef3f8f1
02f7effe
f9060ef9
0cf503fa
fff707f9
010d0bfd
05f3fe0a
060afbe9
0402020c
0efb03f6
0002f4f3
ecfa0817
03fc04ff
000108ff
fc0603f8
fc0f0b17
f9fb0703
f50107fb
04f4f2fe
e7fff6fb
07f8ee04
0007f7f2
0c04f800
eceb05fc
fa001114
02ff0206
0600f8f8
ea00fcfe
00040e01
02f7fd09
fef90205
06f80408
f40df40b
e40b03fe
f814edff
0b020108
f510f407
ef0e0b06
e6fffdf7
f4090cfb
09fffeed
f4fcf9ff
0c03050b
f903ed14
f9f900fb
0508f709
07fc13f8
fc040afd
eef1f8fb
f107fffa
f7f6040c
01ff0afe
0501feec
00120504
0ae30e0b
fe0b02fa
fcfb0606
0709e904
fded18ec
03020406
e3fef6fa
05f2040c
fffe08fd
07f5fb06
faf7fe09
0607f903
06040c10
f8fdfbfd
fcfbf701
fafef9f6
0c1107fc
090bfb1e
f8fdf6ef
f2f5fffb
fdf5fbfd
f8fbf00d
04020607
03e613fa
feff0cf2
fb0d0d01
f404f2f1
11081b0a
0103fc05
0b0203ff
edf90502
f7f706fa
01fa0900
fd0c0209
ec0ef708
f9f8f211
05f70103
12f504fe
08fa0103
f606f100
02f4f400
fa040608
040af608
0303faee
02080508
04eb0a0b
f009f30b
fe0dfc01
fe05fb06
f6fffc02
0a0302f5
fcf9030a
f7ff06f8
f30614e9
04ef10f8
f0fe0803
03110416
05fb1500
fa08fd00
f3f2fbfc
f900fdfe
fbee03fc
f308f6fa
f4fd0c0b
fe0008f1
fd0b0902
0b06fb05
130b0000
fefffd07
0d0005fb
06040107
0f0d02ef
f7f40502
fcf1fa0b
ffff110a
feecfcfd
0704f903
050a0300
f2ff0907
ee0c0dfa
0207f0f3
f2070af7
050012e8
f30ffcf0
ea06fafa
08ec090b
040ef6e6
ff0b0703
fb020e13
090af005
1cfb08ff
f70112fc
0903fcf1
eff104fb
0a030dfe
fd0efafe
f814fdec
f502fff2
feed070b
06f4f7f9
121a12ff
f7f1080d
13080906
f50b040a
00ebfbf3
110bfdf6
fbf8effc
08ee00fd
ee1000ff
010001f4
fc06f407
0b00fefa
0206faf2
00fc02f0
f7f00eff
f6fefbfc
f9010d06
fb01eafc
fe04100f
f2f806ff
02fa0f12
120705fd
fa0df307
f9f2f811
f608f103
f1070b04
f900fbef
0afcf101
06fa00e8
f4ef1401
ff08fa03
040305fb
0cee1205
f70ffefc
08ffebf6
fe08f307
0afd010e
f40dfaf7
fd030201
ec01f9f6
1c01f3f9
060806fe
0003f6f2
f915f9fd
06fd04f7
080ff8fa
fdfd0201
031012f3
f0f2ff04
03f7f200
1204f7ff
06091605
02fd00eb
0715f206
05f9f50d
0705fcfc
fc0601fc
fb04fb01
e7030417
f7fb00fb
0b0e02fa
ef03f804
fc03f601
fae40007
0dff0a03
f4060601
ecf400fe
010b01fb
05e4fd10
fc0517fb
09010604
0211010a
05f5010c
fbfe03fe
0b010005
ff030d0f
0002f307
00faf7ec
fcfb0003
ee07f4f8
0cf2f711
f508070c
fdf610f9
0bf9fb01
fd0c0e0a
00fd07fd
f2010ff5
fcfbfa04
030efcf8
ff0800fa
100aedeb
f205020c
0d09f0f5
0504f706
0409fdff
1106f705
fdfe0afe
0f010202
faf3fc03
f9ee0803
03ed0602
f60300f5
fefc0af3
fcfa03f3
03140f0e
0cff0efc
f5f80002
0302190b
fc12ff0c
0101030a
0111eaf3
060f0f0b
f8fc1a12
17f9f704
14fdf4f0
f401fbf5
02060000
f60eef0f
faf9f905
ff0105e5
fdfaf514
e6fc02fd
00fd00fe
040afbf5
0802f90e
151014f1
fb050305
0f16faf6
fefd04ee
ff11fdf8
f8f706ff
000504e9
f6000703
fdfd15ef
01030de4
fdfa0209
f709fe0f
030201f1
fefdf7fa
f1090c0b
fc0919f3
ebfd05fe
fef81a00
0c050205
04ff110a
f5f3f503
f2020e13
fb070302
01f9f5fd
fc03ff0f
edfefd07
fdfdfa0b
11060bef
0302e5fb
f0fb020b
fa03faea
fcfd0302
0807080a
0c000bef
0deeff10
fded0e04
fe0310fd
14000cfe
f0fe11fe
fcf20afd
fc111505
f6fdf8f7
f30311fe
04030401
0806051e
fe0903f8
fff7130e
eb05ecf1
ef010e01
020c0504
1100fcf3
010706fd
f1f6f9f4
12f7fc11
fcf7fe05
0102f8f6
f7f300fe
030cf0fe
fffdfaf5
080af915
f5fb0203
08fc04ff
03020305
04fcf9ef
fbeefbfb
f9f4f902
0200fa0a
0701fbf9
09f602f4
1103fe0c
fb01fe01
06fd0ef2
0301f702
fc05050b
04fe0a08
03090409
0d0002f9
02ff0304
f6fd0608
0c04f9ef
f60afa04
07fe0f03
1002050d
080312fc
04030a00
fcf4f4fa
02edf6fe
f50409f3
fd0402f1
fcfe04f6
0bf8faf4
fff80708
08f2fffc
f301f60d
0ffbfafa
f305f3f2
0001f107
0706ee01
f510ff0a
00f60803
f1edf90e
f4f814f6
010012f4
04ff130b
ef0bf9fe
f6f606f8
14070ef8
0af8ff08
fc090406
f8070704
fcf0f003
09fffdf7
eff9fd07
dbff07ff
12050709
0df6fe04
fef40701
f1f20aff
fb0301f9
0f07ffff
ff0c050d
19020000
f8060e03
11fef2f0
fa07fe05
040aecf3
0a070cf0
04f907fa
f106f500
08050b13
ff07fbf6
fdf8040a
fc06faf6
f907ee04
13f7ff10
fc000003
11f30110
03ea04ff
02fa0002
0309ff05
0f08e413
030e0f08
08fe0809
000405e7
030b0cfa
0bf8fa04
0c1300fc
02f7ef05
fdf817fe
0b06f9f8
f8f206fe
f704fcfa
f405f20b
00f501f5
09fcfc11
10eb03ff
02030606
0af400fb
06fdf6fd
f204f4f9
1203f100
edfce30a
05f9f606
f006fdf5
020dfc00
ea1503f1
03fd02f7
f5f808f4
0306f4fb
0f0efb06
0108f4fb
f80bf4fa
100303fc
fefdeb0b
010608f2
f4fef8f0
04f9f405
f61005f2
04ef0d04
f00b080e
f3fb02e8
110400fc
06fffc09
fc0eeeff
f709fd07
000914fc
00fa0800
fb03000b
0304f702
f306ee02
f7eb0cfd
05f20ceb
060012fe
fd0b0905
071214f7
07f1f7f7
fe0f0605
f8ef0400
09010305
ff040607
fae2140a
f60a030a
fcf0fd0a
13ff0700
f9fa0af5
f9ff0206
fe00f00b
f6fa04fa
fef7070b
040cff05
fbfe19ff
fef7ecfb
04160df8
fdeaf00b
00f301fd
fcfcfb12
fcfae700
fff303f5
fd13eefa
f9010000
faf5f500
fded0809
04fa0dff
00040410
1208060f
ffff09ff
fafb0607
f70df4f9
02fbe60c
fef602fc
f6f9ff09
0506f1fc
0713f9fd
eef504f5
fb12f507
0a060d03
040109fd
ff12f008
090004f4
09fb080b
ef02ed00
00f30705
10fc07fe
08fcf105
ff050bf3
fd05fe03
05040403
03f601f6
f4f30901
06fc030a
17fdfefa
0207fc07
f9f4fcfc
f903f20d
0e0f00f7
ffe9f701
f908ee00
fe06ef05
0b0307ef
f703f70f
e800fe00
01fafc02
ede70bfb
03fbfdfd
ee000500
0c070b05
f9000a04
f90010f2
fb02fde2
020e01f8
fd0bfaf7
f20cf501
f0050806
09f00900
060c010a
0403f811
f60203e9
ea0208f4
02000309
fef9f9f5
04f6f3f9
0207fc02
090805fa
fc02e600
0007f703
f80ff5fd
0511f3f0
0406fcff
0d12f40f
011300f7
e9020b00
f10e02fd
f5f50b02
ecfb1103
07f0f404
050f0d03
f40c0f0c
fbfafe05
020d0118
0bfd08f8
fa05000e
f7f5010b
0beff9fb
02faf8f9
00fe00fd
fe080c09
01fd0e09
f5f600f8
f911fa06
f905fefd
09ff0004
f30904ed
0df305ef
090dfefa
f50afef1
16f715fc
01f8fdfa
fb010202
0706fa0d
0dfbee0d
f0f210fc
efff06fa
f8f7efff
f4ff0706
f702fcf7
f0f7eaf8
1006f4fc
0a06000d
ff0209f5
010bf815
fd1303fb
0509fc13
08f8f50d
06e3fdf7
f90e080d
03f7fa17
030aee08
0ff9fafa
fc020100
0b07f700
f602000e
08f6f3fd
0000fc00
11fa0600
0dfeff0d
0e030403
02ff0109
f6ed08f2
f0f40ff1
f0f6fdf7
f8f802f7
f8f8f50a
05fc000c
fbf811fc
fc060b19
fb030aff
06f804fe
05f807f7
04f1f8f7
130202f6
07020f05
fcf404ff
05f40007
f60dfd01
fe07f7f7
f103fd09
fbfd01ee
e2110d0e
0509fbf8
fbfd1604
040007fa
04f9f9f7
f7fbf900
10fcfc12
03fcecfd
0a03f702
f30dfdfc
f9f80b01
fef9eb06
fa0afb06
0e05f8fe
f4eff5fe
06070af8
f50bf9fb
02f5ee0c
fa0b0403
fa0df7fb
f3f7f0f9
070610fc
09ecfef7
faef0a05
0b01fef7
0403fd11
fc0e03fa
f4faebee
fbea000d
f90af512
fa04f6ff
0403fd01
fd0707fc
f10d000d
f8fc14ef
00020ff5
f1f2f7f2
fefd03f5
060e0915
f708080e
0105fc0c
12fcecff
f1f0f6dc
10fe01e8
02f60819
fc02fa09
03fa0519
fbfcf013
fb0c14fa
f6ff05f3
05fcfe0b
06fb070d
08ff0806
fef405fa
1009f6f8
fefa0402
f100ef02
fd0c0704
fa0a0204
0202f4ff
02fefd00
f905fdf8
f204f311
f01e0afa
04041403
f706fbf9
e00706fc
f8fcf407
f40bf602
0dfd02f7
08f30dff
f7120f0b
fe00f4fb
0af2f30a
040a1701
05fffef0
f70d04fc
0bfe0202
fdf40eff
f011fcf4
edf60b13
0ef805f9
0a160706
05faff01
13f5ed23
14030cff
f9fbfaf7
1001fc01
05000a07
fb0305fc
00f1f0ec
01050f09
fcf709ff
fcfbff03
0800f50d
09050208
05fdfafc
180608e8
11fd0704
0103fd01
ed0a0a05
fc0d12fe
040bfd13
fc0a00fd
0202fbfd
070d04fc
05fffcf8
05fd0509
f8f5f306
f8f50001
05f904f8
0cfc0c07
faf3fb04
fe0c0102
fb00ea01
fe1108e8
0cfae9f5
f2fc05fd
fd090001
02ff09fd
02020004
04eff4fc
fcf6fb00
f8f50b00
f3fff705
0bf4f50e
fe08110b
fe0ffe06
00fb1107
f7fef8f5
faf804fb
09f70901
ef00fefc
f1060cf7
01150104
0b0a05f7
0aff0304
f4fcf703
f5041003
04050b00
06f4fa06
f2fff4ed
17f7ff06
0603070f
0a000c05
02f9fafe
06e91104
ef03fdff
e6101507
f70511f9
f905f80e
161001fc
10fd11fb
0b020a0e
fefd07fc
0b1002fe
fffefeff
fcfafcfc
0b0906fb
fd09000b
000a020e
fbf9f0fc
f2f3f4f8
0cfff60e
03fe0404
12f806ff
f9f60efa
fbf8fcff
f30b05ff
f2f5fdfc
0408f714
f6f9eefc
f00207f7
fbff00f9
f3fc08f2
fb11e301
140bff0d
fa03fb0f
fdfe0713
03040609
f801070a
f9fe0206
eeff01fe
edf4f606
fef5ef07
f4f90d01
01100107
0d02e4fb
ec040b03
f1fbfe03
08011009
faf5f810
000bf2fa
020f0ff7
00ffeff7
f8080ef4
0feafd09
f9f3fdf8
00fc050c
f8fef904
f4061102
fffe0a09
0408fc03
f6f7fc0b
09fbfa07
fde009e8
f9fff9f4
10fcff04
05030612
0018ff0b
f6faf9fe
fef002f1
0af3fe13
fff90408
f716fd03
030311ed
0301fef2
f902fd01
0cfbf904
fefc0bfb
0b01f909
faf0fb11
0406f4fb
fe0b070d
050505ff
f50e07ff
0406f20d
fbf60dfe
f804fef9
fbe7f30c
0bf8faf9
060206fc
070bf509
0dfc04fd
050e0c04
fe100206
0301f509
f6efeff9
fefef508
0b0505fb
04ea0ffc
f1f70007
f9f31115
0913f40b
00050e06
1110f713
03fa0507
0405fe00
00f3f708
fbfa06f5
00fdfa03
080af90c
0b02f304
f8120607
03f9f7fd
fbf2f2f9
0d00f217
0a0d05fd
0dfe010d
0ff317ff
f4f200f1
04040004
0c02fcfb
051100fc
fa140c08
1007090e
f60813f8
fcf5ef03
f3f70402
f71bf8fe
1003fc02
f70402fc
06f301f6
000d1219
04e705f9
ff0bfd04
0e0df6f5
fff906f1
fb09f50a
fd020103
fdebf1fc
08fb09f0
fcfcfa11
f9f80616
0a0fffe9
00f803ff
0b0508f2
f5f9f0ed
feecfd01
fffff903
fffe08fb
03030df6
11fdfb04
040ef200
00fb0110
ff07f608
fc0808f3
08f5f6fc
01f00b03
fffe00fc
fd0804fb
01fe040b
ff10f0f8
0a09f2fd
04f70def
03110003
0d060d06
0dfef4fc
fbf5f60c
030e01fd
0c0301fd
0df6fbf3
03f4fd00
07e80214
f40afbf2
f709dfe9
06f100ed
021d00fa
00f800fb
fcfcff04
fb041c10
18fc07fd
f608f006
0203fd0b
f90505ff
120704f0
f4ff0407
fcf8f7fe
04fb05fb
fbfffb06
06fa00fe
f10a06f6
f8fe06fe
fbfffeea
03eb03f4
edf3f504
fefafcf0
f9f6f8f9
0cfeff0c
ed040401
020bf60e
e7f4f4f7
02f9f8f9
08fe0802
fd0afbf5
fe01040d
ee01fdf8
07eef906
fffcfcf1
e60a05fb
03f2f7e7
f5faff0f
fd0c0608
00080d01
0206f5f1
0afbf800
fff5ed0b
fbf9000f
0efffcf6
05f6eaf8
01f4f303
02fced0d
f5060913
06fef5f6
080800f0
00fd03ff
fe050b06
08fd05fe
090d05f9
03f6fcf9
fa03180d
04fcfb07
fdfaf5fc
fefd100a
fdf80a0d
0efaff09
0412fff8
fefbfe03
f90c0513
0a04fbef
06fd0203
18f503ee
09fffb00
00f805f5
f10cebf8
f3ff0df3
000d0f05
1afc0c17
f4010c00
f6f602f2
06fdfc01
f302f3fd
17f801ff
f70001f6
fd16f5f8
f10903fe
04fdff1c
050703ff
f60a0105
05f20a15
11fd0304
fd0bf8fc
f80d0b0b
09f9f10e
fb0df800
eef8fdfe
02eaf0f6
f415ecf7
0101f0f7
ff060bff
fa02fc08
05fffffa
00fafef4
16100b07
fefcfa03
faf7f5f9
0e06f4f7
03e7faec
11f810f6
0bf9f509
ec12f9ff
0213f9fa
f7fc0801
ee0ef10f
05f8fefc
fcf6f6ff
fb090409
0701ebef
f4f8f404
02f1fc0d
09fd0c07
0cfc08f9
0311ebff
fd02ff0e
04f8fef4
00fb0603
1207fa06
ff00fc02
fa0c1403
0c040d05
0f05f5fc
f20602f1
ff0f1207
0bf6f9f9
ea0dfaf8
fd020a0d
fc0e000d
08020901
e812f6fb
e8050808
090e0902
fd0d0502
fbfafdfe
0b08f2f6
05fcf602
11030104
0408f600
0c0a0809
06f1060d
0500f0fe
f808fbf7
0e0d01f6
f6fe06f2
f10ffbfd
030cfa09
05fd00fb
f709fd0f
f4050000
fcfe16fd
0409f800
fef9f508
f1fded01
001407fe
04fe04f9
ff0ef3f3
0e000e01
0af8020d
f5fc0d07
0bfbfaf8
f3f71bfd
fd06fdf3
000e0307
f606f2f5
fc0c090a
fffe09f4
fcf4f1ef
05eeffe9
f6fbf5fe
e10d0700
f4041105
0703f504
00010602
0e07f8f8
ff0f0506
eeefedf3
0613ebff
ef0d010d
f906fcf2
08fe0cfe
06fc1206
f90fff09
0a010df8
f612f6f8
f407f9fc
fa0b0dfb
0103ff09
f8f5f70f
02fcfefd
f5fa01fc
fcf20c09
100215f9
03ff11f4
030f09f7
ff16f4ff
fafa01ec
03f5f913
f8ff02f8
faf5f7fd
0201f50a
0a0ffb0c
060f0506
fdfff3f7
1afe1af1
14f7e803
f9e9140a
0103fbfd
f501ec18
fcfe09fd
0c1502ff
0e041011
08fbfc06
e80504fc
080a0108
0302fff8
03fa08f0
0af7f400
0d01f506
0605f809
050313fb
06fb0102
fd1002f3
01fd09fa
f7f6fe0b
f00b0afa
f7f51103
f5e3ff06
f31af2f5
f9110409
09010701
040bf808
f90a09f7
fff60908
fef606f3
f3f7040d
12f304f5
040105f8
00e7fa0a
021110f2
f7f6fcf4
ff041814
f2fdf81e
f209f205
09050109
ff01f80f
00fbfef7
061ef707
f81005fc
f90ff901
f008f7fc
05fdfaf6
f7080cf4
f5fbfb02
f81ffef7
f4fd03f9
fb0b15fa
f0fd150a
fd020cf5
f5fbe4fc
0a0c09fa
0afbea06
ff18f1f4
040d0004
fe00f808
09090df0
f5f5fb0f
05f00002
06fd13f9
060f03f1
f50116fe
f607fef6
0cfefe11
fcf80bff
18fa07f0
fdf71104
08fe0906
f5faf2f6
031606f0
11f10d09
f4fc0601
f9f0ef00
02031202
ec00f5f5
f7f7fefd
11ee0a07
fdf60cef
0c07fc09
0b051100
f30106f0
f30416eb
edf7eef1
f5fff9eb
06f4f916
f5fe0cf7
11fced0e
0c02ff04
0e0100fd
0604fc01
0113ff04
ee09fbee
f7fd080c
090afe0a
0bf70cf0
01f60707
fcfdf704
09fef8f9
fcf3fd03
fcfef809
f4040f05
f6f7f008
010d02f2
f6ff0207
f7fa00ee
0e05fa14
fe0bf404
f301000a
fb04fbe8
09f0f5f0
f10505fd
fef8f609
0af90afc
05fbe90e
f3f803fe
fb0f1704
0912f2ff
f8fa04f8
f3ff0302
06ed2107
05f90302
08f604fe
ed071403
03dc01f8
0eff0aee
fef60ef9
f3fdfcfc
fefd01f6
000009f5
0a0104fd
0504f50d
0302f900
f6fe0904
120a0400
fc02fd07
0d0407f5
fc060f03
f6010b08
04fe0207
f80a06fc
fa0407f3
0dfe0205
ff0d0ce8
060404fa
f7070006
01fe07f2
f10aff09
08f40efe
f8f8fd11
fc031101
07fce8fb
f6fc01fe
fff3fa03
07fbf704
fff1050a
03fcf8ff
fc050612
0ff004fa
fb00ff08
0d0bee08
fffcf912
f601f9fa
f1f2ff13
fc060700
0aff0208
040107f6
fefe0afd
06f0f30b
07fffef5
fb070311
f8fcfa09
f6fbf7ff
f1060315
f8fc19fd
14f60305
f5f8f9f6
08fe0e12
f5fd01f8
f102ff05
0ffeebf4
f0f9eb0c
ff05edfe
ec08f9fa
00ff09f4
0b03fdfa
150c06f0
f4f713f0
0f040600
fd000a10
fcef0500
f8170106
12f9f3f8
fefffc06
f70306ff
0900f60a
fe0af403
00030c02
ebfbff04
0c0bedff
0209f8fd
ef120404
0c100705
07f40107
041605e9
01fd13f8
f701fcff
07f8f300
03040e06
f604ebff
f6f502fa
05fcfbf2
0af601ff
f703fd05
f8070609
fd16fe00
060c0007
01f70106
01e8fdfa
f2eff8ff
02f0f70b
f108f9fa
130b02f5
f5fb080f
140e04f0
ea0d05fd
fdf9fe06
02ff0a0b
04f302f0
f70cf9fd
ed03090b
fe0705f1
f9fbf9f4
ef00fcfd
fe05fc02
0bfcf40c
fdf30803
f4fe0803
e6070304
04020407
fd07faf9
090ef702
02fd0708
fb000204
0bfef204
0effe5e2
160ef402
0a190008
f9f60f07
07fbf2f9
f2fdeafa
ecf1f605
fdf9fd06
0dfe0c06
07f502ef
08f50409
0908f6f6
fcfdf506
06080202
fa00ddf5
fefd0109
f80402ee
ff06fe04
1103fbf7
020c08f6
ff00ef08
f2000104
0103fa0e
0f091903
fdf9f900
fc0504f4
0807f5fe
f70b0506
11fd0a02
ff1002f7
03f5f6ec
05f1effb
f806ec07
f0fb0c12
f3ff07fb
0d1004f6
ef000605
f809f302
f5ff0a03
f707050c
0bf6eeff
0d0202fe
ff050d03
00fb00f7
f1fbf6fa
fe01eef5
1301f307
09f4fef4
0df4010e
fa0b1701
fd000afb
0b07f901
f0ff090d
f9f50502
fefffe0c
f3020af7
05edf70d
0801fef8
ec0a0302
08fbfb00
0612020b
1304faf5
fe0af5fc
0ff4f404
f6fefb07
00f6fc0a
100408f1
0aeaf8f4
f6f80307
0a01f909
fafaf2ff
f6f4f9f5
ff0702fc
fff1f701
0bfffcf3
15f8f807
0909fd0b
fbfbfe01
f2070a0a
f803f204
080b0104
f8030702
f8f9edea
0afa01f5
090610f1
f909f10c
0807f8fc
0601f5f8
f4f20003
1e0a04fa
0efafcff
0309f2f9
0203050e
fbfa0ef9
0300f3f7
fcf80b00
fb04fc0a
08fb0201
060413fa
f1f807f3
fd09ef01
fd07f106
ec14f803
0b06f5f5
f9effcf5
04edff0d
031000ef
eb1401ff
02f20f01
0df7effe
090005f1
f9000909
0ef3fa03
010af80b
06f8f808
f7180bf4
fa01f1e9
000ee70a
07ff01f7
04fbfe05
030a1006
f80c03f6
f9040d02
f0fa09f2
0b14f6f9
f3f60b13
05f6020d
fa0af7f7
f809f6f3
fffd1108
02f70c02
e5030a0c
ee02fc02
fbfc0103
f9fb0a04
ed0700ef
0dff04eb
19f4fb08
f7040903
fc0ff9e9
f7070efc
01fff3ee
0dff000b
f501f3fd
f70102f9
0bf3f301
fefdf5ee
08f8f801
0e04f0f7
09f30603
fa10e70e
04050fec
f6f713fb
08eafbf8
ef01f5e7
fa09f2ee
fff11501
13070b00
fb0b0aec
f6081001
0310060c
03f1f502
fbf1fd05
0305fb10
0af30bff
f9f908f6
f50a0aee
f8fefcfa
fdf30cf6
05e5ff06
0311eef9
09f8000e
f803fff1
fdfafafa
fdfc0d03
03f80ff5
fff9f5fc
0ef905f7
0cf50af8
f308100f
eaf6fd02
05fc0501
09f7f50c
fdfbfaf6
f80dfb07
020af0fb
f30202fd
fe080d02
0ffcf407
0aecfbfb
f216fcfc
fafc0fff
f70efd15
fd0f07f8
ef0409fa
0706f405
07fa0f10
f8ff00fd
040810fc
f60b09ff
0f11faf2
fa0f0109
03fe08fa
fcfcfef7
fdfefcf0
fd0c02ff
010cf4f0
ff050b08
04ea0212
07130618
08050003
fdfefdfc
0cfef6ff
fdfef406
06ff0e07
f00bf7fc
f51509ec
03f5f710
ff0bfc09
1308fa01
02f903f1
f2f803f8
f3f9f5ec
0cf900f8
f6010000
07fefe04
fafd00f9
050af006
14091809
0f0707fb
0109f6f6
fff3ebfe
f207f9f2
f307fd0d
03fa0909
f2fcf00e
fd0bf8fb
ed0208ef
e4fc0706
f40af9fd
0309f800
03f50001
f703070d
020607fe
f404f6f4
08ff00f0
ee04f7ff
01f0080d
f2fd0005
03060906
08f90c02
f6ff0f00
f00505f7
0916fef7
05f2f1fb
0606fcf4
07050703
f5fcfbf5
faf6e6f4
f4f2f8ec
06f3fff5
f8faef01
f60b03f7
020af0ef
01f90707
0f08000b
06081804
f8fc0701
16fe07fa
ee0e02fa
f7fefa0e
f80d0beb
00fbf805
000cfe05
fdf9f803
f8f8fffc
09ed0400
0cf9f40f
fd08030b
021b07f5
ff06f7fb
03f80906
fd140cee
081204f1
fff206ea
edf40a0d
f4030600
05fb0a06
02fefd09
0a101a01
f900f903
f20516fe
07f702eb
040b0302
e70df006
ff010d08
f9f5fbff
f0fdf708
fcfff0ff
ea0ff4f4
0af40409
04f40307
eafa06fe
06fb0bf9
0fe9edf2
f415f6f2
09ef0c06
08fe0bf9
01fbfff7
fdf7f7fc
0f03ff00
f805ff03
00fbf3f2
05010c0b
0ff1eff0
fd12f605
07fa15e6
05ed0309
eb0c01e9
f007fdfa
fb001305
fafd070f
fafcf702
0c010306
f40bfeed
0a181105
06fdfc00
f6f7f3f3
00f80bfb
0df8f213
f713fb11
fdfb0404
040312f7
ed10f707
1000020b
011b0f08
0d0209ed
efff0201
0903f0f3
05f803f7
f1060504
f50504fe
00f9f1f2
fbfcf90c
ffff0cfd
f4010d07
09050aff
0dff12f3
0305fe02
f507fefa
fefff2f6
fef9fdf6
050b0f09
00f6f8f8
05f0f6fd
03fc04fa
030008f5
fc01f9fe
06ed0c03
fbf80c05
f400fa02
f0fa0108
ff08fb08
fff6ee09
f9fd0cf5
05f6f6fb
ff1101f9
0afdf6f0
000dfe0c
fd062cfe
06f80c01
0e0200fe
fbff0602
020beff6
05fff31a
0ef5fff8
f1f9fbf8
00000f02
1cefefff
ff170504
160ffff8
04fafeef
fdfefe03
0eecfb0b
1d01f508
041a160c
01f80401
fffdf802
07fff804
f5fa11f8
fd04fb11
0a070309
0af803f6
0c0c0202
0906f6ff
0f0b07fd
05fa1316
0c06fa05
f8fe0604
02fffa06
f4ee0ff6
0906040a
00000d01
01f300f5
0e0d0205
f90ef600
03fffc09
021105f1
f7fdfe03
f6f5eaee
020306fc
130afe01
fa050606
f100fc0d
19fefbfe
1302f2fe
fa100602
fbf600fb
fe11fbfc
f606ec0b
f4040d04
080df9fd
f81102f0
fa04fe0c
fef70c04
fbee05ff
010d080b
0508f30b
04fd0a12
ff03fd01
0006fa09
f4f70611
fa070efb
11fe02ff
fefdf6ff
f80216f9
06ecf501
01f7eef5
03ec0efc
04f1f7fd
f4f7fa02
ff06fef7
fafb05fa
f7fa0b0c
0bf4020c
0ffcff0a
f7ffe7fb
02faf701
04fa19f6
ec07060d
f00b0ff7
0004f5f4
06ee03f1
fbf20e17
010501f9
060410f5
fc0f01f3
f800f8fa
fc0fee08
05f2040a
fa0414f9
0000fa00
060a0303
0301fcf2
05fff2fe
fb0000e7
fdf2fe06
fe17fd08
f6faf9ea
fbedfff1
fffbef10
e704fbfa
081109f7
fb1408f2
060110fa
0ffd02f2
0608fcf9
0bfdf407
fbfbfa00
03feef03
f806fb00
ff070800
f50a09f1
f80503e7
f50206f0
fc07edff
1103f6f4
fbf1010d
fc0bfcfe
effbe602
f8060a11
f5e20a0e
faf900fa
f0010dfa
06f7f111
06fc0608
05faf702
0ff909fb
f7080a05
fbfb01f3
fdfbf615
0308f900
fb030402
03fcfaf0
070007f4
15020301
fa00f9fe
00f2f2f0
f506fefe
f8f60105
f20908e7
0300f5f9
0804fbf0
05f70e02
15eef7fa
f8090bf7
010207ff
00f7f600
f8020205
f90706f8
ec01ecf5
03fa040d
f9f700fb
fefaf807
fff3fff3
f5f502ff
04090808
030f0e09
fa02fbff
f6ee0af8
0b09f306
04190800
f607effb
fd0910f8
02010e0e
fef2f404
ed0a03f1
05001501
03fd0bf4
f810f008
04f0f701
0dfbfa00
fffc01f9
f6f5fff7
060d06f7
04fffe01
fbfd0908
0806ebef
0e12feff
0e0116ed
f901f105
0d19e913
040df9fd
0301ff07
fc03fa0b
f30e00f9
fdf508f0
01f51402
00f6faeb
02fc0406
020104fc
ff09ebfe
fb010afb
0d02fcf6
f7f7020a
02f00ff0
faf90d01
fdeff309
fa01000a
10f8ff01
fafd07f9
fc00f105
ff0104fc
04fefbfa
fb0604ff
f611f7fd
fefb0112
fb08050a
0bf6f5f5
1102ebf4
07fb11f9
0a07fbf9
04ffeef5
08fef312
f80b000c
06fe11fa
0507f2fe
040aff0f
f5050003
03101109
01f8fb15
03fb0005
03071008
06ed0308
fb0913fd
1504f0fb
1004f5f7
03040bf7
06faf608
fbfff902
04f70607
f4fa000d
041006f9
f9090101
ed07f6fb
0403fc08
f0fb07f8
faf8fa0a
f7fb0305
f90aef07
0209ebf7
f5f803fd
ebf1fc0b
fdfefb01
090debf5
f8f600fd
0cf40506
02f401f6
0bf70908
05fa0001
02ff06f3
f4fb0800
050bf80b
0802fa12
06050603
0aedf5fe
0af0fb07
f3f7f307
fe050202
effcf9f7
0804feff
120702f4
0204ecfd
0901fdfa
00fa0214
05f60708
03f9fa00
0105f50a
06071402
02f810fe
05080ffd
01ff01fb
f9f50e0a
f4060806
09f603fd
04100d02
0501f408
eeee0bfb
fe040005
e6f9f608
0cf702f2
09fc09f2
f8020902
f70bfe07
f6fcf8fb
f90f03f6
f20af2f8
fffc0608
f80a04ff
14e9fffa
f5fcf604
fffd03f4
fcf603f8
0503fe08
0ff200f7
f1fcf0f0
00fb11fb
fbf8fe09
fef7e8f3
ef02fd03
10fe1902
fefd050c
f816eef8
03eb0a06
08050602
02f406fa
101800fe
fdecfcf6
0703e914
0d00f2fb
fcfc0901
fc040e00
fbf41002
010e13fb
02fffdfa
f200fdff
02fa06f4
fef80dfc
ee05ff13
ee110612
0c010602
fd0f1bfc
f80c05fd
0ef101f3
0806f800
fc07ee02
ed10f507
0503f608
06ed05ff
06080b11
ee02f401
f2070700
00080003
ed05fff7
0705f0f2
090afefe
fcff0b0c
0f01fd06
01f50905
fcf1fbf5
060c0400
11fb04f4
01f30503
eb04fc21
f5feec09
f6ee0808
ea03fc1e
f8000909
f9fe0108
ff0a0500
0bf9fe02
0612000b
fbf90400
0e130008
08fb17fa
f50105ff
fffc140b
08020c0e
f7fdfbf3
07fb0201
0603f9fa
fe02fcf7
00fbf4ea
f5030e18
0ae9ff02
f6fd00e8
fb0b03f7
f80a0507
0313f7f9
f800ff08
0202ff09
0ff9fb03
0400ff03
f90e05f4
00fa06f0
0bfaedfd
f30b08f2
08f70302
040307f4
fef3faf3
f6ff0600
0601fa05
f513f5ea
f20b0a00
f2fb0401
0510f900
06fbf4e9
040afb06
fafe0aec
fefbf60a
fc0d01fe
fef3f403
02060ffa
07020cf1
0c0b06e9
060902f8
1103fafe
f705fc0d
fdfdfcf7
0af5f1f7
f0f2f60f
15f8f3f6
e9edfe0f
0bfdefee
070b061b
f7100503
f7ebff12
08fafff8
01f400ee
18fdf908
f2f20a0a
0207f7fe
0f08fffd
f8f9f208
fb00f8fb
f40ef3f8
0aefea0a
faf6eef4
fff7f2f8
08f40203
faf7effc
080b0604
ffec0d03
0907f7f0
0002060b
01f9f009
f2030c04
07fbe9fc
0401f001
f7f6f112
fdfb03f9
f9ecfd0b
0c13031b
fff9f8f2
01ed1506
04f50904
fe08fc0a
05fa19fa
ea0516fc
020cf70a
f5fcf60e
f6090605
f6f507f1
02f00003
0ff1fff9
fe000902
f9fa0309
060e03f1
fa0514fa
07f20d00
01ff14fa
000cf7fb
f4f8f905
0d0d0dfe
0c01fb00
f3f705fd
ef0704fc
fee6ed04
f80af6fd
fd0be6fa
fafaf8fd
0a01fdf4
05fd0afe
0af2fbfa
f71102fe
0410fe01
f80709f9
f802f1f1
030dfbf5
f91600f7
04e608ff
fcf20701
09f107fd
fbfcfcfd
0009f20a
02090200
00fa0702
fb00fa02
ecfcf703
fafefcf9
ff03f705
fdfb0bfd
fdfa06f5
f9ff0502
0bf204f9
0309190c
01fc08fb
0bf810f6
fdf9ed00
f4f202fe
ea030619
02070be4
12f2fcfd
02e8fcfb
03f0fffa
09f5f406
fcf4fafc
fbeffcf3
ed06000a
f40700f3
fd07040c
f3001108
06ebf001
fd010807
fe0607ef
13f8fd00
fa0514fc
fa07fc03
f507ede7
f8f906fb
fb080602
f3050303
0b0600f3
08f90804
fb040706
f5f909ff
0cf402fd
f9e9050d
0b0dfa0f
0706fb0c
07fa0c01
f902f0f2
06fe0500
f7f9f903
0503fcec
fa050707
0503fb11
f3070902
00fbfefc
0402ea0b
14fc0100
fa0904fd
f508fa14
fef70e0b
0c05f707
12fa04f4
ff1c01f8
f7f2fbf7
fef6f903
fc0302fb
11faf7f2
fd030106
fc0105ff
f0f5f9f3
fcfbed02
04f5f3fe
fd01f800
f4ff1004
041a0300
010603f6
ec03feee
001101fa
f5f70200
fb101000
0afcebfd
0bfffe0a
ffed1104
0802f105
05030813
fffeef01
fbe907ee
ffff07fc
0201f0fe
fbfef5fe
ea0007fe
0bf7f201
f0fdfafa
f80e05ff
fffb03f9
0302f510
13101001
02101002
09080612
fef403fe
fbfa0812
0205f9f8
fc05f40d
0a080700
fdfbfcfe
f9ed0c02
130d12ff
f8fdf90a
f9fafc05
060005fe
f005f904
0a08fdf9
fa09f909
f901fdf8
020803f8
ff080bfe
fcfe0400
050deb08
ee0500fa
0111fdf9
0009eb0f
0f120707
ff021008
020100f3
ff11fc0b
fd00f1f7
f6020203
0e0bf200
01fbf5f9
03f5f0f3
fcf603fa
08f500fe
0bf20efc
fffdfa03
f7130708
01130304
05fff9f0
00060c07
f00afb0f
10f7f6f6
1a0affef
ee00fdf1
ff0801f4
0af4fd00
f60d05f5
02f71104
f409fbeb
0ef5f9f6
02070901
0a01f90a
e5fdfe02
080febfa
fdeefcfe
12131403
fcfdfbf5
0c01fcfa
ff0802ff
06fbf703
f1030bfd
04080100
f7fa0c02
0808fc02
0811f50e
fe070804
1209ff0d
0afc05fe
14ef04fc
060a02f6
fd070f0a
faf5f709
0bfd01fb
0a0bfe05
05f80cf1
f80004fe
f801f905
080202f7
03090308
17fc0df0
12e9040c
f6100306
0e020609
06f8f8ff
04f90808
0bfa02ff
e8fb0c03
07f703fd
0107fbf9
11f91c11
0eecfd0c
0a1b08e8
fdf408ea
f1f80403
0cf5fff9
f7020609
f509f911
0e0aea11
0ef8fa0b
11fe040b
f7f9ed02
0b06fa04
fd07fdfb
0912000f
0bfc0702
120dea08
13100805
0a071410
ff01f4f4
f6f6040b
f7f6130b
0a050b06
f603fdea
f2f7fcf5
f8fafd08
faf208fd
ecf40504
fc01fc05
0703f107
0f12031a
0afbfb0c
0a0000fc
ef0af6f9
f2f30dfd
00f7fcf7
f409f70e
05fcff05
0c0a13f0
0a0307f9
fdfe00ee
00081410
040dfbfd
070e1306
fff5f90c
0a02f8ef
0a000fea
f402fa18
f2f300fc
092403fa
13f6ed05
f8f811f6
05f3f607
08f4f608
f7f802f7
fb020a02
05f80504
fc0b00f0
070b07fc
f91afa05
04050cfb
fe0f07e9
f0fdfc0a
08ff02f9
0008f705
f606f5fe
00020703
0d03fd00
0f0efe09
f3f2fafb
01fd0802
0604fb08
fd0501f1
fc0f07f4
05030f0a
00030602
060bfbf1
fb10fc0a
fffc11f1
08fdfa07
ff0900f7
eef21219
ecf70fff
e6fefb00
faf9fc12
fb02fa05
f8fd0501
080c04fc
f30706fb
fbffefff
eaf70a1a
f90f02fd
f7f408fa
e6fd0f04
0102f8fa
fa0010fe
0a0300f4
fdf20f0f
f20409ea
03f8fa03
fb07f7fd
0113fbfa
020900fd
0304ea05
030301ef
0013fffc
f107eef9
f905f1fd
f8fd0efb
0b0efaf7
010e0ffa
f2f4fef9
02f10b06
faff0504
fd07f2f2
fa01020b
0f09000c
0309f50c
f9f305e3
fc0b0bf6
040504fe
f0f60a02
f4fc1b09
040601f8
1100fa06
ff03f6f2
f4f804ff
ef0af8fc
e900fffe
0df6fdf6
effc1afe
06f6fd0f
f5040104
110502f8
01f5000d
f2f602f5
07f4f7ef
0108f714
01050406
010008f9
021f010c
0407fdfc
0209fa08
fff600fd
fbff01fb
effdf80a
fb14110e
fced01fd
03fe0a04
0b061106
eaf509f3
f6fef50d
0c060208
f50e03fe
0701fc07
06fc0bf8
f2011015
08faf702
16fa09f4
01f00607
f407f91a
04fbf1fc
faf71402
fa01f8fb
fc030c05
01fe13e4
05000503
fff70e12
05f90e01
fdf509fd
f10103fe
1802fefd
0efb0903
f104fdfc
f8fa07f2
f00bf801
f61906f3
11fefe07
03f501fe
0c14fa06
000900f9
f51309ff
fa140006
0f08fff8
00fdfdff
fb020901
0903f9f6
08f500f6
fc0c0dfd
04f1f2f1
0303e8eb
12070404
0afbf905
0e070e07
09ecfbf3
eaf6fd0d
04f0f907
03030707
0cf90801
ea01fd0e
0202fb06
ff030402
f90000fa
fb05fc05
0800f504
0bf2fa03
fe08f6f2
f60dfe08
06020af9
e9fdf0fd
030a0810
02070100
fcfafdfd
fe010211
ff060802
0f0bfe11
f8051000
1b10f712
06f6f0f5
03feeefa
fcf6fdfe
0a0001fd
f8f8fe05
fffc0af3
f0ff09f9
faf701fd
09160ae8
1000f60c
fa0dfaf3
0f02100c
fef90012
11020c01
fd030304
ff0e0707
fa0803f7
00080103
f9fd0800
fc0ce4f5
1007fff2
030608f0
f60d0bff
0a05ed00
0bf200ea
f1f60002
f6fd05fb
0905fffe
fdf80b05
fe1cfb05
04f70cff
0205f2fe
f3f8f4fe
fa08ffef
f4f1fafa
faf902f6
f800f40e
01ff02fe
0d14f801
f506e30b
f30c0c04
1300e7f7
f7000d05
e50311fb
040607f4
f61403f8
f80f09f8
f7f7fc01
000a0715
f518fbf6
02040e04
f60af405
f5020efa
f604f8f6
04fe010a
fbf41008
f5100402
fa04fb0d
03e9f5f1
f1fd03fd
06fb050a
fdff0919
07f8fb03
f4120503
f10bfa04
0019f4fd
100906f2
0802f40d
01fc0701
f90b0109
fefdece9
0e0eecf7
010104fd
fff1eefe
fcf700e5
f0fd04fd
fa0cffee
fa02fe01
0501fff5
0205ef0d
08fd0c01
04f5f0fa
fd080811
faf50bf8
06f1fdf8
0208f806
f909f70b
f5eafa0a
0b0705f1
f70efe03
ffea0b03
0af710ec
fc07ec02
0005ec09
0502f402
f6fc0cf4
04f7eefe
faf40b0e
f0f9ff0b
13030cf1
000807f6
fefc020c
ee0010fc
f8fa06f0
0bff0cff
070efcfc
fcf60803
f8000afe
fff8f90e
f0030e11
05f7fafa
02060cfb
fbf4f2f3
f2f00308
09f90007
f9fd00fd
0806fc17
0cfff404
fc0aec0e
fdf8f8fb
01fef405
f9fceb06
f3fff107
fb12fcfe
0602100f
15f502ec
f3e60bff
fd0b05ec
f4fef2ff
10040809
08070310
1210ff0b
04ebf506
150308eb
0cfb05e0
f8061d0a
fe1202f8
f8f80ffe
fff1fffc
fa050b0a
fa14faed
0001f906
03100b10
f8ecf507
04fb02fe
f7fd14fb
f7fbfd01
fa060608
0a02fcf8
f2fafa0a
fdf30b08
04df01f4
f711fe06
090311ff
edfaf903
0bfe00fb
11f40201
0601f1f9
f3f8fdfc
fd0110ff
f3ee06fe
06000705
ff12f5fc
02ef02fe
02f8f8f9
0117f1fb
fb030707
0606f208
fafaebf5
02f7fef8
01ea00fa
ffed07f5
02faef0b
f7fe13fe
0407130c
080401f7
0b070008
efffea04
f50af10a
f30b100d
f5f900f5
090608eb
06f005ee
0300fee9
030eef01
180bf0f8
0a0aff0b
01080803
ee14fafe
05f5ee0a
0e020304
ff00f6ee
0bfe06ea
06fceffe
fdf3f5f9
fc020401
f8140cfd
f00d0404
041007fd
f9fffa01
02fffaf3
fef4f9f9
ee03080e
ed040a05
0afd030a
f80106fd
fa02f40f
f5fffbff
0404f8ef
eaff151f
fc0406fd
06031209
04fbfd0f
0e000f09
09fff707
1c0e0c04
19030200
0afb05ee
fcf7e7ff
f907f9ff
f702f50d
15fffefd
f4fa02fe
f913fd02
0efeebf7
03f60afe
fbf7fbf6
05090908
0f150dfb
f50c0410
f4f20bfb
0bfd0508
f6040408
05fc0100
12f2f809
08f7f0fb
0e0efd0c
ff03fb0c
f2f5f9e5
ff0304ff
08050004
f60ffa06
fb080dff
020805fe
f7fcef0c
02f4f50a
07f80509
120bf4f8
080afaf6
0def04fb
f6f9f90b
f5030bf8
0002fef8
0301080a
f606fafe
0504fe02
f5fc10fb
14fe06f4
f312fb00
ff080bfe
ed0f0c06
f90a06f8
0312fd00
f8f2ff09
000a11f3
0aedff04
fa0709f2
eff90e04
fa030705
fc0701f3
f8f60e0b
fc06f7f7
fc0efe02
0af70603
f4f805e7
fcebff10
fe17fe00
efff05ee
f6fcf909
0afb140b
fbfbff05
fd0bfcf5
0300f101
f60704f1
fd030efd
fe1b02f9
0803f711
fd0a0112
1c040007
fa0902fc
f2fa04f9
0a100511
fe0a03ff
09fd0707
0afb0114
f7fe0109
f80c1307
fceffc01
0204fbf8
f7f2fe00
f3050302
02f50504
00fa0304
1007ff0a
0c01fb0f
080303f6
0513f8fb
f8fb030a
ea03f9ed
fe0700e9
14fb25f9
fb0af801
f40afd00
08011bed
0cf61307
11fdfc0c
fef50802
020503ff
ef07fcf0
0b0107fc
02f70603
0500fbf0
13eb0702
f60009fe
fefc090d
ff010216
060908f9
050ffd08
f8f3f90d
f300fcfa
06feff03
03fa0205
faf814fe
f40d0e06
0102f7ef
eafdf9ff
fc070dfd
0a19fff3
01fffdf2
0ae5f8fc
0f000b05
140107f1
060cf3fe
010821fc
fc100605
050e0708
f9f901fd
09040800
ed05f60a
f909fb0d
0817010c
fc03f1fb
0902fa02
10ebef09
fefcf5f8
07feef06
f6000bf2
f9eb15f4
07f50511
04f6f5f6
fa01f4f5
01f5f9f6
f00b0616
ff0002fd
0007e2f2
07f607f3
0110f908
feec0011
00fefd12
00ff0307
09f4f7f5
0302030a
27fef3fc
ffff07f2
fa0702fd
ee0c07ed
f7fe06fe
04fb0bed
05fe0116
f8fffcfc
ff060202
fb11f8ff
fbf7fb06
e9fefef9
09f80bf6
0507fb06
0000f201
eefcf00f
ea07fdeb
020601f7
fefe000b
02f4f3f4
10feff0b
ee12fdfd
02fe00f4
fefb0104
fb1ef1fa
010402fe
edfdfff8
f607f4fb
fbf90ff9
f7000ee6
180af1ff
10f302f7
f70a05fc
f9ff0cff
060a04fa
f905f306
05fc09f9
f2f1fffc
05f9fa03
040113f0
0401f8fe
ea06fef3
08fcf80b
f7120003
f008fdfa
0e0103fe
01ff0603
0f09ebee
05f20605
02fdf7fd
fb05060e
fef9fbf6
f70e13fa
09f80400
f6060c00
05f9fcfb
07110705
18fc00fa
01160510
f9f3eff8
06ed0012
030affff
03fdfcf9
fd08fafb
fffbfaff
f3001c09
09fbf9fd
f201faf7
ef07effe
0602eff6
fefe040a
0b000a05
f60d1108
00fafb05
fd0301ee
fef20f04
fd02fb01
00fcfe06
fcfd0b03
0f100c0d
ed04fefb
0b0dfe01
0a00fd01
fcfcfc01
0105f00b
fb02fa04
00130a06
02f6fd00
f003f60e
f4f60600
020906f9
0aea0504
0907fa06
f9fdfff8
f3ff050c
f8f7ef06
0305fa04
fdeffa04
0bfefef8
f8040a00
fefaf405
0706f7f4
05f7f809
ffff08fb
e004f601
faf7f5fe
0dee0205
f9fff211
fff6fff8
03fbf4f5
04f50dfc
fbfafcf6
f701ff06
fc1cf3f1
faf6f5fe
0903f90b
0601f60c
fefc0cf6
010905fd
0408f708
f8f8f809
fbf9f7ee
0bf510fd
08f5090b
09120a07
07190316
fbfe0f0c
ef03fef4
fc03f5f6
f901f0fe
07fd0802
e7000201
fa0e0c07
fe04ff09
0d010809
0df3f103
fc040bfb
08081511
f9140304
ffeefaf8
0603f505
0b0e0afa
00f2f906
0dfc020a
f2070cfc
fc06150b
10fbf103
01fe0af9
07ec0107
fb04fcf1
08fe0108
06f8f700
fe020ef4
f60df607
f9fcfe08
05070106
f9ff0200
13fa150a
03fbf900
f7f4ea0d
04feeef7
fc0df10a
0b0304fe
fffaf607
ea00f301
020207f7
f6fa04ef
06fa1100
0b0d000c
ff0611f2
f503f8f8
fc060903
f8f2e9f4
02fc09f3
05f609fc
edfc1104
11f50bfe
fcf4f3f7
0bf21201
f2edffea
03fdf50b
f9fcfc06
ff0c0b0c
0ffe0803
01f6f7f1
0cf403ff
01f91007
f50300f3
140803ff
faff03ff
eef5f000
f9fffe14
0006f7e8
fc061104
fff6f807
ff1afa14
18fef1f1
f905f9fc
0cf11402
010506f1
f7fbf907
010a08ec
06f306f8
0106f5f3
f7050df2
050206fc
02f4f9f5
edf50f04
f3fc0003
f802fdfb
fb06fdf5
100605fb
010dec17
f20e0dff
fb0908fe
f5fef504
05080819
0b0001f8
eaf715fa
02fcf6ec
f3fb0cf5
f00e0508
0500faf4
0a05ea00
fbf8ff09
f704090c
f309fbff
0009ecf0
04ef04f8
fdfaeffd
070df809
05ebebfb
030902ff
fc01fc03
0000040e
f6f3f800
02fb0c11
06fd0502
0eed1308
01f90702
06f41204
fe020ffb
0000040b
e804f8ef
04fd0912
07f6f2f9
03090008
0ff8f8ff
09ff0a01
fcf60008
0407fc09
0805fe0b
05fc0604
12001209
0dfaf601
f9fdf20a
0a020aff
0f07f90c
1303fd02
01ec10f0
020310f0
09e8f714
180003f7
fdf107fa
0bff00f0
000105eb
fcf2ff03
07020614
ecec050e
f3f20a05
0e13f70f
fc04fa05
f70d0509
04fa03ff
0c070f0e
f5f5fefa
f10504f7
fd17f7f2
170c03f3
0f090111
00f40601
fbf4010e
f702fdf5
fe10fc05
01eefffe
02030702
0309fdf4
12fbfb13
f3fafdf4
071002fd
1301f407
f516fc01
ff0104f2
06040ffe
f602fb07
fae90d02
0703f70d
0c030802
0df0f4ff
f3fdfb06
0513f703
f5f611f8
fc060409
fe08fbed
fbf206fa
0013fbf9
ef04fefb
060dfa0a
0809fffb
050906f9
0000f4fa
03ed0e08
f6ea0d12
1c0e0705
06fefe02
03fcf5f9
f6fef001
061403fb
eefff7f1
02f30001
f710e4fb
0a040cf6
03faf4f5
ecf10904
fdfeed0d
0c00feff
0efff7ff
fb0c00fa
ff0d0204
f7f8fa14
f9f4f907
fcfcfdfc
00fdecf9
f70b00fd
faf7ff07
fbf2f9fe
faf71c03
fc2105fd
0a0206f8
1205f805
f9070ffa
fb0afefe
0df5f413
f008fe03
fffb09e8
01fceffa
f8f701fa
f7f40310
06f3f7f8
e9fb0805
fcf106f3
0015f6f6
f304f6fa
fc010009
fc07fc0a
1eec0efa
fdfeea01
f7fff3fc
0108ffff
0cf9fefe
03ebfc01
04fef800
0a0104fa
04f8fcf1
0bf9fb01
effffd01
1b0df0fb
f9ff06fb
000df208
ee0af804
0d00f3f0
ef0b0100
fdf9fcfd
0004fa16
fdf20601
fd0012fd
0612fbf9
ff0d0303
f4040800
f9fdf7fa
09ff01fd
ebfefb11
02e9f4f8
10ff03f4
050cff04
f90cfa08
f9f7f5fc
0afa0d0a
0afe0700
0f05fcfd
05f4070d
01f4ee08
f305fdf4
fc0cf8f3
06fefef9
07f105ff
f4f2fd17
180408ff
07ecf300
0bfef6f3
fb120e00
09f8f5f9
0afe13f3
fdfe110f
07f9060e
06faf802
0001f604
00f50e07
06fb0aff
0c05fe05
ff04f605
f608edf7
01080af1
0d03f60e
0b08fdf5
f10f05fe
fc1004ef
0bff02f5
f7040bff
05feef00
03fa0307
0707f717
f8f8fc04
0512fe07
fe040707
ef03eefb
f00404fb
fe07fa02
ec02090a
01030d0e
06fbf9ff
f506f80a
01f90709
0e0709f2
fa0fff05
04f4fe0a
f10204ff
00f6f90b
03f9ff00
fe02fdf4
f3050c03
03f80507
1501f60f
00f9100a
14f4fafb
fefe0b06
070c020b
f100080d
041501fb
0306fcf5
03021eeb
ea100005
f6fefaff
00010700
fff7fff9
06f40505
f0fcfc06
12f5fefc
f70801f6
fe000906
f30f0111
0e0e01fe
0afdf7f1
0a0709eb
e7f90604
f9020afb
fe0d0cff
0af50fff
12fb0d00
f907fd15
05f1f0fc
0500fefa
fdff03ff
0f0909fa
f70805f5
03fffe08
f9f9f714
f5fc000b
0605fb09
f50b09fa
fb0aebeb
fa050004
0202fbfd
fa00070f
0b03ee02
fb040f11
030312fb
eb03fd0b
fe0e00ff
0900ff00
0104f901
0cfdfd11
00f602fb
11fd06fd
f8f9ec15
0cf7ff10
f4fdfbfb
0608f700
fff2faea
fa0d0004
1bfaf201
f900f5ff
f40a0310
fcfe0204
f9f5fbf6
f30f040b
0ff2f20d
00fc10fd
fa0b0d01
f0f3fb02
fd00fe02
f0f708ec
fc0414fb
041402f4
08f4f9fc
f803e7f6
fdfc11fe
09f7fa05
120206f6
f709fb00
03effefe
f00207f9
f715160d
0207f818
0bfafaf1
f3fef902
fa0306fc
f5f40f0f
040e03f4
f7fd050c
0c02fc03
080cf3f7
0112fc0b
0e0b02f1
fa13fb21
0ff40103
18fffa11
fdfdf7fd
0007fdee
fbf50902
05f4fafb
f6ebfdf8
080b0bff
0300f8fd
06f003ef
13fef704
f2f009f9
f401010a
05fffef9
010cfd0d
fb02ff04
f1030a03
0af9f4fa
ff03fffb
05fa07f1
0e010e01
ef04f506
00fffdfe
02f0fc05
fdfbf1eb
0d0302f9
070bfd0b
ff1300fa
0309fef2
0bf5f805
01f4ef09
fef7fe06
effef0f4
070300fb
edf00d03
0af6f5ff
f9f80912
fe0700ff
f3ed00ff
06fef40e
f0010f1c
07f50f04
04f1fffc
f6020ff0
faee020b
0bf5fa04
10f000f8
ec12f9ec
0402ed06
11170100
f70102fc
05fb0bf8
0df4f2fc
04fe01fe
fefd0bfe
00fa0407
e90b0305
02080dfb
03fa000c
0cfb0300
f3fef7ee
fd0d09f0
030d01fa
0cfbf1f9
f70bf60b
03fc0607
0110f801
010e0311
10f41200
14f4fce9
040b0217
0cf7fffd
0d0418ff
fd0c0c05
fb021206
fefaf9fc
ff020b06
00ee150a
ecf7edfb
09f80102
070ef6f4
f3f6f50d
03f9e409
00e501fe
17fefdfd
0308f1fc
04f9fb10
fe000606
050c01ed
0605000d
0700f8fa
1107f100
fc050d01
05fe0410
f90bf90f
0514f10c
f80306ef
fb0a0703
0004f909
0802fc01
0e080002
f9020efc
01f4000d
ff0cfcfa
fbff0bfd
fff8fd10
060105f9
e400fe0c
eb000a01
fb0605fe
fd06f9fe
1104f708
fb01fbff
e70401f9
f30605f9
f8fc0909
05ebf7ec
01f6f5ff
fd03f2fd
01eef7f8
f9060bfa
030614fc
0105faf2
fdfc00ee
f40305ff
04050509
f3fc08f8
fff90afb
0706ebfc
e60207ea
e301fffe
03e90908
f2f8fcf7
07fef904
0a03ebf5
fefef8ff
15f4f415
14f7fd05
fd0af0f6
06fbf0fb
0b01ff02
fff0090d
feffe402
02f1fbec
fffd05ff
090af309
070714fe
06f50c06
1900ff09
05f9f8ef
100103fd
01fd0bff
0f0efc10
0f050902
f209f500
08f6fa03
17fb0edf
0cfcf9f5
f8f80c00
0609f5f2
0af707fe
0003fa07
02f715f7
f2ef03f6
0500ed03
02fd05f2
03f216ff
fffc150a
0ef8fbfc
0802ff08
fefcf504
070eff0c
f60be901
f2fbf4f0
0cfdf4f4
06080404
fd10070b
03fb0c17
e7ffff05
f201fa08
fcfe0d05
020416ff
0f070607
effc010c
fe06fefb
f8f8f90d
fcfdfa0d
fb0bfc07
07f5f2ff
f5fe0813
0a070214
fff2ff08
f2fbfcfa
0cfaf3f9
080309fa
030c09f8
ff0cfc04
fffafefc
f102f9ff
f4fb0dfe
0cfffa10
0f050109
06080301
fbfd110f
ec080504
f6f90908
f80000f3
0ae905ec
fff1000d
00efef02
fd0beafd
08f5e9f4
05091808
0d17ff0a
00130b01
010200e1
0af8fb00
0e0311fb
fcdd10ea
02f702f9
0602f6ed
05f6fa07
eff50cfd
0efbf7f8
0dfa070a
05030508
f806ef07
ec0e00fe
f708f9f9
f903f7fe
04f505f5
fe0d150d
00010207
f9f0070a
0e0e02f3
f9020503
f1fafcf9
02fe09f8
fefe04f7
01fe00f7
f8fd0bfe
fa0c000b
f6faf6f2
0706fd0c
11040401
021016f6
000dfe09
001402f2
100b09fa
0afdf904
01fffe0a
fdfd11f9
06070b0c
00f7f500
0b0bff03
04f5fb08
01fbf8ff
f5f622ff
f601ecff
0301f3f5
ebed1205
f307090c
fe0a100c
09fa01f9
0a03fbff
0213eefb
0406edfa
06fef801
030cfa0c
05f90103
0609e60a
050d11ff
f4ed06e8
041bfa0c
0602fd03
ff0bf9fa
0ffefefe
0ffa0308
fc0b0002
02f90bfe
faf70602
fa090411
0c05050d
0f00f808
f4ffe90c
f60502fd
f10b02fd
eaffec0f
fafde90a
edff0502
18ff06f5
f3030007
04eff2f7
f8010bfa
f401fd01
ee0bfff3
0405fb04
0a10f80b
ffeb0103
fef90b01
f2ff0aff
09f404ee
f803fa0a
f1ee06fa
1214f400
13eb090d
f512f5ed
fdfa1203
f60b02f7
fb120af7
f40be7fc
0103fb06
04110fff
0f06f9f9
fd09f50f
0e080906
17010b0f
02fdfef1
fd0df802
fc04fcf2
0afbf8f0
fa0802f1
1009fbfe
ff07f508
000af6fe
08e6f906
f00cf2ff
f3fa0c05
effff7f0
071501f7
ff0cf807
01ef03ee
f3f41503
0d0af901
08060404
000805fd
fafafe0b
f411f9ef
0d03f202
17f5080d
ea1706fa
030f02f2
fd080207
0300fb08
06130e05
fb0914fe
030dfaec
f0f6f5fe
fd0af508
00fafdf9
0bf50b0f
f5f80606
10fa08f3
04f6fd01
fa0dfd07
0014fc06
0df10deb
ffeefaf6
00020202
00fef304
01010601
0104fff0
05fff9ff
f5160207
0cf30308
0d00ef09
05f90501
0cf7f9f4
f3fde805
fef5fef2
fffb0afc
f8f802ff
eef60bf4
eef20b05
02f70000
e4f206ff
02f407f1
ff0010f4
041801fb
00fefbed
fc0100f8
f50af9ef
071303ff
eff5fefe
0cf5fbfb
07010cf7
07fa0106
04ff0005
fbfd07f3
01fbfcfc
0e0dfafb
070b0f05
fef20301
080cfbfd
fceef6f1
fdfbf0fb
02f50200
fe0bf010
f806fcfe
fc11f4fd
fc0909eb
0302fc00
06fafffd
06fdf904
08f90008
06fdf7fc
f6f0fdee
00f71bf8
03f8f102
0304080f
fcfc0702
f7fbf5f0
f50506fa
0301ec0b
0105f901
fd0709fc
f6fcf804
f6fcec0c
f9f801f8
06ff00fa
ff02fef8
05100ffe
fafcfafc
fcf207f9
f2f6fcf9
f806fbf8
f8f406ec
09f302ff
ff050000
f4fe0103
090e0ff4
000e01e9
fbf70af7
f90201fc
09fa06f1
f305fdfe
0dff0606
12091007
00f4ffff
f4fb0202
fd0cf906
06fafbf2
00040011
14f9f80f
fe1410fc
0afdfd00
fe1bf902
0f16f60a
0a0c01e1
f80a0007
050bfafd
0ff70901
03f509e9
f7f8f0f1
010ffc02
fa0ffa01
140207fe
0e05fc06
f3fdf6fb
f919faf9
f1ea0a04
19040f0b
08f70010
0cfb0005
0408f201
000cf305
f8f6f0ed
f80c0309
ff0303f3
e7f4fa06
f4010110
f7040602
f90301fb
0a0209fc
02fd05fa
16fcfd02
ff12ffec
0cf0ee0c
f5120d00
03f8ea00
05f1fbfa
fcec0214
ed1cfef6
00110c10
fd06fbf7
0d02f102
f70f0914
f2040303
05f80afd
f601050c
f60ff00a
fdf6fe07
f70bfbf4
06fe0809
f8f30ef7
fa01fefb
f6fcf504
f1f8fe0b
f8f0fefd
f10301f7
05fbfc0d
fc0f0916
170e09f9
030bf204
e703f006
01f11405
04ee06f4
ff0efefa
070afbf8
04f709fd
fff80cf9
0005f4fd
f7f6050a
030bfcfa
09fb02fc
ee01f005
f803f315
05fdfc05
02f4f9f0
0909f3f9
01ff0310
fc0b1400
07fef1fa
0a0401ff
0dfcf800
fdf80401
0804fbfd
1212f107
fe07f7fb
06f60304
05f9fb0c
f7071500
f800f901
f403fcfd
03010304
fd05f803
ee090504
0df5f404
ef04ff03
f5130106
f906fb10
06fb00eb
060e0004
0e0bf2f8
f402040f
fbfff9ef
061104ff
02f2f1fe
0d0300f7
08f1f102
f60800ff
120700ff
00f9f714
020207f4
f600fc01
05fe02fd
f80100ff
e604ff0e
0dffe8f8
f0f701fc
080708f1
fd000fea
fc0c120d
fd080d0c
08f8f6f3
fcfe0bef
fb05fdfa
f8f8f50c
f60b0500
f9fe0f00
fc0101fb
060c1102
06060304
00f6fdfb
f5fb09fa
100d0efb
f6e908fb
f410f4f7
fefe0afc
040005f5
f6fe1705
02fefe0f
f8120f11
06111502
151ff9fd
fe03070f
11ff090b
07fbfffd
fe08f80e
fb080303
f2f7f40d
030611f5
ea0a02f6
0df4f0fe
ff0011ff
00fe060a
f9fdf5f7
04ffff17
09fcfc07
f8f0fcfe
04f2fcfb
f3000704
0b100601
e702fd0c
0201f204
0bf8fa04
f1f5f515
0100040e
f005ff14
13eaebf6
fcf908f6
1204fd11
16fff906
0dfbf3f3
13ff010e
04120607
0d1100f8
f9fdff02
fafbfe05
07fcffff
03e7f6f5
f4fa10f4
00f1fe08
f903020b
05fbf0fd
02010c05
ff05fd06
f507f3e5
fd01f6fc
fbf706ed
0ffdfef6
f603010f
fa0805fc
fe00fef2
0f0306ed
01fd0115
04fcf804
fb0c05fe
f5ff000a
03fdfdf3
16020bff
0c05fffc
fce604f3
fdf607f2
040301f5
f9fcfafe
0e0807ef
06eef6f6
effcfd09
11fd0503
0d000006
fa0cf9ff
fc0cff10
f6f602fd
05f3ec08
020501f6
ff0dfe00
fefc03fd
08fe0302
fffb020a
1405f900
f3fb06fa
0004f0fb
fde800f7
0302f7fb
f70f0807
fdfbfff5
0df5f90e
00070805
00ff05fd
16031001
f7000a06
ff16fc06
f20d0806
0204ecfc
fbef0e01
0802eefd
01fc13f4
00fa0afb
180b0bee
f405f410
0703f70b
fc07fa09
09fb010d
ff03f3f5
fc0500ed
fcf8fe02
f20706fb
01fefaf1
0201f9f4
ea0708df
fd0f0807
fb06f304
f4fefafc
f3060af2
ef04f802
fe040bf6
0e040d05
fefefef5
ff0d08f5
020c0207
14fdf6fa
0906120b
f4f4f7ff
f9ff09f6
0814fe19
ff0d0006
06ec0a03
00fa0bf1
090004f8
fb08f6fc
09090c09
05f8f0fb
f603fe0e
01f801fb
090201f9
15ef0607
fa0df604
09fc0708
02f6050c
040c000d
f8010309
100212ff
0904faf9
f7f9f90d
fcf404f9
fc09f3fa
fb081ef2
fa02f516
0000070f
00fefe05
04fa0e11
020109f1
11050d07
f1fdfc02
ebfffa08
ff090af9
f6031105
07060200
fafaf6f8
01f508fe
000700f1
01040219
05fc03fd
080400f0
f5f8f40d
0200fef6
fb0d08fb
00ebf3f4
0bfef30b
fff6060b
0df4eff0
f706ecfe
190bfaff
fefbf20b
f2f90601
0810e804
f0f1f902
fcfc1605
0300f901
13f80908
150506f9
0414fd00
160804f5
f9040003
03030508
f505fffa
02f60df1
f8fcf7fc
fc03f200
f812f3f2
0cffef06
fd07ecf5
040f0507
02f00511
090501fb
0afbfaf3
f9fcfc01
1001f8fc
02f71008
fdfdfcf8
012707f4
0cf807f1
0310fcf2
0506f802
fc00fdfe
0603ebf6
ef10f8fb
fc071104
0e180205
fefbf00f
f0060df6
06eb0308
03fefff8
04020c08
fbfa07e5
0d07fd03
fd00f107
f511fa05
0202fff4
f90dff15
fff30707
1113f90b
05feff09
01180dfe
fffcf9fc
f8ff0b06
f9fe01ef
10fc09f2
f4f40a02
fdf7f6fc
f50304fe
0012f8f6
ff060315
f901f412
05030804
f808fa06
f5f811fc
0d13fe13
09fcfcfb
faf8f4fb
e8f80d07
000a03ea
f3f9f806
0802f9f2
f9010611
020cf804
09f80501
06f000ee
f1ecfd08
fbf5f102
f7eb01f7
0cf807f6
f70b00ee
0501050e
0efaf7f4
02040e08
10f70103
04f009f8
f5160607
eb0009f8
09030bee
0afb050d
e400f9f6
0414f8f0
0c03edf8
e8f2fff1
fd0dfa04
09110806
08f5f408
f9f7fdeb
fe0807f9
fe00f5fc
f8020b05
030a1706
05ec0d0a
11ebf308
07fc0813
0c010a0a
1308f607
030d140a
010904f7
fb02f00b
0d0afc00
0a11fa00
fdf9010a
130c09f6
f90201f5
f7040001
fdf9f5f0
fc02ebf8
f8fcf100
130e08fd
fe1404f6
eff9fdf9
ff0e08f8
fbf4f400
0e01fb09
f1f70602
f8f901ff
0302080b
0a1006f7
080e1509
051007fd
0a0c1305
f4f3fbff
f5060005
0a010201
ff0c0708
05ef03ff
02effc0b
0cf80bfb
031712fa
edfb0905
f009fffa
fbfa09ff
04f20ef9
f0040609
00f1ffff
fcf80b08
02fd0a0e
04fc0415
15091206
fd0701f2
fe0605f8
ecf5fe11
f2f915e6
06110507
040a01f5
04fd070f
06190201
04f4010b
0402edfc
ff14f903
00fdf5f1
fbf3fe1a
0309fe00
f8f4f302
fcfb0406
f100f0f7
0309f4f6
fffd090c
0eee01f8
0608fafa
fff5010c
100c00fd
f6050406
0d14f006
0011ff06
fefc0ef7
fee4fcf9
f90c03f6
00faf30e
fbf80615
ff030201
f81204f8
faf90701
f9f60b0b
fcfb0307
0804f604
f608f708
fc09fafb
0c0105ff
f50a0606
0e0a0704
fdf2f7f7
00fd02ff
f40706fb
0f03ecff
0402ff15
0f0b0af9
f6080101
0603f0ff
00f909e6
00fbf6fe
0901fefc
07f9010c
f701eff9
f90af809
0cfefde6
f409f1fb
07ebfb00
12f1ff03
fdfefc01
00010aec
ee0a100c
0efc07f9
0203fcf1
f906f208
f80001fe
f9060003
12080b0a
f601fff6
fc030605
f6f2faf3
f9050afb
e8170802
00fdfe13
f9f1f4f4
f4fa0ef8
f9fefdf9
03fdfbfc
0c080004
030a07f5
0a05fef5
f8fb0b0e
fc16fcf9
040304fd
fcf60cf7
03fe0602
12fe0707
f4020c18
fe0202f5
f807fe04
0105faf1
070c0506
f4fffd01
fd0d070a
f705030d
0508f80b
fdfefdf3
120bf903
03ecfdff
fdff0eec
021504f5
0ffdfef2
00fc04ff
00f3f703
fc10f7f7
fff613ff
fbfe02ed
04f20004
150df504
020803fc
f400010a
0fdf07e1
09fdf90d
010f0afd
f70605fc
0609f703
fc0002f7
08fb03f9
141af9ff
05f70703
00fdfbf5
f4030502
ee080302
010410fa
fa01fdf5
f306fe08
0002fffa
04f8f80a
0b05f9e8
fdf7f7f5
0103f6fe
e8f7eefa
1000f800
01fafd06
f3f2ff0b
f701f905
0009f7f7
f0010409
ff090d00
f9fd0efe
02fffd0b
1404f10e
0014080b
eaf5f60a
06ee0c02
04f407fe
0a0204f1
0f0320ea
fd09070d
01f5f3ff
08fd0400
fa06f1f3
0906fff4
0904eefb
ff07f7f6
eaf90305
f9f507fd
04f7e5f4
fbf512fa
0efdf9f9
0afc0d02
0105ff04
f1ec0a04
fdf90506
0cf0f9eb
f90308ee
05000508
f6f803f7
07f6f4e0
0012faf1
fcfef6f5
e400f003
0d04f30a
0d06fefc
16000705
f6051305
f60d0602
fafbfd0c
fd07030a
0103060a
090f0500
e903f401
09fe0ef6
fbfb0703
07fc09f3
f80829fc
fae803f6
fd00f5f6
05f20bfa
04000103
05fd07ee
10f8ff03
f307fffa
07fef30e
0010110b
f8f6faf1
faf6f6ff
000219f9
04f9020b
01f8ecfa
f602fbec
13f8fff5
0506fdfb
f702fe05
03080cf4
f60af402
fcf80809
01fd03e9
03fd0bfc
fb020d02
f9f60100
ff00f609
ef0911ec
f908fbfe
f1f40c0b
0403fd0d
f204f802
02e6f50e
fdfcfeec
13111003
0603fd18
fefff20d
0c01fdf8
f40709f3
fcf5fd03
ff09f4f0
0703fdff
03f3f603
0608f5f4
fbf90106
08faf8f3
fcfff5fc
080504ef
010b0bfb
0000f9e6
f9f101f9
0209f1fa
0200f611
fb0efdfc
070a00f6
f6ff04f5
fcf8fc06
ff05fa09
04150bfb
0909f30a
08fa0108
ff020af4
12fa09ff
00050701
05ef1ffa
06070b1e
f8fc0bf7
fafef7f8
0bfe0013
14fb01fd
030cee12
04120a09
0205f00f
fb0d00f8
fafa01fa
00f9f708
ecf5fe04
faf906fe
030d0afb
0aed0d02
f6f701f8
08f70f19
02fc0609
02fc0b06
f9fceef3
06261003
0af5f9ee
04ff0307
fbe1f905
050904ef
03edfef2
f8f508fc
f4051403
ffecf6ee
ebed06f9
00ffff0c
04f10102
fd0bfa12
fdfa02fc
0ff2f209
f3fffcfc
0e090cfd
00fe02f7
fb0b01f5
06f0f8fa
05fd0af3
01fd03fb
09fef502
0103f6fe
f500e900
f7fc04f9
f102f6ee
f5020c05
0c080405
f5f8f707
0806f7e9
0807090b
f1f7f2fa
100dff0e
05fffff3
fff4ff12
fdfcfd04
fe0902fe
05f3fe04
f0f7020d
03fef6f1
f7150025
140ff303
09fe0008
070cfd03
f700f909
fffef907
07020bfe
fcfffa00
fe0d04f6
f9020202
020ded01
0a0bfaf5
0d01fa0d
f9e5e5f6
08ff06fd
04f205f6
fde308fb
0000f701
1000020c
fa020408
0d01f4fc
06001006
e8f9040e
fdffebf6
fd02fefc
03fd010a
fcfbfd04
fb05f9ef
0000fdf2
fb05fcf6
fc0001fd
030f0b06
0bfe0f14
1500f90b
fef802f7
f2fc07e9
feee0bf9
fbf4fb07
fa070401
07fc0106
f6050c03
050b0003
fe08090a
fbfcfd05
fbfcfc10
09f1feff
0cfe0311
040df8fa
f3f7f404
0eecf8fb
f91bf609
fa09fbfb
fefbfc0b
13090aff
fefbfaed
07f6f301
f5fe02f9
0909fe00
0af816ff
f2080006
fcf30305
03180dfd
0c0afa03
ea0b0408
02fcfb02
04fb0b0d
fbfdf21a
07fa021e
0b13f7ec
02fcf2f7
050916ee
1101070e
f4f5edfc
fb070ffb
f7f9f809
f5f0fe06
f702f8f5
ebefe907
06fd0ef2
f8050302
ff0c030f
12f70618
f9f2f706
fd080806
03f60deb
0604fefb
faf41bf4
f61afa01
faf9ea11
0c100909
f214f202
0701fd01
000bfff6
01fa01fc
090108fa
08f5f5fe
edf90e03
09060602
0f04060c
000408f1
fb0dfe03
1608fe0c
02eafe03
de00f801
09001a0d
fb000412
f5f309fb
0dfcf7ff
f506fa0a
0006fff4
03faeeff
0b00010a
fefd0efc
0108fbfd
02140c06
12f90af6
01fd0701
0302fced
fb04faf8
fdff02f4
06f8f417
f105f805
f8fd0205
0af7f617
fc0703eb
fffafd07
f804f9ff
09f7fcf9
fdfc13fa
10f60301
0dfafc05
eaef1408
12080709
f7f61101
fc0d1001
f809fbf6
000dfd02
fe04feed
fcfb11ed
fcfb11fd
f2fbfdfd
0d0104f9
00060cfb
f002e805
f60307fb
0108ea00
00e5f600
08f8f7f7
07fb0e01
0ef3fefa
fa020c0c
f8fefefc
fd01feed
0d02edfc
fffe11f9
fdf9f2fe
f2f4fbf2
0d03f500
ff00ef03
fcfc0a12
05fd0705
0509f812
f804f504
effff3fc
0d0d0aea
fb0dff04
f7fbf50e
120e1002
010508fc
f8f90efb
fdff0bfb
f9000708
02f5fce8
fc0bf50f
fe00fff9
02faf9ff
f1f8fffc
fdfbf8ff
f6f307fc
09ebf8f7
fdfefbff
02030e09
fc00f9f0
e805fa01
08e903f7
fa0c02ec
0206faf8
f50513fc
fd0cfb08
fb04fcf9
0408f7f0
f3fbf00b
0504fdf1
07f8f6f8
fdf8f80a
0403fe01
f30afffa
0b07fef9
0c020509
fc0af0f2
05010303
f909fdf8
050809fc
f2e60ff5
fff8f20c
09fe0eef
04040205
f6fc0503
01051a02
f7f4fe0b
12f90010
020a09fd
f1130304
f3fd0efe
030d1012
030306f7
eff7f500
fa0affef
fb12f5fb
0cfdfc0e
f802fd09
0007faec
0bf0fc0d
ec0807f6
faffff07
0af5faf8
0df201f6
0df6f5fe
f9fcfdf7
f901ee02
0d0410fd
f40df9fd
0909f906
03f90203
0705fdf4
f602040a
f0f906ff
fdfd0311
1604fcf9
fe0001fb
0a04f810
03f90bf1
0d040c0e
fdecf304
ec05f3fc
060f04ff
fff808fd
02fcf4fb
0604ed01
0711f009
08f302fc
020b04f7
0506fbf1
0cf907fe
050500fc
05061afd
f8fff705
090213f7
170114ff
10f8fbf8
ee100609
f2f1faf6
fcee0301
fef200f6
02180103
fcf2f9f5
02f9fafd
03f2f7fb
0d070811
eb04f00a
f5fdf2f8
05f5020e
0a020f07
fd00f6f5
0c00f9f3
fdfe02f8
f9f7020c
08fcfef8
fcf40c04
fafffdfd
f2f3fb13
02f9f8e7
0ff0faef
16fdf700
eef208f5
fb070a03
f9070f00
0bf4f009
eb0807fe
f3f60ff8
07ff0907
f4f3f510
fc0701fe
00ef02fa
eff2110b
0506f306
f506fd08
00e9fff3
f0190ff6
060cfc0a
faf8fe09
f01dfcfe
f209f0fa
020af717
fbf90400
1904f301
fffaf80c
07050601
050905f4
f908f8f9
e2fe03f7
040e0dfe
f70d05f7
23f20515
0403fbf0
fceff803
eef906f7
01060806
0cee0915
04ff0309
f7f8fb08
fc0f0603
000d12fb
f6fffa12
0deef60d
0300fc06
0cf2f6f3
0102f90a
f7f4fc00
02ff1202
0614f90f
fa06080a
fd07f708
f5f3000a
0804f6fb
fb0109f4
ee05f802
020bf304
f9ffff07
0eff0806
f605e7f5
09fc03f5
0af9fc1c
030506fa
f1fe050e
e5fe0602
01090cfa
0911050a
0af20300
f3fa1006
0004fb08
09110cf4
0afc00fc
f4f802f5
03edf606
0203f905
fe01f8f7
070209f0
00f701fc
f3fafcf9
fb0508fe
1503f205
eef3fb0c
fbf1eefb
fcfdff0a
f7fafafc
f4fa00fb
0df602fb
fa03fcff
fbea02fc
05fdff05
0109f0fa
f7ff08f4
020deffb
1009fe06
f70af9f8
00fcf800
f60305f1
fbf9fef7
0e00fb07
0ef8fef6
f8fffbfd
0cf60cf5
f3fffbfb
f6050900
f30401f8
eaf500fd
f4fbf6f6
06ecf50b
12ee01f2
f00afef4
01fd0afe
14e6f300
00f70e08
f3fe0dfb
f9ffed04
00150e13
04ff02ee
06fd0eec
0e01090e
f3fafa03
fcfb00ec
0712fbfa
10faf1f3
f5fa04fb
f4fcf206
fdf0f5fb
0001f105
fd070f0c
06f70aef
04f6ff11
f80211f3
0508fe0c
0d090cfb
09ff0503
0df30903
07ff0dfd
02fe120a
0b0417f9
0bfcfefd
e313fd04
0703fbfa
0000f808
f4041d13
fe0300fe
f107ff04
f2f701ff
09fcfbfb
070805f5
f2f3f3f4
02110bfc
0efb0bf3
f40afbf8
020309fc
0701fefe
f7020206
f20002fb
1207ecf0
fbf3fb0d
fbfcfd15
07fe0c16
08f115f6
f30501f8
1010ec08
0609fefc
09fcf3f0
f4090501
08fb0201
f5fd08ff
06091110
fbfef9f2
fdfff400
13fa0115
fa070405
fe07e907
070d0df9
f708060e
13f3f6f5
f4eefbfc
fc000910
eef0f70d
fdecf104
07f4f402
f90507f0
f2fc050c
f3ee06f7
060303fb
0af509fa
0c00f7ff
04f8fdf2
f0fafb00
f9faf302
0df90e06
17040b00
0d060303
0610f9fb
f50613ff
fb090af6
f7030501
fbfb1607
fe0cfa00
fbf8ff13
fbf80200
fc090507
ebf80bf9
0af10106
090df812
f90ff010
fdf504fa
06f6ee00
0df900fa
ecfe0f03
0004fbdf
04f104f9
0f02f705
fcedfafb
f104fa02
08fef60e
fc0a0bf0
fd08f106
f70800ff
09fa15f6
0c02f90b
f9eff900
000b0305
00fbf000
0202fae9
f1f304ea
f402e905
0409f6fe
fff9f311
0ffefd0d
04f9fbf3
02fe1d02
06fa00f5
0afe07fd
0c020608
00fc0104
07fc00f4
020c1304
faf10a05
09ed1407
0609fafd
0208040f
fbf8fe04
03ef07f7
03080e10
00fb09f9
ff0203f3
f3f5f404
0e00f8fc
fc030b03
fef7f6fd
080efa05
010afb12
f6fa06e3
f60714ea
020df2fb
fb10f1f5
f4f8f70f
09f1f705
0b060400
05f4f1f6
fbfdf8f4
ffff02f2
fc09190b
fcf602ff
0405f9fe
09fef80b
f30fec07
fdfbfb04
ff060410
0505fb0c
0210fafe
13030bf3
1006fcfb
08f2f90d
f8fbfc02
f7040709
fbecf716
fcf90bf8
0ffafdee
080201fa
0d06faea
fc02fff9
02f7fb05
06fdf00b
f9060ffb
fcfc04fd
f50c00fc
000004f1
05f507ec
02fcf30c
110b1304
fbfc14eb
ff0607fb
01020403
010b0301
03fafdea
f5fc05f4
070c0f09
f9f7f700
00f70606
fc07f909
00f8fc04
f90a0903
000c01f4
000b05f8
041500f6
fe0a010a
f5fc1cfc
f4faeefb
f7fbf700
04fa0b02
240e06f3
07070a10
f009fa07
fef40500
ef0903f9
08fe0207
0e04fdf3
0effe80b
06fc0efb
faf30705
00f810f5
ff0bfbfc
fd0405f4
fffc0709
08050a03
fcf6fbfa
ef0e08f0
ff02f709
0efd0af8
fa1802f8
12010bf9
f3060cff
06060601
fefe0cfe
0cf0fd10
f0fafef9
f5040b12
f80200fd
02020412
01060502
090c0917
04f008ef
0011f3fb
f01af904
e90dfc04
0107ff02
140207f9
fbfc04ff
0e0501fe
010b080f
f3f9fd07
0bf70301
0af8ff0a
fefc040e
ff0f0301
01f511f7
0308fef6
091011f6
f410fbfc
13f3f30a
fff50006
17f00b03
f6fcfafd
ff01f805
050afbf9
03f71206
0e10ff01
f2f1fdfd
fff703f9
ec090713
fcfff900
030bfe07
020f01fd
f80e150e
f0ee07f6
f60214ed
f301070d
eb01fdfc
12fc06fd
f5f1f203
13fd02f6
090d0915
0eff080e
f4f4f503
08f8f4f9
fa150511
07f40200
0406060a
fdf4e202
0bf00eed
10fb040c
f906fd07
f30a0a07
ee08f501
0a13f8fe
f209f501
f5fe010d
01fcf4fb
fa12faf7
f703fa0d
fb05f602
08070807
f81105ed
fe0dff05
fb0affed
08fafdfb
fa030100
11020003
e501ee0f
0603ec02
02000bfa
fcf402fc
fc100106
08fff7fb
020a0cf9
03f7fe10
fe0afd01
ed1205f7
0bfa05f8
f50706fc
14fff6d8
f1f4fcf5
f9ed0107
04f90503
06fafbf5
0b0df7fe
fe0c08fb
f106faf9
f50600fd
0bfbf107
04f3f812
ea0ef2f9
ea0ff405
f903fcfa
010201f5
f9ff030a
0be20602
01020901
04f2fffe
fcf808ff
fdfd02f1
0405f1f1
f20a00ef
f410f504
fa040c04
fdfb01fa
ed07060c
0a0107ff
03f902fa
05f700ef
f91209fd
0bfd0dfa
01f609f8
fbf9fffc
fef208ed
01fcfafa
fe0506ed
0102ec04
1c10fefa
0bff00fa
0b01f5fb
05ea0e08
f9f6fd00
02060ff4
0504f802
fe0ee5f5
05eafff7
030615ef
00fffd02
09fdfb04
00fb0414
1c04fc01
020a00ff
030af9fe
0304f601
00050116
001801fe
04000afa
f9f207f8
f702fbfb
faf8040b
0bff09fc
0816fe06
fb12fffe
fd07f2f9
ed03fdf7
00f5e506
ff0f0613
1500fbfa
ebf9fcf8
f8050f06
fd020a08
fffef8fe
efff0df8
f30808fc
f90b12ed
fe072308
00ef08f2
0a14fcfd
f30bfaed
f7f9fcf2
0a03eb01
03f10601
0c0003ec
0201f402
0808f4fb
09fb050c
01fe0ee9
02ee00fa
fcff0b0c
0bfe0bf3
0c0206f3
ff040cfb
0105f109
140904f7
f9fcfbf8
f4fcfff8
faf6fd1d
010bfaf7
0e0302ff
f70dfcf4
f4fc0e0d
fdee00ed
0e01f70e
00fd0404
ff050efe
f70af9fc
f20c0e08
f8fef906
f703fd0f
11f50412
fffbf616
03fe080e
0a030ef9
fb0105f6
100bfafc
f3fa0cfb
07060600
f0f5fbec
f608f8fa
1a0cff06
03001608
f9140a05
f7fafde4
170cf1fd
0c1201fe
0ef50af5
f8f4f00d
04f8ff0c
fa09fa10
0df401fc
0eeefefd
f8060600
0b0dfa0c
13f60006
eafcecf9
f8f102f5
060ef604
0007f7f9
ed010af3
fd0ff8f1
fdf7ee08
f7f90206
fdfc0c0f
08f5fcfc
0cfe0a04
00ea000b
ee120bfe
1002eef4
fa070201
fb0a1009
08f8fcff
fcff16ff
fe0b0e01
fcff0c06
fa01fdf0
f8f50a13
04fd0208
f915f8fe
02fa0306
0e0ef5fe
fafd0206
0cf90cf5
fd00f9ff
fdfefaf4
050f06ff
0a020b14
fbff06ff
02fc07f7
17f903fb
fa010506
fb090301
0af3fa00
fa0af5fd
03020104
09f115fa
f0f8f809
17f504f8
f8f70204
1309ee09
15f81005
f3fa0103
040e0600
04f31000
02fb07ff
06fc01fd
0a030902
fbfdfc12
f2fffe04
fe04f905
fcfe0b10
fe070d00
f1fefbfd
f524fbfc
fbf00304
021407ff
f6fa02f9
07fbf200
f4fe1700
fe05f9f7
09000501
fb021f0b
fa0807f4
fddc0c02
08fcef02
12fa0402
040c0aef
f301fc0a
00ff01f7
10fefdf7
fe06080e
fd090016
021406f5
f9eeedfc
f90101ef
f3eaf011
09fffe03
fdedf502
edfd0211
0dedfe08
f2fe0706
fd020af9
0b020c09
ee03fc02
16f9f7eb
f705010f
f502fcff
00020609
02010912
01f5f209
f303f904
fef2f7fa
0b1a0d06
fe0eef02
0b080502
f6fe07fc
000302f5
fc08fb04
0cfdfc04
f805fbfd
ecf10002
0611f405
18f00bfd
fffc0409
fcfa00fa
f2f9000c
ebf715f4
f4f6fe00
ff06f9fc
01fffe04
06160b0b
f80df10b
1503f10e
0e05f7fd
f407ff02
03f40e17
04ed080a
f801fc09
f70a0d0b
fcf60cec
04fb11e8
060204f7
f10b10fb
0800f903
080a0e05
0f000706
f803fafe
030ee8fd
f50609ff
ff0b0dec
02fc040c
0efdf607
06f018f5
ff0cebfd
0211f70a
100bff0a
ef080200
1905fa05
faf7fcfb
07f7fe0e
0901fdf9
fe04f8fc
f9e5f805
0d0b05f2
02fb06e6
f60403f6
07f0fc13
09fbf514
f70c0b05
0c12fafd
f2f3fdec
f5ff03ef
fa040d01
0afcecfe
0afb01ff
ff0600f8
f7060303
02f40d01
0bf512f7
040b0af5
06fefafa
f807f40c
08fe13ff
0604fb02
fbebf2f2
00f406fb
04eafd0b
05f80b02
0810000d
fbff0c05
03f50704
f70001f1
02f60210
fef2feff
fc0202fb
f4fc09f1
03f0f7fd
0402070c
0a050e07
04f406f6
0704fff9
fe07fd0c
feee070e
101afff7
f50206ff
fdf9fdf6
0afa0202
ff0710f3
f1140d03
0d03fa04
fcfa00ef
08fc09f2
060af4f3
0c090514
fc0102fe
f9000407
eff60ff9
fa04fbf7
f5f506fd
f3fdf5fd
090105ed
0def03fb
090b080c
ff14f5f9
f3fefef3
090f070f
0506ff20
15f707fd
ed06f1f8
f30507f6
10fffdfc
060e0500
fc0dfdff
01090802
16020402
fe00f91b
04fc06fc
fa0df602
09ff13fd
f9fbfdec
08080001
0afd01ff
030211fe
ff0105f0
0b0d0d02
08090e03
f9f9fb05
0bfaff05
f4f0faf8
02e501fa
fafd0103
ff020309
07030e07
0ffefd07
03f70a10
06f80afb
fafd0900
fbfdedf8
070dff03
05f80501
0804fefb
fa0d040f
0a12f404
1006f0f6
1b01f80e
fd0c08f1
f1f8f505
fc00ec03
f8fd12f7
090403f4
ff1409f1
01fb08ff
f5f101f4
0cf5100b
0b0bfef6
f4f502f9
0a040305
06fe05fe
f9f7fffe
f2ff0cf2
0900f2ff
f803f709
02fbfe03
0307fa0f
fef5e7fa
fffdfe0d
1401ff09
050d1208
ff03f6fc
f507f7f1
0b04fa16
fcf502fd
ff04fcf0
040103fd
1409ff00
06010211
07100107
02f0fc09
05fc0a12
faf5fcf9
f314fe09
fc0502fe
02100103
f304fb09
edfdf005
10faedf5
f615eff7
05f9f903
080108fb
02fe0af7
fdee0201
0bf3ff03
000100ee
0303f402
fa01f516
fffdff04
0714f9fd
eb01f8f9
0209fc03
09f70d07
0bf508fb
01f90104
0bfefbfc
fdfc0af9
02fffffd
ed080404
ff0e0f04
03fe05f5
fafafb04
eefe00f0
f4f40b04
f7fc0007
09080df7
0b060cfd
f80607f8
fffbf605
f30905f1
0b12fe08
0001f8fd
01fe0d0f
02f601f6
0e0fecfa
0d06fa02
f7f1f506
fd0e060b
0002020b
0e060afd
fa1bfff6
12ff0a0a
f603050d
0008fcfc
070dfc0a
fafeee08
001303ff
fbfa0d01
0ce7f103
120501f4
f1feef08
faf4fc07
f4f9f802
ec051112
0105170d
f914fb01
f904fbff
0ff6060d
f7100406
ff01fd0c
ff0a08fd
11f7f0e9
05fe07fe
0607fdf6
070a1300
0f020dfa
05071002
050301fc
fb0e0810
08f5faf4
03040af9
fb12fff4
fe05070e
080e040c
03eafdeb
fe12fe03
f012f50e
0df707fb
0a06fb0c
f1f0edf0
12f00bf1
04ffeffd
f408f1f6
0007f8fb
fc0201f5
f9fef2f8
f904f8e9
f704fffd
0003f9f9
040406e8
f2f50200
fcfd0404
07f8f606
fd0006f5
04090505
090511f8
06fe03f0
ff070404
fc0af006
f1070d12
fb00ec00
f3f2e905
f90f06f9
f9fd0406
fc0206f4
fc04fafa
08070505
ef010a0d
fcf4fbfd
13071610
040502f9
f50fedfb
04ecfcfd
fe01f305
0a06f50f
0b0c0101
e60905fe
fd09040a
0209f600
f50ff5fd
02f810fe
fef913f7
15f9f700
f8fd05f7
f7ea020a
edf0f5f6
00ee13fd
0203f7e9
090608f6
0e0703f8
0d0b0014
04f6f10c
fbfcf712
05000c0b
fc04130b
fb0208fd
fc08fa05
fdfbfff1
03070a09
02f80603
fffffc08
f8091bf1
09f90ef2
e60d00fe
020a05f9
1112fb02
0208fc13
fc00fc0d
06ff0711
06f70620
09f801f1
040efb02
f2ffff07
01fb0ffb
fc0707f7
16020efa
fa00050c
f2f5f705
080bf307
150010f8
fef10e08
ff05070f
f90eff11
f7f80a08
0013fff4
03f501f4
0a0204ff
0dfe0600
04f9080e
f00df806
f501f6ee
1103f501
04f4ffed
f6040eff
0b01010c
f50a06fe
050a080b
fbfbfd01
051004f4
f80dfe03
0e02f2f3
02120900
eff20011
130d0709
faf3ec0c
f905090b
f4f813f6
faf509f3
04e00712
f6060601
0c0c1307
151afc06
0dfa04ff
09fa0efb
000ff004
04f60bee
07000b01
0afdf6f2
010a13f7
ffedfd00
0207ff04
f8f105ee
fb09fafc
0200f1f9
e9ff0fed
02130200
09060305
07f1f9f6
0307fe03
f4ee0808
0bff0200
10ff0009
06fc0a00
f7ff04f4
f70ff001
faf70706
0909f701
fffff6f9
faf6f703
f4fa0100
030801f3
03fcfcf2
fe00020a
05fffaf8
1c06f105
fc0df00e
f5fbfe09
fcffe5f5
fc0608fa
0f110406
fffff9f6
f6f1f7fc
0311f9fd
f907051e
10fef6fd
0cf51409
000a050a
0ef30e0e
0404fcfd
0a07fafe
dff9f30a
fafe10fe
dffffa01
03021007
fdf800f4
0b1206f8
e80ef101
fa01f3eb
fc07f9f5
fb08ea0e
f609fc09
0200fb08
070005e9
0ff4f8fc
0103f00b
f6120202
03faf918
06080afa
f0fd0106
ea03ec00
040cf8ff
f901ef0b
0811f702
07060602
0a010d02
01fcfc17
f3f8fd09
08ec0712
03f107ff
0b02ff0d
100c0e03
0cfb0f08
fa050201
03010c0e
eff2edef
fdf90104
010403fb
0e050604
fef204f6
f5f7f208
f4ff070f
ff02f804
f70df4fa
08fbf8ef
010af315
01fa0f0a
130400f5
01fef0ff
0a0000e7
fdf9f2f7
03f10608
fd0e0301
0e0408ff
1b0405fa
f9010115
fbf0ec07
0201eef0
11070905
030d0504
fd0dfe0a
ec120703
f6f4fa04
07fa0800
fcff0d03
0f0209ee
fb051111
f7f80504
06f3fef7
07f60300
06fcfaf9
e3fef6fa
0911f6fd
fcebea06
f4080405
020807f4
fa18180b
03f00005
0105f6ee
02030bfc
0a0a07ee
020d0704
02fe01f1
000d050b
f701fd06
f50c02ff
eff6f5fb
05fffa12
faf7f60f
fe06f2fd
0b130700
fc08fefc
f407fffb
06100202
0904fdfb
09fafcf7
f2fdf105
fdf7e8f1
0b0c0201
030207f5
fb040206
0a09f7fe
0f080004
14f904fe
ee001208
fffd0dfd
11fefa06
f5effef4
0800fc08
f9f0f6fd
04fcfefa
13f7f812
09fef5e9
0706fc08
f9f80206
08fefafe
fc0814f5
03f5f8fc
fe0bf903
fb02f7fc
fdf60b00
03f6f2f9
fcf7f7f2
f500f40e
fefc05f9
f7fff2f1
fff6f7f4
fef7f904
0c03fd04
0cfcf800
05071dff
040a09fd
fbeffcfc
fa000bfe
02f5f50b
fd04fdf5
0a030207
08ed00fe
020a06fd
0ffefe09
f2fffff9
0e03fb02
091a09f4
1808ebf4
02fdf8f2
03050b07
0806eff0
fe0d0afa
06f90afb
f3fd0c0e
01040e15
faf40301
fdf40cf1
f7fd0906
03fbf705
06051508
f813020f
00f70ff7
fd030a0b
f3000dfa
010002f7
fffcf0ed
10ff050a
fe0c08f3
fa0607ff
1804ee05
01fa1009
f8fbf5ff
00fc0403
fc0df50a
11020504
05f511ed
fcfc1211
fa06ff00
fdeffd0b
0403f60a
fe10060a
0b001d21
05f4edf6
f2030006
07fff907
04f814f4
000afd00
16fffe08
f40d0206
fe07fcfa
f907f3fe
050700ff
fa0afeed
f9f703f7
fe0e0111
f80efaff
f3fafefe
f9e3f619
fc07f903
0afb0c03
ed02f6f8
f9f4fc02
08fa1305
f9eb0b08
0cfafdfd
0e0a03f6
f804fd04
0d000a0d
f9fc020a
fb00edfd
f10ffa02
0c06f610
f6f603fb
030afd10
0bf90005
f50f100a
07f1eff4
0900efff
f6f4fb03
f9ebf102
04fefdf0
0105fcf6
fe020b01
010011ff
f70beffa
0cfb0402
fef30005
000305fd
000e09e6
fae105f7
05ff08fe
0211f7f9
f202f401
f707f8fd
04ff080c
fb05fc11
0cf70001
f9f9ebf5
05e50808
fff4fa02
f50c0c01
08090805
e7f11702
f113fe0a
0d0111fc
020907f3
1301fc0c
faf1fae8
1203fb0c
fa05f3f5
11fb0112
03070dff
f6f808f5
fd01ec11
0302070a
0a0901fb
07060a0a
06fe1afa
fcf7fdfc
07ff04fb
0404fffb
05f301f7
0907f200
0f0cfafb
ed04f403
120c0706
ff02fb06
00f108fc
eef807f9
04fe0002
01120bfa
f4fb1012
f403eefc
090ff8f3
fefb02f5
06f60a0f
fa08f504
fbf6f704
0ef705f5
f8050004
01f105f6
fd06eef1
0efe05ed
0a130af3
10f9f206
f807140a
fefceb06
fffbf5fd
fc06ff03
fa070e04
fdf901f8
fbfdf6f7
fe0ef508
ff0bf6fb
18fe0c0f
eeeef707
0a0c01fd
0200ebfd
0aed09fb
f2ee040c
01fb15fd
fa08fe03
fdfd000c
f6e908fb
fb070f04
0ce20506
06fc0af9
0ef50805
ff04f8fd
200f02fb
02fa00f7
0506ee11
f8eff2f8
f90af813
00f9050b
020312fc
eff9fcfe
faf80904
f60e0ffd
12050b0e
08fb02f7
0a0ce602
f302fc08
060607f0
11f5f0fe
ff04f9f3
0b020009
0e05ea12
02ff07f3
f4fe060b
f90003f2
0cfa08fa
040aff05
07010afc
09fafff7
03080906
02f4f900
f5fd08ee
06e8f7fc
f40803fd
fc1300fd
fc09ff0f
06fcefed
fdf806f1
0301fd04
010a0c06
f90afb03
ef040103
04fe0bff
0600f8f8
02f1faf3
f5040808
0b0201f6
fa0b1907
01f800fe
fd0bf0f9
0d03fffa
fdf907fa
fafff802
02ff0805
f4f9f815
05fb0113
fa06f207
fbf40f00
07feff0e
0900fff8
060702f1
f8f30cf7
07fd05f1
0601f007
0309030e
06f1080b
f700010a
150afd12
0d090003
fc0bedfb
000b0e09
09f503fc
f8040705
0ef806f9
0ffafe0e
0a0c00fa
02090afa
0d05f90e
eef70dfa
f5eef40e
f10e02f8
ff0ef8fe
06f809fb
03fa030e
031300f3
f70000ff
0a05ef11
fb0005ee
030807fd
12040df8
f8fcfbf5
0eeef6e8
14fdf410
fcf90504
02000007
f9050909
03fcfa03
0804f9ff
081f01f4
03fffafe
020cf9fe
fbed0d0d
f9fb0c07
11f907f6
f9030ffe
f2f5ef0c
02120005
fa00fb08
14fb0302
fa01f702
f8fa0af4
fc01f203
fb020e08
060501ff
0efbf9fa
f302f40d
effafd00
0403f3fe
0b0e0806
10fdf703
fe1113f1
06ecedfe
feef0afc
faf901ff
f30a0900
fafffafc
11f7f907
060a14ff
01fefb0d
f7fbf20c
ff06fbf7
00eb0a05
13f60afd
fb0206f2
f3f5ecf6
16040209
0421ff08
f6ffff05
04ffeaf8
07f300ef
03fdeef5
05030e03
fc0bf809
12fa0508
08fc0cfc
0402ebf6
170af3fa
ff04ff07
03f5f309
fdff0bfb
fbfcfdff
04f700ff
07faf7fc
0903030b
05e8fffe
0202fffc
f2fe0dfa
08fafe03
faf711f2
0b16fc0b
061001f6
00f5fafb
fbf2f812
fefc05fc
f7f0f6fa
fffafef8
fd02fe02
01ff06ee
faebf606
0207fcf2
faf5fb10
020cf6ea
02fa060c
feeff2ea
f70016fe
f9ff000d
f9fe0b00
fc08fe03
f81500fd
faee0e09
100c04f2
090df9f9
01f7030d
02f7fd00
f0fd14fc
0508f703
f5fbf50c
110e0112
04060c01
0beefe02
ff02f4f4
01fef805
f8f90604
11fe0707
eaf8eb07
fc03fa09
faf807f9
0a000508
f40704ff
fe06f70b
131afcfe
fc05eff2
04f4fa0d
10fdfc12
f8f4fefe
f70afdf9
f6031004
07fb0b00
09ff0308
0b0df6f7
0f09f015
f1fbf6ec
0a10fdf6
ecf2f3fb
0304050e
030c00f9
fcf301fd
f5f50004
040002ed
0c060211
e501f4e3
0802fcf7
1bfd01f4
090ce603
fb120b03
09fd03f6
f9f70a00
01fd0701
070c0810
1106fa02
faeafbfd
fd0af906
f4ef0a05
fdfb01fb
ec0603fc
01f3f7fd
000ef303
00140100
fd0315f0
f0f60200
0b04f803
fe0ffd01
04fffd12
0ae5f0f5
fbfe0cf8
15fe03f1
14e9ffff
fafe050d
fc13111c
0c0915fe
f901fbfb
f700fb08
090c0df9
fe06fefa
00f803fd
f516f5fd
05f905fe
f4eef406
0012f70a
0004f8ff
eaf6f70c
07f20cee
f800f70c
09040806
0e0bfc16
f603f516
0c0cfd03
09080106
fb0f0609
f20af8e2
f10c09eb
fefe01fd
03eb05f4
fafdf606
0809050b
f605f801
0ff80110
f4f50f02
050605fc
f1f9fcf4
f405e6fb
00f4100f
0100f8fa
fa07f9fc
08f40606
fff61201
fbf6f9f4
fcf5f0f1
f906f4ee
f3faf605
090101f9
05fc06ee
f0ff030b
fc0ef401
f608fbf7
0507fafc
04f507f7
fd0f0b02
03f1fcfb
08f3fc13
010c0313
f403f1ed
fc0fedf6
f7f5050b
f5010817
05000c03
06fd0af0
f8090de3
070601ff
fe04f5f0
0906f80a
fffdfef7
f3f4f9f0
10f100fd
020af8ef
130806fb
f8f4f408
fcf9fc09
09fffdf1
06f00203
f6f01ffc
f3000408
f90102f9
01fc010a
0efeff0d
0703f512
f8f3f508
04f90005
04100dfb
0a080503
030400fe
08fc02f7
fdf8fcfc
0af50a0c
fefb010f
07190bfa
08fcfffa
0bf2fe04
fbfd01f8
0ef6fe13
f50f060b
f5fb00f9
f4fafafa
f905fffd
0314f000
fdfaebfd
01ff05f1
f6f4fcf7
02faf3fc
1b04fff4
02fff20f
01fd110f
f9f1ef0d
0107f707
02000013
fd0b110e
120304f5
080705f9
07f907fe
0c08f706
07f70d00
f002fa0b
06e8f2fc
04f8fdfd
020b07f8
f90c0708
f1030efd
f70b05fa
e6f604fa
01ff0e16
fbff0803
0106fe0f
f3050c05
09f108fe
fef1fdff
fd03f9fd
0afe0b01
e5f10c02
0301f6f3
06ee16f1
0b0504f8
0af10906
f7fd00e8
040c04f1
fd0603ff
00fd010c
08fe04fa
ec030305
fff3f70e
fe1506ef
01f302fe
faf409f8
0b0d0b00
f803ff01
f7030914
1108ff00
110303fe
031e14fc
000a08f6
fb01f300
02eff805
eb070901
0518f4ff
f5ff15f9
07fa0002
f90a0ffd
f8f6f106
f9021400
fafe0b0a
f3fe070d
040208fd
030a04ff
02fcfe03
f1ff160b
ff0703e8
0d0b12ff
03f7fa04
f80b11fe
00f002f5
02f80207
f5fd1102
0af00301
0d01fefb
00120c05
fa021000
ef00f9f8
0209020d
080b0605
02f60804
02040c08
f1ea0706
0108ff01
f40315fd
ed080002
01ec0c0d
edf1fcfa
fbfe060d
fa02f701
f90df1fd
0ff6f6e6
f5eb0008
06fd0ce4
02f60102
f303fa0c
09fc0512
0df7f4f2
03f0f309
f9f3fc01
fa0af80f
0214ebe8
e906010e
01020cfb
f0faf902
e8fd00fa
16f8f40d
f6030dfd
09fd090d
fe02f90d
f604060e
f20304f8
fc0bf602
06f901f6
f00802e9
0213f0f9
05f011ff
1106f60a
050702f5
01080ff2
fff9fc05
10f701f3
ecf0ff04
00020e04
f8ee1305
f602ea0f
0403020c
13f30efc
08fe0802
020312fb
f5ff0108
1302080b
fdfd0703
f9f6fe00
070216ef
0bf2faf2
0418ef06
faf90a01
10fffcf8
080307fd
eb060a07
05fffff3
0305f5f6
00f30307
fa00000c
f3fcfa03
fff60eff
fe0bf3e8
05f6f4fd
f9070af7
fefdfe03
0df8fd07
04fc0405
030204f6
f002f614
ff12f30e
faf709f2
fef60703
f1fb02f2
f507edff
ee02fafe
fcef0402
fdf100ff
fefb07fc
fefe1406
0cfaf4ec
0b06f507
0800f907
11fdfbfd
0e10f2fd
06f9f403
080102f4
0c01e713
020b0405
01faf805
f4fef402
0a020807
02fa0cff
0902faf7
ee04f302
f912ff05
0c01f3f7
fa06fc04
01fcec05
030306fb
0309fcf4
10fbf606
f8fdf10a
07050101
fbf7f2ee
07fcf6f0
f9f9fb0f
f207fffb
17110407
f9f6f4ef
06f5fd02
020f08fb
fa0e0d0e
f9080d08
f60cfdf7
fc02f1f5
fffa0301
f902f707
03ff07fd
ff050cf2
0afc0b09
f1fcf20a
feeefb01
f90a11fa
01fff415
07fc07ff
fcebf9fd
eefb10f2
0e0507eb
040406ef
0cf9fbff
05eaf5f6
05ff00f3
faf5fe05
02f404f7
f6fe0af0
010bf401
fbfd21fb
f7f7fef4
f2f40413
fe0c050f
000108f4
f1fffbeb
10f3ff13
050900fd
f6020e04
170af9ff
eef30703
00fafef3
0bf9f802
ebf90910
0202feea
f805fe09
fe0010fc
0b0b0603
fcfcfdf6
02090f06
080af9f9
0e150104
05fc0601
0002ff00
f0f6fffa
f9ee02ff
f50a02f7
00f904f7
f4fdf40a
00e90afb
ff011210
020a1502
ff060603
ff0ef800
01faf4ff
090aec04
f003fc02
f6fa12ef
fff905f3
0302edfc
f606fa02
fbf90501
170c0f0f
0600fa01
f0070a06
ef10f9fb
fa000bfe
fc0902eb
0f0309f4
ef01f8ff
12140903
06030e03
fc02f903
050be9fd
0bffed04
030c04ec
07eafcec
15ff000b
02f7ff02
03f3eff9
ff05f807
04faf90f
fbfb01ea
f3f506fe
f60603ec
05f8fbfc
f30102eb
1101f5f2
f1060b11
051e01ed
09fee3fa
12f3fbfe
f402e9f3
1106f0f2
f3020a05
05f9fdeb
f703fafc
0af0fa05
f012fe09
f8f8f7fa
06fc0808
eb02030a
00fdf6fb
fc020504
0803ff00
f600f7fa
12f10af9
01e50208
e80f0901
03f9f309
fefd02ee
0df8f812
0a03fbfe
ff0205f4
020304f7
fef5f518
f8030309
05090a09
fd04fafb
ff0704fd
fd03fe0a
05f20900
f51209ff
0beef0fb
f5021208
f4f1f70a
fc090a1d
08020805
071c00f6
04fb0208
f0f20b00
f1040008
0a0301f2
01fd16fe
f9f8eef8
0b0cfcf7
06fdf00b
01fd0712
fe00fbe9
04f2fb09
f700fd0c
04fa0006
f407f5f5
05e90c02
0afdf604
f7fbf3f0
f504ffed
fd0608eb
01fa08f9
020bea14
fb090205
f9ff0203
fe00fff7
070500f8
f108f712
f5f007fd
f7fb04ff
f80301fd
0b04ed04
01ff0211
fff808ff
fcfff70c
fd02f9fd
fdf308f0
fe0209f6
0206ee0b
080006fa
f6f6f9f7
f6e808f4
f1fd07fd
f5fdf5f6
050009ea
f20a1a13
00111418
f302eefe
0a06f9f6
f7f6f0f9
fdff13fb
e6f9f300
fc05fdf8
05070605
ef07fbf7
03f3fef3
f9f8f5fb
10010d04
08fefaef
f9fffaf8
06fb0c0b
ee0ff9fb
0aebe704
13040cfe
f3ff01fe
ea00f804
1402ec0e
f00100fd
03fef402
06f3f404
fc030a00
060006f1
f7ffe107
f901f7e6
0707f7ef
fc0cf901
f00c0cf0
f2040f02
f3050ae9
fa050200
120cf301
f812fef8
05f00efa
1800f9ef
000af4f7
fcf617eb
effdf7fb
f40107f4
08f000fe
0702fffa
f50e0f03
ff01e9ef
0f03080b
0e03fef1
f6030c03
0211fd07
1cf30201
00f104fe
f40c05fe
f7ef00fe
f905f8fa
fffe0b06
0905f105
f6faf7f1
ff08f81d
e7f80201
0a09f110
f7fee907
0712fbf0
0002f8ff
f60908fd
03fdf407
fcfe0a05
180310ff
f114060b
0c02faf7
00fbf5f6
faeff4f7
f601e403
fd0e0701
ef01faf6
e40112fd
0600fdfd
070600fc
04040d06
f4f10504
0a0a02f6
eb01f80d
fffcfd06
02f50702
0510feec
ef0ef708
12fafafe
0305f5f6
f3f308fe
fdff0000
08011110
e9130001
f9f802f0
f6e10502
0b00fe00
f50af8f9
02fff1fd
03f3fe05
f0091008
fffd0906
11dffbfa
0e0cf704
05f6fcf3
04edfe01
fef1fefe
f205fe05
fff3f305
03f10307
05ebf1fb
0c01f40a
fd0504e9
0c0ff9dd
1d0e0004
fa060cf7
edff0d0e
020105ef
06fc0806
ed090f10
fc13e8fb
e900f908
fef9140b
fe08ee0a
17ff09ec
0905fbf2
fb06fbf9
f90609fb
e6f70709
0af9f1f2
09ebef04
04fdfd00
01fbf902
09fef505
fd0eff05
f6fdf712
00031cf1
fe010207
f3f6f8f3
f90ff5f2
f8f70cfd
ef09f5fd
0702f404
04ff0001
0000fd00
07ff07e6
fdf400f9
05f5faf8
f3060ee7
f9f3ff17
07f8eefb
fbf8f10b
f709080e
fa0cf207
09fff604
1000fcfb
00000bf4
f4010500
00f3ff05
05fc02f8
060f0511
0b0604fd
0005f710
07f6f4f2
f9fb0007
fcfef3fd
fdf5f8f0
01ff1405
00f6ea10
f414fb00
ff0d0807
060b09fc
0cf6fd11
00fcfbf8
00e80ff8
fdeefc00
f4eb0809
040206ef
fd0cf712
180701fe
fcfc05f9
09f30701
020b0ffb
f7ebf2fb
04fe02fa
080100ec
08090207
f5f801ff
04f307ef
ff03080a
04010007
04040c0e
f0110cf6
fc0612ef
0d07ecfe
02fafbfe
09f9f60a
f406fbfb
ff0f0717
04030f06
fe090d02
1101eefc
11eb0d03
f7050dfc
01fafe04
f401fbfe
fff8040a
050306f8
f704000a
f1f7ea06
fb040606
050301ef
120103f4
fc0c0506
090701ed
0203fd0d
09fc010e
10ee0501
05fdf7fc
f5fb05f0
fff802f8
09f1f9fe
05050801
f8ff00fc
faedfefc
faeff900
0513fd03
f8f3e40c
0304eefd
0df1f501
fb000ef9
f90b1411
f9ff03ec
fff8f404
08f5f5fe
f3f806f8
faf80cfc
fd110202
fafe06f7
f6f7ff12
06fffc02
f702ee05
edf5f601
1204ef0a
01f9fcf0
02f6f005
f8fd0c09
f800f8f7
fa09f70b
f10af1fc
0a07eb0d
0ef3fd01
f606f5ee
0b05f8f6
ff00f6f9
fb02ecfd
fe0eff09
f4f80905
10fe1211
02fef7f7
1608f5fe
030afb0d
070efaff
ff15fd05
edf5fdef
fe07f80c
f5fcf708
fbf80406
faf7f2f6
0f0d0d11
f5f8ef03
030409fe
f608f408
fe06fef9
fa0107fc
fffbfd02
0f100cfb
11f3030b
f1e40604
0a1af5f3
02f6f50a
05f0fa11
06fbf9f9
f40505f8
030cf5fe
09fef80f
0910f50a
fe090e01
0101f802
fef5f302
0701f5f7
f6fc03fa
11fef301
ff1601ef
0011fdf2
04fd02ff
ff0602f7
fef607fc
f212e7fb
f60c050d
fb07f90d
0b07f8fe
fd1af80f
0bfd0ff9
00fc0b0b
fef10209
06fcfbfb
f5fd0108
fe06edf3
02f6fd0c
0f01f2fc
10010902
07f6fe02
08021111
00040001
04f9060f
fefb0906
01f80e08
16100607
0407fdfd
fd030305
f50f0011
fc0a0d07
f7effb06
fdfa0df8
06f2f302
0313f805
02160306
f1f901f9
08020c0b
040c0efb
f402f5f4
fd0501ef
03f80903
05fe0300
fe020106
0e03fcf2
f6fdf4fd
1afffbfb
0bf8fd06
fafce9f9
01fc0dfe
060502fb
0301fb04
02fdf8ef
00050107
fd04000f
f60614f5
fd12030f
f5f70907
f801f207
fa04f9ee
04faf5f6
e005fefd
020b0dfd
0e03fefe
ff02f80c
0dfb070a
07ff0905
ff02fe07
0dfffdee
f1f806f7
0afff5f4
06071508
061dfeff
f2fa01f5
fafe0615
f9fefee5
0b10f10f
f5ff02ec
fdfa02ff
0f0505f3
01f603fd
04fffbfd
fa0204f9
15fc03f7
fb080c11
05fe07f1
00ef05fb
f510f808
ff07f9fa
17f90411
0bfcfbfc
060600f4
08090ffa
04fcf8fc
f7000102
14e80c06
f9f4ed01
fd0d01fc
f2070507
070be8fe
fb020bed
f707000c
0604f50e
0404f40e
070d07fe
17f4f9f2
f9f3fd11
0efaf311
03fe13ff
0a0210ee
0a06020d
fcf2f9fa
0f0009f2
f7f6f603
08f70102
00f4f9fa
fd0cfcfe
f7f5f105
f90008f8
03fa0fff
ebfd04fb
eff41bf1
eef6fcfb
01fd0002
f2070a00
09effaf0
1f0713f6
0bfd0711
0b0206f1
04fd08ff
0bf7fb03
03eb0e0b
0dfef905
0cf1fa06
1408fafd
e9f8060b
02fe0b0c
09070001
f906fc09
070df900
fff806fa
f6fb0b0b
0ef311f8
ff030301
f5f801f4
10ef04f6
10010207
0e09f814
f70600f7
1406ed07
110d0705
00ff19fe
010df703
0cee03f6
fd010f0c
02100d00
f7011308
08f700f6
f1130508
f702ff03
0411f3fc
07f801ee
0ff205f4
fe01f001
090e02fb
0ffefe0d
07030005
01fdfc03
edf7f50a
0107fd08
0403fc15
fbfff9fa
f8fc0502
18fc07fb
f30e0cf8
020513fb
ec17fdfa
0bfafafd
09f40800
07fef0f8
fef802fc
fbfb0b0b
0c0e0117
f7f10bf1
0c0bf507
ff1d0903
f40d04fb
00100706
05f2edff
fffeedfa
fe14faf7
030ffefa
0910ff06
06fa0403
14f9f508
09fcfcfb
07f4f8f2
06f20ffb
0101f802
030b040c
fb0d0f00
f20a08fa
fdfb0602
0807f8fc
ff030402
09040316
0b04010c
000103f8
f7f702fa
1607fb08
fb010801
fd0aff05
f0fbf6fb
f3fd0600
fcef0804
09ed0802
0a0ef914
0500eb00
08fb0c04
06f11200
fffb03ff
041b0618
fc06f8fb
ff15fefb
06fefffd
fc120c00
f802f00e
fdfbf116
edff1107
f704ea07
faff0306
071308fc
0af5eae1
07ff00fa
0cf6fa04
04fcf3ea
f00d03ee
0df50eea
00f5f9f7
0cf903ff
10091706
fe0604f5
030611fa
01fa0109
f2f6f4fa
0d030c06
0401f4ed
ec04fdf9
0ff9f4fc
f9f2100f
f40308fe
f2f2eb0d
e401fef5
04f7f9fa
04030b0a
091109e6
0b0602fe
08f8ff01
0b1217fc
0c070ef1
f209fbf8
f8fe0006
06f1f5fa
0901edfd
0bfdfa0c
07f70dfc
effe07fe
0cf8f9fd
f8fe00ec
f9fde5f6
f8fc0001
05eae205
03090dfc
fdff0e04
f80805f7
ee03f211
0c02f4fb
fa0d0205
fa0efcf4
00f90d05
f20906fb
0401fdfe
fff812f3
ff030701
08fff20f
03f20309
04f9fcf9
0402fcf7
fcf0fe06
08fc0c0a
fbf903f7
f7fd050f
08fbf6fe
f9f4ff00
02fb04fc
0302fdf8
f1f4f4ec
fd02050e
0a020af4
fd0c0afa
02040906
f9fc06f7
0c05050a
09f1fe05
f002f9f9
1afefa07
06f90613
ff0303ed
effcfd02
fefff3ee
02060202
0f00f4fb
ff0c00fc
fff9fe10
040106fe
fff611ef
091014ee
fbff08f9
f203fef8
0602fe01
0305f00e
0611fcf9
f4f7f204
f50cfffb
fdef08fb
0f00040e
150501ed
0d0505fd
060602fc
f603f100
f601fef8
0c0507f7
0dfb000e
02feecf4
0cf80812
06030bf9
f7f903ff
00070907
f9fdfc0a
f3f41d04
0706f902
ff0c1005
03f40e01
080913f6
0f0ae915
1102fc03
0401010f
05effa00
09f813f7
f8ee0000
050dfafe
08f8fcfb
fa00000a
0e040b03
01ef03ef
f8050508
f5eef702
fe0bf508
01f7feef
fff902f9
f701fa00
faf70bfa
0701f9ff
060afafe
edfbf7fc
100f0402
070a0f0d
08f4100e
fd02fd0a
0ef7f8ec
fb000103
03f50000
06ef05f8
0bf6f304
05e20807
18f906f5
1315faf8
fbf8f7ff
eff21005
030e0202
0802fcf5
1af0f216
000c0cf3
ff0102fb
f8fa00f6
08ec0602
f9fa0dfb
f8f7fe03
fa00060b
f3f1ea04
1102fafb
fffb02fb
fbf8fff6
f1fcf7ef
01e817fb
0203f3f9
f4f5fd05
0311f7f7
06f80313
0000fd01
f004ffff
10fa0a0d
eeecf4fa
0cfa0304
f8fdf3f7
0406fef7
f6e9eefb
ff05f610
0cfb0d02
01f8fdf8
0d07fceb
08fff5f7
0a01fb0e
fff50d03
0d08e70c
09ec0904
0df6f307
f3fd05f0
f4fc0602
0ef4f80c
fd100809
02fb0dfc
0e00f30a
fe170bff
fb010500
14fb0d12
f9f60c05
0a1ef804
f303f7f9
f5f709f6
00fa01f8
0b0ef803
03090e05
07f9f4fc
0cfefd09
ef0a1404
07fbfcf1
fefa03ff
0307fef7
06f10fff
0deb010a
010ff708
eafc1cfe
00070ff8
fe06e903
fdf40e06
f3f9fc0d
fffff7fe
05f71401
ee02f803
fa0b0507
0deff7fe
0203ff05
fffafe07
f4f800fb
030efd17
09f7f403
fe0a1506
12ef1405
0214f707
10fee80a
0e000803
02f115f8
ea02f50a
f50cf11b
fa0003fe
0907f716
1301f506
0104f9ff
f7f20700
fff5fc08
fe0e0e02
00fbfa08
f807ff00
f2fbf704
100304fd
f5f4fafb
f60606f6
ff0bfb01
fff8ebfd
04f4f1f9
fbfd00fc
01040109
17f50a05
f1f90ef6
01ff0803
fc0208fa
f1faef09
f5f8f907
0102050b
f6010df8
f9f3f9f2
fcfdfd0e
06fd0216
0ef200fe
fcf807f2
f50bf606
f6010d02
fc12fa03
0e0a0103
fcfe0709
0bf9f4f3
fcf105fc
03f906fc
03060cfb
01f90502
ef030409
f304fcff
f8f406e7
fff41902
03060a00
f008fffb
07f7f7ff
0405ff0b
e6fbf3f6
fff0f205
f3030ef8
0efe03fd
f60503fc
07021800
02ff07ee
070efafb
00f81202
fbfb04ee
11fe0ffc
f1030bfe
f6fe0100
f318f70a
020c0011
f6fffa00
f30b090f
ff0504f9
fbfaed0a
060a03fb
f5fef5fe
1004e5ef
f0f1fff4
080c030f
f7f31802
fbfdfd00
e9f706ff
0602f901
0818080b
fd1102fa
04f20101
f9fff905
ff04f4ec
fef50fea
feeefc06
020a02fa
0d0506fc
faf50110
f0f8f70c
f9f0f3f6
02f8fffe
fe0afb0a
0602fa04
fcf2eafd
0bfc0306
0c071200
03eaf9ff
fffef2fa
010c0010
f6f0f8fe
fcf50503
f70e020a
07fb0ef5
0a0ff502
f8fcf504
00fafc00
00faf0f8
f9fef3fd
fef201fe
eef7fb00
f9f702f9
0108ea03
07fcef1e
fa070007
f406faf9
040c01f5
fff71b00
10f2f40e
050c01f2
0eee0002
020907f4
fbf400f5
f7ff0302
f4f201f4
040119ee
090bf60b
060c0e00
fff50803
00f6fe03
fcfe04f5
0802f7ff
f5f8fff7
090106f7
0b01fd0b
f214f9fd
022001fd
0511f3f7
0005f8fb
06fb1af7
0604f90c
f70a130e
1103f6fd
f7030207
0c06010a
fef0f900
11f7fa01
03fdf2ff
16f2f109
f7020004
0c0208ed
fb010013
feedfb13
0d100e05
02eaf906
07fd13fe
030d09f9
0408f210
0dfef2ee
04ff07ff
0f0201fe
000bff12
0118fb09
120c0bfe
fefdfe00
f7090eed
f709f906
0b0201fa
fbf7f7f8
f0fd12f4
f2f8fbfe
01090704
0a08f7fb
070309fb
0004f506
020af702
11fb02ee
f6fa01ee
06faf907
02fff700
ff000800
ec0003f1
00e80209
fc10f80a
04ef01ff
ecff0005
041303ff
0f0905ff
fff8fe01
f90307f6
0605f7f6
080202f3
00ff0c03
0304effe
fffafcf8
0df1f510
f200020b
01120402
1905f308
f7f2030a
f512fdf1
fbfdfaf2
100a0306
fd040008
f6f4f5f6
f2f70afa
fff9fc10
fc0b0400
ecf204f9
eff4fd02
00ffef0c
0503fb19
fff6fdff
f4ef1107
02090001
f602ff00
f3130104
e8f5f8ff
03f1f1f8
ff000702
fcebf208
fa00050e
f9060eea
f7040ef7
0200f909
feff07fe
06fcfd00
0ffc1004
01f8010c
0e0b01f4
fafef8f6
060007fe
09f803f6
0208fff1
f6fafff3
f90200fa
060df60a
faf30f0f
090200f9
faf9ff11
07030400
10fefb08
0503eefc
fcfd01fd
05ecedf8
faf50605
fdf5f5f0
040900ea
01f603ff
fcf306f4
0210fc0f
1204f4f5
f700000f
fbf2ff13
06010105
fdfb04fe
ff00edf4
f2f601ff
050908fc
1302f6f7
fe0008fc
f408faf8
2004fa03
f503f708
f3080803
f004fafd
0a0cffff
ee0b05fe
f6fa05fa
fa0df9fd
04fd0107
fff8feef
0b0ffe00
f2fcf9fd
fff608ea
0601090e
10fe04fc
fefaf701
020b0004
01fffd04
f3f1f2fd
02f7f406
fcf4fff8
faf50105
f4f506f9
fbfbfe0c
001219fb
03fefc00
f7faf305
07faf3fe
ff1102fc
0ce906f7
ef0c1603
f800fc13
1901fb01
fa0307fe
f800000f
fc0d03fe
04f4fefe
fcec0106
01fa0d03
1606ff0d
070aff0c
fc0012fa
f70501fe
000118fe
11faf4e7
f5fefeef
16ef0003
1000fb00
06fb0010
f8f300fc
08f80706
fd0ef8f9
0809fcf9
0604020f
e80208fd
060afef3
fff2fb04
fd000a08
fff51411
0703fdf9
f6eff6fc
fd09fefd
01ff15fa
07f80100
f60a09f9
f20804fd
09fc08fe
04fa0c08
05f405ff
03071000
0ffb09fb
0aff021b
14f40201
020a12f7
12f4f60a
050307ff
f905000a
0201ff09
0d04f8fc
e502f8f3
ebf601fb
fa0005f5
04ff0503
f10610f6
1904fa01
04051202
05f8fbfd
00fb05f6
03f706f7
1bfdf803
0af9eff5
00090310
0e0104fd
0f0202ef
09060903
fa11110c
0103fe00
fdf40603
fb101010
f8080c04
02df0802
05fdf3f8
120d0609
08fb01ed
070f0a1a
ff020af8
edf90203
ebffed06
ed04f8eb
f3fdfef9
ec0afafd
0800f605
0b030611
05faeefa
f7fafefe
0106f6f5
03fd0ff6
f7f604f3
fa050603
ff070b03
0314fcf5
fdf308fa
ec0bf5fa
fd02f501
0304040c
04fafbf7
f1fbec0a
15001208
01f006f9
fe0df903
020fee0b
0a0afdf2
00fff30a
f805f9f9
01040104
e8fcf5fa
f700fe16
0bfff9f4
091101f6
ecf3f8fa
170107fb
f4f504f1
ff1208f0
eb05f603
0e08fd12
0506fb06
0cfff309
e5050cea
0ce906f8
050305f8
f800f808
fef80310
0df10706
fd040310
020c090b
110709f5
ff01f8f0
f6030cf7
f2eff700
09f50903
09fa0e11
0cff0600
fa000004
06f1f202
0af8fded
0300fb0c
fcf9fafb
0a0af813
f304eef7
fff0ff0b
04fa0206
0908f6f0
f10300f7
fc06f408
e9fe0ced
fa050bfb
0901ee0a
f3f61504
050805ff
160bf809
0c04f7f2
fffcf5f7
fc110404
07de0404
faec0009
0b04f7f2
0307f4fe
eaedfc00
090e0009
060b0518
03fe04f6
09faf8fd
04fb0908
f90a1006
0cfaeaea
f80ce806
0af60ff5
ffffeff9
13f0fef3
02f2f0ff
f8040b0b
0904040c
01f80404
0f0af309
fdf6fd00
05ff1cf5
f405fef6
0209f50f
f90609fe
f8f0f908
f2110004
f4e902fa
04fd0605
f3fdfb00
0cfaf504
09fc0600
12000c0e
010bf5f9
f7fa0612
04fc0c04
16050227
fb05feed
070bfd00
ff03f107
0c12f8fa
eef60b14
00ddf7ff
f800f5ed
07090707
04090104
07f2fdff
0503f604
fe09fefa
f6f5fff9
0507fff7
0903030f
031903fc
1002f4ed
f616fa09
f3f0eb04
f7faf805
03eb1404
fc0c0908
f1ee0407
000ff30b
fafefbf4
fbfaf406
06f60904
fe120c07
f8fffef8
06fffc03
00f90c01
fc0001f9
ee0918f1
05fdfbfa
081b1300
f50000fe
fb0afb0a
edf700f7
eefef7fb
fcf40f0e
01fafff3
03fefc00
fffff602
060a06fe
0dfd0613
0bef0d0c
fbe7f2ff
fc0504fc
f9fcf9fc
fa02f204
fc0914f9
f408fe03
f90200fb
08fbf2f4
0a030c0f
0ef0eff7
fdea03fd
f90103fd
f504f804
fd0f0804
020b1300
01fa0b01
070b0a0b
0a0afeef
fc0106fe
0117fbf1
f4f80a01
0205f0fb
e912000c
17f2f5f5
fc0d0b02
fffffc09
190bff13
fb01ff09
0cfe0807
f802f902
eefe190d
ff0a01ff
fb16fb14
fefc15fd
18fa1103
10fbf0ee
fdfb07f5
fa0a0bf3
01f402ef
0a051017
f9f10100
0cf1fa02
fbf2fbf8
03fa09f0
04fffc0c
f3f6fa01
0e0aeefa
ffff0aeb
f8f80301
f5fb000c
f610f9ff
fc0608fc
0101fcf9
f408f30d
071b0712
e80b0708
fcef030a
feeefdf9
02001109
01f9fefa
0511fef4
fd19fd02
f8fcfc0a
edfaf8f6
fae8f911
ef02ef12
ff02f700
f10cf9fc
12f5f8fd
f1f40cf6
07fd08f2
01f4fbfb
0712def9
0108040c
03fef404
0a0c08fa
e7f80501
1703fdfe
fb02ff03
00fc0410
f8050df4
ee0607ff
0efaedf7
f3f7fbeb
ee040b09
faf0fcf7
f4fdf60c
03f2fe0e
f8060a09
f5f306f3
0701fafd
f6070ffb
010112fb
07001b0d
f70bf7f7
f30707f8
fef9fd0d
0f16fd07
fbfef706
06060400
fc010b05
ed0206f9
05f8fdfe
fc020102
fffbfdfc
f102fa00
f9000511
fb03fc19
fe04f411
ff041004
07080111
1e02fefb
0b03fd0c
00f6070b
0902fff5
06e70800
f00000fb
fd0609fa
0c090001
09f8fbfc
0700fdfc
f2ebed04
06f90300
04fb0f00
07fcfcf1
eef80201
f0f814ff
fbe400f9
e60ef1f0
f7f901ff
f808fd0f
fdfcfe06
0af203f3
ec07fdfc
09fc0a02
f90cf9f0
010408ff
fc0efdf9
02ebfe15
000dfceb
f80804ef
00f700fe
f904fe09
13080a02
fffe000f
f9fb19fb
faf80c03
f7f80200
f00200f1
f601fff2
f001000a
04090209
ef04070d
02000307
0111f2f8
f00712ff
07eff7fd
fd050dff
1600f1f9
01f9eff2
fbfbfefa
fb0603f8
f8f9fc09
0e0c0df9
0d09f002
f0f904ea
fcf5fcf9
f50700fe
09fdf3fb
0108ee0a
fcfe09fd
eefafd00
faf0f201
0e080f09
f9ef07fa
02f8fb05
08f3ff14
130812f6
fef5fb00
0011f4f6
02fffe04
ff060205
f2f60e07
010a0111
0801fd03
0410faff
0519f6f2
16eff902
070f18ea
fdfafdef
05f8f6f3
f9f6fe0b
fefaf803
0303f400
02f30100
ef0b16ec
04fb06fb
140df80f
04f70203
f9fb0cf5
f309fe01
04f0f801
150d0dff
21eeff03
fef1f705
01f1f2fc
09edfe07
06fb020e
fefa0206
01ffe7fe
f9f50c0c
10020410
0600f705
fcfff5eb
0ffefffd
fefd00fc
000a02f7
ea19f909
06f30aff
09f60309
0101f701
ff0009fb
000010ed
1502000c
0500fa06
0405100d
f902120b
0e00020f
07030e09
0e0506f5
01f404fe
1af1f50a
24f71705
0afaf2f7
06190f03
07ff08fd
f9030ff9
06010f07
09fbeb04
f7160411
f00b00f9
0c070cf5
f5030305
060207f3
f912fef5
0b07f6ea
03ff0805
1001f304
08070500
f5e8f605
020002f5
f40efb0c
09ff0a04
02fb0aff
f8000104
0b080e00
0f040213
000609ef
07fa01fb
010904fb
fa01f505
10fc0000
0500fcf7
04fdf10c
fb04fbf8
05f6fffe
00010f0e
07fa08ef
0701f800
fffe0ff0
f004f70c
f811001d
070908ff
0501fafb
fef20c06
f50bf5f2
0905fc0d
02f2faf1
fdf804ff
ff0cf7fa
11feeaf4
0cff22f6
f6faff06
f707f905
f2fe02f1
03090803
fa040bfd
fafd0711
0012f8f8
01f30c09
06f70000
0e06fb02
1009f802
f90e0501
fdf8f8fd
0dfd0cf7
08fffb05
f806ff0d
fdf40204
0009f6f8
05f6f20c
fd0416f5
f8f8f6fd
06f1f4f6
fe00f5f6
0be2fb0a
030102f5
eafaf6fe
03100406
0a00fe07
fdf4fd05
f303fb04
f2ed0a0a
0a0608ec
19fd0308
f3fe0bf8
f5fcf8fa
fdfc0f0a
f9e0f90c
15fbe702
01fcfcfd
fbfdfbf8
fbf00100
050c08f8
ff0a001c
02f303fb
15fefbf0
02f1090d
0af4f0f5
fc02e901
f0f4ec0b
f7fc0304
ff04f007
05fd0201
080c09eb
f1f70510
f40506f8
ea11f6ee
03f20206
f8fa00ec
ff06f806
f410fef6
fbf41802
fff5fcf7
fc0bf902
f1f90d0c
00180507
f3e90806
0f09f10a
0003fc08
f6fa0300
eff904f8
fefc03f6
11ee0401
0d0bfefc
f6f503fd
01fbff06
0f1003f8
010e070f
06ff010d
fff01bef
0c00f505
100afc04
0106fb0d
fd030807
030e0304
02f102e3
10fa0c04
f4fcea03
0605e1f7
05f6f3ef
faf5fe03
0bfc0ef3
03051104
ed0afef1
0807fafb
000e00f8
020c0ff8
f30900fc
f104ff0f
fcfd0403
02f60105
fd0af3fd
080203fa
03f1fffb
070606fd
01ff0001
fafaf804
ff07fc0c
fc080ffd
06ee03f1
03fc0009
fa02f0f5
10010efd
00040304
f4fc08f8
060bfb05
fa020df6
05fcf5f2
05080a03
0205e0f8
0dfbfd04
0312f908
080af710
f2fcf108
090a0e04
020003e9
f70dfdfd
0104ffec
fc090206
15fafafc
effdfdfb
fa00f4f3
0ffa06f5
030bf5f4
03fb070f
050f0a05
01fe00f8
faf70404
f9fe0903
03090af2
f50b0306
ff00ff0f
fd0b03f2
ff12fef0
fdfe02f0
0bfb0807
fbf0030a
fd04ffff
f3eeff01
f80c0d14
0a0403fc
04040a01
fd0a03fe
fff4ff0b
00020807
f6fa0dfc
0912f3f5
06100104
0007f80c
03020a08
0eeb0005
f6fceb07
0906f6ee
fcf7030c
07fefd08
fa00eafc
04f801ee
f4f60703
01fd0d0a
f9f6030b
01fb03ff
081113fb
f603fa0e
05f2fefa
0c05f9f2
ed0cf4f9
fe060ce5
fcf70806
08fef5f9
0402fc04
f105ef0c
0003fef1
f900fe06
0e10f601
080cf815
02fbf4f4
f3110d0a
f40d04fa
eff3080a
0e1403fd
010ffbfe
0802f208
fb0d06ff
040709fd
f70afff6
ffee0ffe
0d00fcfd
fef7fcf9
f1fb001a
fd1206ef
ecf7e400
0507eff7
0300fc07
0305ffff
0cfd09fe
f115fbfe
fe0604fa
f4fd01f6
f2fdf202
060207ec
03fbfafe
f6fbfe00
050502fa
090d0c0c
0700ec03
f304f900
08fefcf1
f403fc04
f2fceb12
090705f5
0a09f815
06fef8fe
f600feff
f9f40eef
0608f501
09fefb00
fbf5fa03
0103f607
0803f400
f4f40306
0208f7fc
ee16f9eb
fbfe02f4
fb0c03f3
fc06fbf2
09041902
01e90107
00fc0409
f4fdff01
f40dffff
091114f7
08f104f9
faff150b
f8e0f9f5
fefbfb02
0b01ebef
fcfa01f4
fb0901fa
0cfffd05
f20b0201
01f9fe11
f4eef4fe
ec02060d
f80817fd
fb00060c
0e00f70b
fc02f90c
010006fe
06f10600
0202fd00
0f030a07
f316070d
0306f807
0006efec
10fdf1f9
10f6fef2
f9f7f808
f6fdff0f
0eef0dff
0704040e
f6fd0a0f
00f903f0
0303fef2
fc0911fd
0af9f8fc
10f80001
f9fafaee
eef9f707
f00def0b
0bf311fc
0a050209
15040703
fcff0302
1002fef7
f704fbfb
09030cff
06eb0afa
feeb07fc
0607f908
f7020b03
0107fa0a
fcf6eb01
f8050303
120305f8
f8f600f7
fe05f701
f315ed02
0afb0503
0406f9ed
f9fbfe11
00fd0604
18030fef
eb0501fa
0507f20d
0906fb0a
f3f705fb
04fef803
0d001bfd
f0f8fa09
eefcf10d
fef704fb
1505001c
0505f6f7
f60bf904
0212f905
09f902fd
0e050d0e
f5fd05fa
f20d0f01
0e0bf804
0801f4fe
0deaecf9
0702f4fb
f90c08f8
fffe02fd
060d07ff
f5061304
01fffffe
1b0719fc
100a04fd
f30f0601
fafef405
060008fc
fa1207fe
f6060105
fcee00ff
fb040dfc
0a04f6ff
f70e0814
0beefc0e
f6fdeef7
0bf3f901
03fbfffd
0907f1fa
fd04f50c
faf8f40c
0502f3ef
e6fb0504
0df303fb
f8fb0def
0613f7fa
0cf30501
ea01fe11
00f80701
fd0600fb
0c0105ff
00f3fef8
faf5fdfa
f6fe0f08
fefbf606
01050501
0a0b0504
03030d02
fd07ebf4
020406f8
ee0dfb0e
1311f0fa
fee9f002
03020ffe
000d0014
010413fb
05f01210
f90ffe04
0bf40cf9
000d0b01
05071aee
0009f804
ff120408
fcf60afe
ff070401
0711f2fd
0204f30b
08fe010a
fa06fc17
0202f801
0ffdf5fd
05090208
09040008
05f2fefb
030105fb
06f700f0
0209fa06
0d0bf9f7
10080304
f90a0c11
faf6eef1
07fafe07
11edf704
ff03f2ff
fdfe06f1
e3090e01
faf6f4f5
0ff7f407
fb05fff8
0d070500
06e8f100
fa07050a
00fd0811
f1f9f20d
03040a02
0b0a000e
fef30b03
f7f2f8ff
ef04fa07
fe0c0607
feea0df9
00f716fc
04070d00
06f20101
effd0803
05030cff
06fbf907
01fdf8e2
ff0703fb
0df2fd01
fbf905f6
ee0010f5
ff090800
0a0bf6f5
ecfd0af6
1708faf4
0f1bf505
fa0705e9
fa03f50c
fa03f110
f9f301fc
f7030903
0bfcfe02
0003fa12
f8f70d03
f5f8ef04
090bfffd
f9fefe02
f901f804
04fc00f7
030b02f2
fefb02f0
10fa0df8
fd02fdee
08f0fc09
0807fd0a
fefffb06
fcf3faf7
fe020bfd
fa0d0205
0408e8f9
ffedeff4
06fc04fb
fbff0315
010b0102
fc020208
0af7f8f8
effe07ec
07040bfa
fbff05fb
f318fe01
13fffe09
0cfafa09
f608f012
1afffffd
fdfc000b
010dfaf5
0006fbfd
fe070612
02040e01
0bf1f1fa
fe050500
06f8010b
07f00a0c
02140c01
fd05f7fe
080d03fa
f8fb0b0c
050319fa
ff25fcf3
fd0200f1
fcfb1307
fb07fc08
05fbf0fa
f9f30a05
fcf8040a
fff806ff
0cf7f8f9
f20804ff
020302fb
0612f603
ff03f9f5
08020105
ff0bff0c
0708ebfd
f9050e00
000b0f11
fef0fff9
00fffaef
fa08e508
04020cfe
04070b08
040507fa
f80ffa02
fef50b0e
08ff02ff
0605f8fd
11fd00fa
10fe0306
00f8020a
00f7fffa
260c0903
fc01f9ff
11faf303
04faf7e4
16f204f3
f40b021a
fd10fff8
f60808f6
eb070cfa
ff020b01
080d04f8
fffaf60e
0f070ff0
0d02fa07
10060201
0ffafe04
070a0405
08020cf8
f9fcfb08
ff00fbf7
fdf40afd
02070708
01fefbf3
0afc08fd
07fe0c05
f7f1ff0b
eeff00fa
f4f800fc
070a0cfe
0b0b050d
0607f30c
0308f8f1
f8f10504
0102fbfd
09ff0604
f9020810
01010bfc
02fcf50d
fdfe11f4
0305fb09
fe0bfb0c
f90403f7
f9050d05
0c020b13
0cf50200
04f6090d
f7160104
01f30606
08f40307
f2fc0c0f
fa03030c
01fc0201
0c11f213
0d000802
09ff03f4
010100f8
07110706
09f60115
f6fbeffa
000c0ff8
fdf402f2
fef702fe
02040502
fd0ef301
ff0007ff
0314f205
08050dff
ff070710
15f2f509
0a000505
0105030e
11f413fe
fe0303f6
fe0d0706
fa060cf3
03effc0b
06fc0705
08050605
fdfbfffa
ff07f2fd
0aff00f7
11f30606
faff0af6
02fafa0a
0ef6f704
010febf7
12fffcfe
f30ffdff
f4eaed11
18ea0102
01060806
130ef702
f906f807
04fb12f9
ecf7f510
f8fc1bf6
f70c11f4
effcfef0
fe09eefd
fb1cfd0d
1504fa09
fbfff3fa
00f80102
05fe0df6
f106fa04
f10405fe
060010fd
090a01ee
f8fafbfb
fcfa0304
08fc0cf8
0cf40d13
ff0bf105
fafcfd05
0604ef00
fcf20411
09e6020c
06f9f409
fe00fc05
fc060008
f0f9fcfa
0ef5ff07
0df1effa
020f08fa
f3fbf3f9
ec070605
081c070c
e90100e9
f900fffd
07fd0cfd
09fcf0f1
0e1305fb
fbf9fff6
fbfcfc03
08ef02fc
07060802
08000113
f1f709fb
00f704fb
06fbf800
f4fe0210
0bfb0602
fcec03fd
f9f5f90c
02fde802
03e7f908
fefb05ef
f904040f
f7120cf5
fdf70704
fafb141c
150208f9
f5f9fff8
04f9fbff
05f608f5
f8fc08fa
f8ff0107
030003fe
060dff00
fe04fe0d
0804fcf5
fc0512f5
05f5050c
030804fa
f3f91613
08040514
0c0b010b
f0010ef0
0a0ffa14
0cf705f4
0f06fd07
fe0b06f5
fe190608
fd0cf803
05f8f211
0300e912
120006f9
0ffc0002
f7fcfcfe
0602f5f3
09ff07f0
fa0eebff
001aed03
03fe0fe6
0501ff03
19f10911
fffefcfc
01ffeff3
fe01fa0e
f3f5fd02
01fd06f5
fb02ff07
e308fefe
060d000b
05f0050f
f905f0f9
0900ee06
0b10f7fe
f0f40204
05f40a05
fff502f4
fd0c14f7
f500050f
f9ebedfb
f7000a09
07fdef04
ec0b0206
080b03fa
f407f4fe
eef30afc
1e04fc03
070bfafc
06fff907
00fc0500
0609fb04
fb001010
0af60601
130707ef
f4fe0502
11ff05fb
01fbe8fe
0900fdf8
0706e80d
f5f7f9f7
e70c00f8
fbe909fe
09091601
0c02070a
010c0300
0bef0c0d
08ea0cf4
00030803
0c0efa08
0af2f502
020501fc
f40003fa
10140bff
f7fa15fb
fb0401f8
00f508fa
02060614
ef0afdff
04fdfe02
060bf80f
0feef4fa
fcf50c02
f305fcfd
fd04f307
11090000
fd0909fe
fdfdfd07
fa0c1503
fe130104
f10cf007
1902faf7
f7e705f1
fd01f4f3
ffef07f9
f8ef0304
fa07ef16
ff06feff
ff0319fa
f8060105
05f909f1
e6fafaf5
0408fe01
0ffc00f9
fff3020d
f601030c
ed0efefb
02ed07ef
00fb0bfd
fe08070b
e80f08fc
fd0802fd
fa07fbf6
07f90400
fffefc06
0cf2fef3
fffa0203
f01112ee
f7efff18
ed06f4fa
f503f706
0208fd16
0314000d
f8080004
0310f007
0af80a04
fb12e7f9
f10806fb
f0f308ff
0dfefe03
0efdff08
f60c05ff
0c020ff2
fff504f7
02fa0701
f5ff0af9
090a05f1
fefaf10a
07f3f300
fcf6f915
fefaf5fd
00f5fb0e
0b070900
f8030005
00f8f7fb
0417fcf6
fef101fe
060006e1
0a010011
04f3ff02
f606180b
faff0905
f10efb00
fa010301
f306070a
10fbfb03
040f08ff
0906080b
101d0600
fdf912f4
f1f50df7
fd010fff
1c14edf9
f6fef807
fd0706f4
0b0b0cf8
f80000fe
020009fb
fc09f800
0700f907
0507f1fa
effd1406
0406f0f1
f6fcfefd
090afffa
f5f7f80d
06e80200
0513fd0b
070bff04
030205f7
fef9ee02
fb00fa02
0b0af3ff
f5f702fa
f707fd0a
fafe0d13
0409f8f7
fbeefe02
f5f1fff9
fc040305
fc100e05
f50b0cfd
fe0406fb
ffff02fb
080cff09
07fd14f6
f50af9ee
011604f1
fff804fe
eaf4fff8
f81c0c04
01f3f203
0c000007
fff6ff09
05f9010d
eff301f4
02f9fd0d
f8ff04fb
1107e40f
fc030306
00f9ee0d
faff00f6
05f4fd06
f8f70906
fd05fff7
0300fdfb
f1f8eefe
0309f4ff
09f8f6fc
0f08f40c
f1ff020f
f300f7f3
faf61805
02fffaff
050a040a
fe140104
0bf20f01
e909e2fc
07fdeffe
f6090b0b
f91005f9
f4070203
04f6fb00
fef301fb
fe050cf0
09fffefe
fd05fafc
04011107
f8ff0500
f8fd0809
e105f9fd
f80af6ef
fa070bfd
08f8f301
07f00301
050df900
04fd1206
01f9f605
01f30df6
f90eec01
0202f709
04000305
01fd0b0c
18fff900
fcf10a13
fa00f90a
0ff9f8f4
fdf3fb03
0500fc0b
0d02100c
f1e80703
f709f3ff
f90c0311
fc0e0a04
05ed010d
0b0afefa
0002fced
edf111fc
f6f6fef4
03fe0704
f8f60af8
010cfe09
ec0710fd
f3fffbfb
0309fffc
01f2f9fb
040b0905
fb0104fa
0bfdf9f8
f5010cf2
14fe04fd
10e90704
1509f306
faf4fd05
09060a02
040902fb
0105fb02
040100ff
0df60304
f808fd05
0501f5fd
eefcf6fd
fefce9fd
0506fefe
0109fd01
f5f0fb11
f2ed13fd
05f8fef6
fc0df9fe
05011406
0cfcf000
f1fcf9fe
19fd0108
040b0e03
fbf7eff2
02ec0efe
f8f6f405
050100f3
f3fc0afa
faff030d
fd17f0ec
050805fa
f2f8f5fb
03f4f30e
0602ec07
fbfbfa09
fff6f4f8
030ff009
1805fc00
020a07fc
ea0308f2
10080af7
05fc05ef
f4f9010a
0bfd0df2
07030307
f7f80202
f9020b08
0405f602
00020607
00f6f80c
0c0603f2
0e15f8fc
f2051bf8
040409f8
10060509
100609f7
fc0a0008
00020bfe
f50ffefa
f1ec1307
f309fcf1
0202f9fa
0afb0408
04fdf80b
f805010a
fafd0603
fa0e0afa
0003010e
0508010c
f3fef5f4
f800f309
0c06f8ed
0d0402f8
f60801f4
efff0608
fa0900ed
f8fa10f6
fd12fe02
fbfb0c02
0f02faee
020a0df9
f5f0e90a
fb0cf200
fcf5f502
edf9f900
ff0bfaed
040d0c0f
fe160c01
fff9fbf5
0ffdf003
0109010e
ff02fa02
01faf509
fef01907
f7030dff
fdfe0018
070f0af6
09060102
f9eefeff
f70e0108
fc00fa11
02090fe9
f80bffeb
06ff0a02
11000bff
0111fa03
0400fe06
06010b08
fa00fded
09f0fc0c
0efff4fd
fcff0dfc
fb1205f2
05020e01
0205f1ee
0dfd10ff
fcfefb09
0a03f6f8
03140b00
efeffb01
0100f808
fdfefb00
fddef5f4
fe0911f7
f400ebf9
ff04fe06
eb050afc
fe17f0f4
0af3f400
f60ef5f5
07fb0000
f121f70e
00060505
eb06020c
08fffb05
e80ffd04
f600faef
fa06fa03
01fafcf9
f4051208
1100f703
f0ffff00
0cffef02
f702f6fd
fdfc0312
f9070ffe
ff010802
010afefb
f7fc090a
ebfe0a08
f602fbfe
070010fa
f509000f
fffef102
fcf1f6f5
fbf311e7
0a0205f4
f8f90400
f005070c
fc02f6ff
f30cff01
0a070df5
faff04fe
05fdf4fb
fdf8faf5
16f908ff
fdf8f914
ecf6f004
0ffffc02
02f402fb
fd0cfbfa
fa09fffc
fb070804
1d1000fa
e41302f4
08090100
00fc04fa
fe0802f8
ff0e0005
f102fbec
f3fe11fc
0b13080a
05fa190c
ee0cf8ff
0204f514
f9fff4ff
f9f80a01
fbf505f5
f9fa00fc
081105f8
1beffa09
0bf3f400
faf608f5
f31400f9
13fd0c06
13fc00fc
faff0902
0103fc0e
f806f808
02f7f7fe
f90b07fb
09effef9
0cfcfff5
01ff0ff7
fbf41c07
f9ed0eec
0ffa05ef
05fd1111
f6070006
0afa07fe
f5f6090f
f7fbf8fb
fffeff0e
11fcf803
fffd06f1
070cffe9
fe03fcf3
faf300f9
00f3f10d
090a08fd
02f70818
f7f7f0e1
e9fdf2f6
071308fc
03ff020a
06fa0107
f5fafb04
fef8f7f5
12f303ee
f813f801
f3060406
f50404fc
01f9fd00
ff010102
f51ceaf9
f4f509f4
05f200fa
060703ff
e6f502f3
f3f0f2f5
02fefcf3
fef1f0f9
f9f701f6
12fc01fc
0bee02f8
0a0600ff
f50d0f05
020205fd
060d0507
030a0c07
fc05fefc
03effc03
fb09f4ee
f011fb0a
0818fcfd
ff0007f3
f2ee1107
f4fbf10a
f10cfcf9
f004e601
fb0008ea
fa0602f9
02f4fa00
04f7f205
0afa0eff
190d05ed
100cf301
fa0afefe
08fcf00d
eef804fc
f3f8fbf7
f8f0f60f
ffff0500
ddfb0e00
05effb01
f9090506
fa0610f5
ff0bfef2
fa000402
18ff07ef
fe060bfc
02e60a04
09010607
06f0f708
040104f1
f50402ff
f602fcf6
05fc0a03
fbf60909
feff10ff
04ef0bfc
f217f601
010ef903
ff07fb03
02080e12
0d0e08f5
0f1605ec
0bf911f2
150608f9
f609030d
f6fafe02
0b030f07
f3f9fff3
030af80e
0a09f504
f8f8f9f3
05f9f700
fdf9020a
1804010a
0c0aedf8
0d0105f1
0108f903
0df4fced
10000402
0c02f20a
0ef2f6f7
fb0bff09
fb050bf8
f5fd021a
fb02f705
0c12fdf8
edfd0cf7
f1ec01ff
fd06fff2
fc0300f0
04feeb05
00f7faec
f1f701f5
f4010109
f5f6fe04
081cf2fe
f4fc0b12
05f701fb
04fbf40d
0708f1f5
f1010203
0d00fb04
040604f9
ff08fafc
fbefff0c
0501f703
05f2f505
f80600f4
04f900ef
f01204f6
1100fbfb
fdf304f8
edea05f1
f7080a15
07f601f8
f9fdfff2
ff0101ee
f41afcfb
fb0cfcf5
05f8fb00
0bebf7f7
1a0204fc
e60e0005
01010300
efff010d
fffaff12
eb04fe0b
ffe9f1fd
02e6090f
fd0df502
1bfefc01
0cf6fcfe
12ff0207
fcf70501
13ecfeed
0716ffe8
fe0f05eb
eb04fd12
fcf5fdf9
f8fdfd03
fcecf903
0df2f8f7
fbfaf6fc
0efaff0a
0a090df6
fbf7f300
f8f7f204
f807fee8
080904fb
02f501fb
fefc0903
f207fd10
fb0d0d09
0ff504ec
0614f20e
fc07fc00
0df2f7f2
fcf5faf1
fafcf000
ef07f1f5
f912fff3
fbf1fc10
fcf808fe
f6fb0106
ee0902fd
f306fb00
f40ef6fb
f90dfafc
11fafa06
060bfd07
f1f00efd
040cff13
020002fd
000606eb
00000617
f2effc06
f8fd0b0c
fefc0000
fa07080d
05fcf3fc
f50afe15
09170a09
01f717ef
12fa020e
f9f90a01
ff13f7fa
fffaf9fc
02f9f3f5
0cf80608
1603fb00
07f1ef01
fd051311
00faff11
fcf31106
0802fefc
030d07fd
0d010403
0efefafa
00f705fe
1106f300
06f9f803
05f8f5fa
01fff904
f6f5fb0f
0b06fd0b
09fc0710
fdfef2f6
f8010e07
09f005fa
090cfe02
fef40cf9
f3030bf2
06f6ec00
020a080b
13050e08
04fa0b04
fb18fa04
1b200eff
fc031405
080ffe11
ec0916f1
08f4f9f9
fdf100ef
f7fafdfb
e4f90efe
ffebfdf8
f20afaff
0200f3f7
12040403
fdfefbea
f7f5fc00
11fefbfc
f90bfaf6
161105ef
09fafef5
f9f20cf8
f108f403
fa06fb07
faf6eefb
060013f7
fe0801f7
fbf3f705
13f8f201
0cfa000c
0bf9fd07
05f61202
0ff80aec
f802f9ff
faf50ef8
f7fff9f6
0600fdf3
09fd0507
03fdfe10
e9180a07
04f10902
12f001fd
02fe07f0
fffefbfc
f1fe04f9
fcfc06fd
000b0007
0c000f02
0b12f102
f206f406
10fefaef
04040bf9
f805eff1
0601faf0
0dfdf8fa
01e8ff0e
fdf9fbf8
0af80efe
fe0404f3
050402fa
04f6fff8
f4030cfd
00fcf703
f90b0be9
edf4f700
ee0f0607
080215f4
fa0609fe
ffe5f80b
08fefd02
0602fdfe
0efefb00
f801ff00
0e0a0004
f50c09f6
f5f2feff
ebf8150c
fff9fd0c
fefb070c
0f040300
0717fd0d
01f6fa04
08f8fa12
0dfef403
090bf7f9
f9090707
f40d0304
02e705fd
0c070ef0
ff04ff05
120506f9
fa0d030b
fc0afafe
03f8f7f3
f8f90df2
ea0ff10b
f8f80303
fcf4f8ff
fffe0efb
11ff000f
f5ff0a15
f8031508
f80cfafe
f7f7fffe
09f10401
02fc01f7
01f118f2
f2fcfefc
fbfc06f8
05040b03
0efde2f0
07fd0506
f80910f1
03fb0104
fd12f4f6
0ef8ffea
1800f509
0ff603fd
f304fdf1
f1070708
0600f7fe
f50605f1
fef2f9f4
f90108ff
050405fd
f7f10efd
0b02faf9
060bf812
030208f8
fcfefef7
0404fdfb
040402f3
06f9faf2
02f8f5ee
ebf907ff
fc06ff01
0b0306f4
0404edf9
fd0311f8
fb0103fd
07000d03
fe05f40e
05fbf90f
06ff1509
0414ff12
fffe0fed
fb0701f8
0dea0202
00080afd
0205ff01
ff0bf906
fcf5f702
00f6f702
030a0304
fbfdf903
07090e0d
0bf3020a
13f4f700
00fcff16
fff008fd
fe0ce609
0c030e0a
0ef5fb01
fbff0407
0df7fdee
06fbfcfe
10080509
fbf2fa0b
ffef0501
02f3f701
f4fefd01
f9f7f8fa
040413ff
f7fd020c
09f10001
f2020503
01fc06e9
0c08ed06
f8031100
12f00306
03fbf9f3
1402ff09
eafa0902
f908e702
f5fde7f6
f403eff9
f20cfc02
f9fdf7fc
ff06fc01
f4070909
16f6fafe
f60900f8
fff9020d
fe180414
030d01f8
fbfdf304
fc13ff01
fff3f3fd
0ef70c0d
15f5f0fd
0ded06fc
000dfc0d
0609060d
03e90a01
07050713
feed06f7
0802f50c
0af813f5
02fef5fc
0406f512
09061506
03f50dfd
ffefe80f
0306f5ff
07fafa11
07fd010a
e90206f4
02f5fef9
04f5f7f3
0f010e00
04fb01fb
e7f9f707
fc08f815
f9040009
14e8fdfe
fffcfcf8
0e0102fc
09f10f07
09fef803
f0fc0900
fef40cec
09fe0af5
06fe0006
ffed0308
06f2f903
0df603f6
060bf2fe
ec0010fe
f5ff0502
f8fbf0f7
ff0000fc
fff6fd0e
f5ff08fa
0810eaf0
ff0df2f8
09f016ff
0cfbf1fd
fdf8f914
0518f80f
f5f8fd01
0afa1111
0ff802e9
0bfc0ff2
04ff01f5
10f40afd
120503fb
0f1804f4
04fd03f1
0312fcfc
fef606f9
0e02f602
03f40703
f900f8f6
03f0f50b
f2fe0f06
110605fe
12010702
feef00f4
fbfd02f9
fdfdf4fc
0404f80f
fd04fd01
fafe0017
fdfef7fe
f5f616fa
1703fc07
03f606fc
050911f3
000cfc06
0ceffb1e
f80bfbf9
fee2fefb
00fbf101
01f60e02
0612040a
fb05fa06
08030bef
fc13f817
03f70004
fef50409
fafaf2fe
f706fd01
15fffcfe
060011f4
fdfb010e
08fffd09
080a071a
10fd0100
ef0cfcfe
f9f5f901
fdfefafa
00f8fb0f
0809fcfd
f0090007
110af9f9
0dfd00ec
fa09050b
fff809f0
10eaf307
081210ee
fbf3fc07
fc06fa05
fbfdf0f3
03f705f8
09fcfaf4
f6f5f00a
fa02fcf2
f715ffed
fc020100
0303050b
f3fafafe
00ff0d03
ee08fa06
0106fe04
f909effd
0af90405
ff0e06fc
11fe0bf7
f9faf2f8
f2e7f1f2
0202fef2
03f9e312
fd0cf9f7
150706fc
060f0013
0312f912
f9f9ffeb
02f5f2f1
07fa0002
10fdf90c
01fd150a
f7fe04ef
07f40afa
04fafa05
f5f00601
f20507fe
01050af4
f6031105
ef09150d
ff0005f5
f60c00f5
060008f3
fb0311ff
f3f701fe
f7f3f8f9
060c1400
0607f60b
faeef101
0d0603f6
ff0107f9
03ebf307
01030d02
02140109
f5f6fcf5
04000303
fcfef200
18040cfb
1bf301fd
04000cf7
fc02f908
0700020c
fb2200fb
f914f90c
fe00f80b
0505040c
eb0bf005
f3fb08f9
ec01fe0e
04fafcef
14f5f4f1
0505000a
fcfbfdfe
0d040814
01f7f0ef
fef9f9f7
ed1102f6
0502fefd
00f203f9
fdfb01fa
fe0506f8
fa04050a
0400ff01
08fd03ff
00f8faf4
02fcfd05
f20904ff
fa0dfc0a
f6080ef9
0be6feff
0d0306ec
03ea0110
06e707f9
010cf206
0901f807
00000703
02fef2f9
08ff0b03
ec00ed01
f8f7f70d
ff0dfefe
0e130cf0
0af30cfe
02fe00f8
090a0cfe
0202fcf6
10fd0805
04fa0501
e010f5f5
0cf7040a
f704faf0
fb08080f
f40407eb
f60000ff
02ff03f7
0a000100
05f6e9fb
ff0109fb
03fcff09
020203fe
0bfafff8
00fdfff0
f308020a
fae5fd00
f8f9fef8
11f1edfa
f0f010f2
fc01130d
00f612fc
f10003fc
03fafd00
edf701ff
fc040407
05f9f6f8
0603fb09
08000e06
05eb0a06
fb0806f7
eef2f9f4
0cfa03fb
010101f5
f5070511
fe0701eb
01fcf8f0
0dfc04fe
fb10dcf1
f9020b13
0200fe11
08fb08fd
0ef00101
0a0e0108
0005f10a
0b0f01f3
fdf8f6ee
070008fb
040a0000
0802f20d
0cf80403
ff1008f2
08f403f5
fee70b0e
0108f801
13fbf90e
01010503
f5fb0bf4
f5f205ec
040efffb
0101f709
06e6fafc
0f060300
f7ecfa08
00f90202
fcfe03f6
0413f018
fdf9f40b
ee0412f7
09fd0cf7
f601f801
fcf5f3ff
fef6070d
08f701f4
f30f18ff
040405fd
f307f4eb
ff0f0b03
0b01fbf2
fb0cfc00
fe03e7fc
f8fd0308
0c14f60a
fefaf7fe
fe0e0109
fb18fd0c
e300fb06
fb0cfa00
13e70cf2
fff40209
12fb0405
0ffa08ef
020600f8
f6fcf307
02ffff04
f6f2f710
1409f1f1
0cfbfd12
0c0ff8fe
fcf1eef4
f7f8ed0c
0305f008
fdfdf6f3
f6fd030f
fc0717ee
f8f50c01
0bff0109
0c11e9fd
0af40307
0709130c
0605f90e
0710ebf5
060001fd
fa02f9f0
030f0508
060702fd
02fcf6ff
fbfdf9ff
fb0202fb
f5fb0000
f6fe06fd
ff040ffa
f4ff0208
f6fd0101
f707f7fb
fefc1104
f0fff508
0106fc13
f9040004
ff03fb02
fb07150c
03ec05fe
05030d00
f6f8fc09
060ff3fa
fd090901
0afcff21
0bfb0b03
1801050c
fc02fb03
05e7f5ff
05fb10ea
e907ee06
0707fdf0
fc00f00c
07f5fffc
0103000b
020b0c03
0300fcfd
030e0af4
f217f900
f1f70010
020cf9fa
f9f60a01
fff601f4
edf403f5
0905030a
0310edf4
f1ec0eed
fe0a020a
fe110b07
fef6f4f6
03fef9ec
050bf6fd
15070210
f10b06ed
f8fc060a
0ef50502
fee50609
0ef0f0fb
0602fcf0
06f9f4f8
000af709
07040b04
f50a07f6
fcfdfc05
f7f5fa03
fa0c03ff
fafe03fe
e702fc09
03fffa0a
011501f6
f5fefe09
07010afe
030a01f6
0206f5f1
f4020cf3
0903f3f5
020f04fe
0205f70d
fdf3180b
fefaf2f1
04081a06
ef0808f0
0afdffec
fb040afe
0a090304
0ffff9f1
09fbffff
0307faf3
02070c01
f5fe0efe
04eb0203
f91108ff
f7fff7ec
080404fa
02fdfcf6
00f40406
06150dfd
f9f4ea06
0910050e
02fe0bee
ff0a0113
ff16fdfe
21e906fc
f30503f9
0304f6fc
f3fafdf4
f8fc02fb
f70df9fb
fefcf7f4
fa1106f9
f5f20213
0801fef9
14fb060c
0307f703
fcfefb0b
0ff60200
f807ff11
fcfdee07
00fbf619
f5f5fc07
fe0f0d08
00ee06fe
f6fd10fe
0cfaf1fe
1705fa06
f90509fc
0c090509
ef00ef0a
fb15f900
f6fd0e06
051004ea
f60310f4
03fb08fd
f9fdecfa
f5040c0e
0905f912
fd0f0705
f707fbfd
f1fcf0fa
f7fefbf6
001108fe
ee07e8f7
010600ed
01f6f2fe
04fd10fc
041410f9
0203f501
0effff17
f30400fb
11ebfcff
fefaf908
eefc020b
00f4e8fc
10f7fc05
0308fded
f2f709fa
06fa1104
03f9050c
06f8ecee
fafc0314
05ff0102
06fbfc15
f112fbfc
0b11f9fb
08f70cfc
f6fff806
000ce905
f701fb0c
07f00100
fb0000fb
ff14fefb
fa0b1113
f60e04ec
05f502f1
fbfa0609
f9fe11eb
0f020408
0d04fdfe
08e60208
0b1cff01
0000e70c
faf8050b
fcfff8fd
0afef202
0f00f10c
0c13ff0b
08fffe04
f3fbf817
050eeb08
fa160707
03fe0705
07070a12
f7ec03fd
f9fc00ec
0701f7fc
020b0402
04faff03
07080005
0908fa04
1b0d02fb
fd020bfc
f00a0609
17f0f9f9
fd05030e
f607ef0b
07030f08
03fbf8f4
e9ff07f4
03050605
03fcf604
fef300f8
06ed07fa
09fcf705
05f7edfd
f90005f8
f4f4fb06
faf5f509
100af7fe
0d080100
f70cf9f3
f6f7fa09
010103f0
ff15fe02
1004fa19
ebec0e10
fdf30901
f5f5000e
050200f8
f6fbf705
eb021b0e
ff03fa02
fef813f9
02150e05
06fd10f2
f108fe0e
011309fb
f109f004
0103ee12
0a06fd05
150df5fc
0506f200
18050706
050cf80a
f9fef205
ff0d00f1
19f70407
07f8030e
011104f7
fffaf8ff
f801ff00
fb02fd0c
16f40c08
0206fffa
ef03030c
13100602
06fc0304
f400fa05
0cf5eef8
14f0f4f8
fb120b09
f501ff01
00f6fd05
f408040c
fefef7fa
f8eff20d
01040e01
00f4f80b
0d06f8fd
f8f6fe04
0af80103
f6f4f603
0007f9f4
f6fdfc0d
0303fef6
070af0ef
01ff0f0f
09fdf4fd
11f5faf1
fffc0bf0
010bfd03
0a07f30c
f8f61802
fcfffe05
fb080907
161202f0
070807f0
08180402
f904fef7
0cfd0008
0d0bfdff
04f7f9fb
f9000cef
faf8fc04
fdfdf808
08fd0cff
000510fd
ff00f60e
0a1dfce9
0304fbf0
1308fd01
01fb05f4
f40e01f9
0cf5060f
06f6f804
f6f707f3
0a02f601
09f9f2fc
080403fd
fff9f1f7
f404fffe
0116ef11
02020402
0104fb08
f90202f8
01f9ffeb
1200f9f5
05f5f015
020d0a08
17f2fdff
05f4f904
01e7fcec
f906fef8
ecf40501
f407f9fe
06fcfd08
f8fc08eb
f9fa0018
f20d04fc
080a0601
080701f6
0c0f1c07
fdf900ed
f1fcf0f6
01f4f2fb
f0f8fafc
060900f0
0a08f109
01fd00fe
0c04fa09
0aff0209
04fd0dfa
fc070b03
f3e9f708
f3ee1705
10fc14f3
0c0502f0
13f8f2f1
050b0f06
ef070d05
f60504ff
f60b0000
02fb02fa
f0fc040e
08020e02
fefee60b
100408fa
f3f6e9f8
f509f4fe
fffd03f5
03f6f200
fd08fd18
fefb070f
f5060e06
e7f5180e
03f90b04
fb110c1c
06f80108
050812f8
180502f9
120e00f6
e4090a0b
fe01e701
11f3f600
04fb0c02
f8f702fc
0607fc0f
fb04fc05
020d0114
0dfa140d
03fe1710
fa08f609
f7f90506
fdf3f60c
04021502
02f8f409
07ee00f7
0b0d0006
0305f104
0cfc01f4
03ff04fd
0df9f7fc
f50bfcfb
fc110703
fbfef6fb
01061df7
fafff609
f902f20e
f80a04f0
0dfefe09
fb050a02
050507fa
02fc01f2
f9ff0b04
ff0f000a
0b0af1f6
f20402ef
05fefd02
02f90b04
fcf80910
0cfae8fe
f407fefb
fef607fb
01fe07fe
fb0502f4
04e806f6
19f0f003
0713faf0
fc010b04
feeff9fe
fe01f3fb
fa01f0f9
ee12ff01
000bfa1d
07e3020b
08f4fe0e
0ff705f5
eef1f50c
08fd05ee
fd03fb0e
03fdfb0a
f1010a00
0800f4f0
0dfdfced
fdf602fb
0af7fbf1
03f7f7ff
07fcffff
f6fe0f04
f30906f8
fcf1f310
050906f1
f8f3020d
f3e1010e
f9ff0c13
f1160406
ff02fa0a
031902ef
fafef707
0f03f90f
fe0ff30b
f801eefc
f00cf604
f8f0150a
04f7f80e
eafe0afa
fbf50dfe
0009020a
f80605f7
f6feff0b
01fefb04
fb07040b
f91403fd
13fefffb
f90f0808
0503fe11
fe02f911
fcfb01fd
eff900fe
09070b09
09faf8f0
041308f5
01f0ff0a
f6ef0c0b
09fc0403
06050805
0404040c
02ff0af7
edf108f6
fffcff0c
f7fe07fa
eb020414
fbfd00fe
04ff06fe
07f605fa
010c0603
e808fef9
000406f5
06f4f3fe
f0fe1001
11020801
07fff602
0201fefe
010400f8
0cf3f9e6
f3fe11e3
effb04eb
e6fafc07
f4110e0c
f505fd0f
f9151107
020e0404
0bef0208
02000307
fffe020d
fe04fcf0
ed0912f8
06020709
efff09ed
09fa0ff8
04f7f6f2
0211f6e6
09fcf6e7
05f7fdf9
030202ff
fd09f4f7
0bf1f8ef
02f4ebff
0012f6fc
fff90502
0b0eeb07
fdf0fa0b
01f5fffb
f4f8ff08
eaf918eb
03030bea
0a19fafe
f7fefbfe
14ff030e
fe070309
01ed07f3
f8fbf50d
140b04fd
000afd00
f7ffe9f9
f7f1faf5
fef6f601
f9fd0d07
fc0a0200
0afff8fb
f904000b
0805010b
f902070f
fc0af9f6
0409f4f5
1600f7f4
09160bff
0708fcf0
fff704f1
fefce9fc
fffc0404
f9f8f3ff
0201fffd
f8fdf309
0efff402
1703fffd
00f601fc
0af3f8fb
f60201fe
000f0ef6
0506f612
19f805fa
0100f803
eff904f8
fefdf0f9
0a02010c
080b0b01
ef01eee7
0407f30d
fdf7f8fa
fefe1609
faec0600
f90ff808
fb0500fe
ecfd07fa
ff01fb04
0afe0a09
fefe06e9
fdfff807
f90b07f7
f6021002
e8fcf502
02ecf212
0efb1113
fd0efcfa
10f0f6ef
101003ff
0d040a13
040711f0
fcfbf611
f3fafe06
f3f9ff05
f2fcf50e
f50bf206
0312f0fb
f8f1fcf1
04fff5f6
f60df0fd
fe10f7f7
12fdfc0e
07ff05f6
fefe0e05
08fe0800
0408f6fe
010c09f8
f5fbe904
01030908
f506fafb
fb08f5fe
06ff07f4
0dfb0afc
fcf30001
fe090403
08fb0111
f807fef3
f60af816
f6f1f902
f8fafcef
09f10afa
00fdebec
0beb1014
f40b0000
fb0efc07
05fffaf5
0cfd09f2
04f80cfd
fc0c01f2
02080204
06fffaf9
0e05fffe
f801f9ee
fb0c12f0
0318f708
fafbf8fd
fd05ee17
0401fc00
08fc0109
ece7fef3
fcf9e9f9
02fc14fa
08110e02
0bec01f8
fc020305
0afcfff4
fefa04fb
03fe0615
0913fd02
f408fdf8
07ffffef
fafa0209
ef00f2fd
02f706fe
f9110efb
150df2f9
f4fc070c
f8ec0604
fff6f60d
ff12fcfb
020100f4
f60405fd
01f904ff
fafc0606
f40a03fd
fc00fdfa
f8f8f7f2
03120906
fcfbfa0c
1202eb02
fe06fcfa
08fe0c01
fef7fafe
fef2090c
f8070211
f2f909fd
fd0bf803
1202fc0b
f3ff0505
f6030d14
f4030408
fa06fd02
0bfaf910
fd051806
0beffc01
0503fc07
0efa0a03
f9ef0a0c
120408f7
f60200f3
e9fefb00
03fa16f0
e8fd01fc
0cfd09f8
fafafc06
0d00fe06
ec09fbff
10f1fdfa
07fafa06
f4080af2
e403fa02
020ff1e9
10fdfb01
f3f7fe03
0c0bfdfa
000406fc
f5ff0ded
0af9fbfd
02f002fd
fafd0b07
06fcfe02
0000fdfd
0904f607
fcfcf7f5
e304f200
00090c0f
02f103ff
f7eef60c
03f407f3
f9fdff02
fcf60ef6
06fb03f2
0bfff706
f5fbe8fb
0609fffd
02fc05fd
0115f9f1
fa09efff
14f2f704
00090101
040a0dfd
0b04fbfd
0b0001f8
1900ff04
f801f805
f804fa08
fcf7f9fc
feeaf908
090206f7
f9f90109
f9f0fffb
ff09fd07
f605fff4
f402fef0
f10118f8
03f2f006
f9f0f600
f7ef0000
07f504f2
0af6f1fe
1ff600fc
fcfa061e
12010406
09f70405
fbeff4f8
020901fc
fcf5fd05
1013f7ef
fbf6fb07
0f0913fe
00021706
fe07f408
f4040708
0200fef2
060e040e
20f0ec17
fa070504
06e900f4
f60d0d14
f7fe0917
fef4f616
10ef090d
ff071405
ec10fe06
f7f00bee
06f1f904
01010211
1a0011fe
eaf90c05
fc100515
f5fafb0b
f103f6e7
12f9f708
f5fc0c02
0900090c
0bf10c0a
fff60bfb
0c020409
f80efaff
03f60006
0911f7f8
f7f60500
04faee00
010d0cf3
fe03effd
fdfefd03
09e903fd
03f51701
110501f1
15e4effe
00fc10fd
ef0cf700
080b06f7
f6de01fe
06fd05f7
110303ef
fb030406
fc0b1207
04fef8ff
03fbeaf1
0b03fbf2
060a000c
08f300eb
170d0201
01f1f304
faf0ff02
0efe1001
f61008ff
01040108
000d09fc
030df605
02040bf6
02fa0af5
050104fa
f7f6fe0b
f805f8ea
fe02ebf9
1510f70a
03faf5fe
06020801
030e080b
fb030713
df12f8ff
05fd010a
ff0eff02
00f70a00
05f90509
1003fcfd
f8ef0c03
001302ff
fbf6f313
000e11f7
09ff0712
050115fe
06fc04f1
ffef0a0a
05f5020d
07f30604
0a120004
f40aeefa
fb0ffafb
0d00090e
180204fc
06fb030d
02f5f7eb
fef707fe
fafdfc07
f514030c
05f8f607
05fdfc00
0709f7f9
04ff0701
f800fefb
f2f5fb11
0e080006
03fcf500
110917fb
f4f6f401
fcf7ed02
fb0d1408
edf20bf1
f20ff80f
0107f80a
0e05ff09
fbfc2103
ff1a0103
010ef5f2
05f9f904
0ae90dfe
ed0aef05
efffffe4
090de5f5
0ffe131b
f51101fd
02f00c08
fbfe0608
f5f2ff00
000d0b01
ef01ee06
effaf8ff
1de70806
f9fbf200
09fd04eb
01f9ffeb
fafd07fd
03edee17
03f60af7
030bf9f5
0606f915
fffef320
060ef5f9
0df5080d
f9021107
08fd020b
09fb04fe
fc061502
020802fc
f4f806ef
0802faf3
0904fbff
00fcf5f3
1603fd03
12fbfefc
f6fdf208
12f30302
06fff8fb
f70222fa
e9f70a0f
0df801f4
10fce9fb
fd000307
fd04f9f5
ef010dfb
fffa0b01
03f4fff6
f30d06f2
0cf40201
09080111
0c000d0c
fff9f109
03fdf5fc
0ffe0dfd
fb06f7f9
1804f5fe
fcee00fa
03040f0a
effaf205
05f6eced
f70afef5
00020af7
e8f6fffa
0b0509fa
f205ff07
ff0bdf0b
000002e8
f1fe0c08
fa0bf514
f9030d0e
0efe0402
010f12f1
0dfc10f0
f401faf9
09f4f802
03070cf1
fa04eefc
f0f8061d
08070412
f4f70cfe
f1fb0cfd
ffebf9fa
f90e0404
06e604eb
fe07f6ff
07f308fb
f6f00c05
04feee01
070ff400
02030018
f806fd12
16ec1406
0012030d
00f702fd
06f9fef4
00f7f80b
0d000908
080aed0b
11040102
fb01fcf0
07fb0605
f200f704
0c02f9fa
fa050c05
00f9f205
f806070d
0cf80bfc
01fde408
fd130508
00ff0c0a
ff05f4ff
11fe10ef
f2040bfb
eb050bf4
00fefa0d
05f900f9
faf7fa04
12f8fdfc
02060401
010b1100
14f90403
fdfdf80c
06060c06
1008fd15
ed1404ea
fbf6ef04
e9f0050e
fc04fef6
06060404
fc07f9fc
0113f8f7
f4f3f3f6
fe07070b
1202ff03
180111f0
03eefe07
f6f2f904
0108f103
f1fd0901
fcf4fc04
f6000bff
01f9fb10
0803f906
05fefff7
03f5f6f3
05fb04e5
01ebfffd
f5f6f501
f3f81111
fa0e04ed
0d04000c
00e4fa10
05ef0004
fa01fc06
08070106
020010f5
0cf908fe
0409f801
fef9f808
01f1ee00
0d01fefd
faf00904
001b01f2
12fdf40d
0d07f002
03ff0310
f8fe0d08
030df9f9
fc0bfe06
03f91507
ecff0df5
f8f60af7
fc000a04
01f1f4eb
1afcf901
fd0700fb
ff0302f7
fb08f4f2
f603f0f6
0500fff8
fff609fd
00f1fbfc
0223f9fe
010201fb
f70c0ff2
02fe0df9
030ff30a
ff07fcff
ed11fcfd
fd11f7fa
fbfaf7f4
f209fbff
f7f510fc
ef010c03
0efd16ff
09f6ee06
0809feeb
f5ecff05
0ff9fcf1
0508f5f8
f4f508f5
0803f805
faf904fb
f2ee0af9
edf2fc03
f70bf7f4
fc02fbfb
04f60315
030bf6f4
f905080a
0f03e6fc
01fc01fc
06080be9
05f9fdee
0cfd0cf6
0c0ef7f0
09f70f07
fc0303f6
08ec0406
f7f8f905
fd0df3fb
f20203fe
180112ff
130afafb
0604f316
0401ec11
00fb0702
0214fdfe
09f70113
f9f105fb
0104f9fb
f30dfcff
fb08fa09
02fcfc08
0603fd04
0404f9fd
0103e606
03fef608
11fffe01
eff50a08
0cfcfb08
0efafaf9
03ff1103
07ef04f2
06ed07f0
15fa0309
13ff05fa
f40e06f6
100df808
fcfcfef1
f50105fd
f4f1f408
0317f0ff
fffbf719
f8030810
f0fb03ff
05fa18fb
0cfaf2f3
0806fb01
ff0307f2
0dff02f8
f9f9f205
f802edf8
ff0205fc
13ff0ef6
f40000fe
0bfa0604
fc0302ff
01fa06f1
f90cf0fe
fcfcf1fa
fff80b04
0b110002
0cf8def8
fb16f6ff
f5f80d10
ef00f806
f002f4fa
01fcf4ff
120101f4
f6030cf0
f712faf8
ed01fef6
0103f2fa
0d0cf104
00f6f6eb
04f0000e
e60c1404
fef80209
0d01f70c
020109ff
fc0604e7
ee03fe0b
0df6f0f5
06f4e60a
fa09020a
030af9fa
fb0dfe0b
150a02ea
faf6f102
ebf905fd
f60608fe
faf3f5fd
fcf60afd
030be9f3
fdf7ff0e
fe100502
010306fb
faeb05fc
0504fafb
fe14f8f9
f507fc0a
fef9fe01
fcfdf80c
02f30d12
1503f2fb
fa0a01f4
0afc0405
ff04eff7
07000006
eeff1b0b
0def08fd
fc0e0cf6
fefefc02
0e0b04f5
150305fa
0ff60011
f40101fc
02fff30f
0bf4f610
0102ea0e
01fdf9f8
ea190505
f2f409ff
0bfaf601
f7fd0200
01f4fb0f
faf10201
f4f9fbf7
fc04f5f9
fef606fb
05f7f108
ff10f303
fc03f5f4
01eef802
000b1dfa
fcfd1001
f8081508
fb0400fd
0cfbfffa
04080ef4
070201f8
f5fefef2
fa0af3fb
fc05f7fb
0c030905
02f1fcf7
f4000d0a
05fffe01
f0ec1e0e
05090ce9
eb040406
f50904f5
f6f6fe12
0dfbec06
0f040a04
00ff0ff1
01060104
0ef6feff
fefaf8f3
f9fdfc00
00fc02f5
0af70304
0af7f512
f50cfbff
fd061201
020a00f5
fbf319fb
0cf20205
f2fa02f8
00f9f506
04f90207
0dfc0703
fdfc110f
feff0417
00020202
0b091505
06fdf80a
100cf9fe
f207f308
010c0af6
03ee08ff
fceb04fd
0900fcfb
00effdf9
fd000508
0bf801fc
03ff00f8
fd08010a
faf7f00c
fbff1508
0400f4fc
0afafbfc
f8f8f805
0216f9fb
05fa16fa
05080ffd
f3f2f112
0bfc0907
fdf70d02
fdf9e9f7
03ff1105
f9fd1104
07f80f07
030702f0
fdf80006
e60800f7
1107fd02
080af6fa
0bf6f4fd
0bef0201
01100202
ee01100d
f60500f9
fc0600fc
fdf4f1fb
0bf002f9
0af00afc
090205fe
ee03f008
f8fbfaec
0a08f20e
e8fcfeec
f3fae90d
f6110dff
f0f8faed
02fbfa03
f4f41000
ff0c0702
f7f41310
0608f2fc
fe0e04f5
0ef90af8
fbfd0204
0dfef0f6
ff08fc02
15f504f2
fbf40609
0509f6fe
f6ff00fd
03eefb0b
db0a0b02
f1fd0809
09fb0705
f70af1f6
fa05f50a
f2fd1803
06f90f0d
080afa09
0dfe18f0
011c0dfa
f10200fa
11fc19fd
f5f51506
020608fb
fef5ebf3
02f509f7
07fcf7fd
f50308f9
0bf1fb04
0bf9f9f8
15f10502
fb0ff8ee
fb0702fd
efe1fafa
fe13f8f6
0b0dfbf1
0a02f6fb
0bfaf9fd
0300ed01
090bffff
100608ef
f70119f4
ef071401
03f20909
170c0a00
081200f2
050ef806
fbf8eb0b
fb0dec04
060804f2
fc0203ef
fef7f202
02f5ef0e
01fbf7fd
fbfdf7fa
00fcfaed
f9f708fa
04fe130d
f700ff18
08f40307
f410fa0a
f9f6f7e2
f70efbff
0e08fefe
f9fa0812
0706ff07
f215f802
0a15f7fb
f7ebfaf8
0509f802
fc0c0ffe
f1020206
04f804fa
ec0dfffe
0bf608f0
fefb010b
09fd08ec
f7faff02
0cff000a
fefa0913
f2f702f5
effd01f7
f705f7ff
0df9f715
020fff06
e90a070a
02f2f706
f6fd05fc
090003fa
ea06010b
0cf812ff
04f8f204
0c072012
f70210ee
0b00ff09
0af80107
fa1205f7
0aeef8f8
0ef3faf4
f101fffb
fdf3fa03
fa06fb0a
f2fcf6ff
ff0900f8
06ea0302
110d02fd
00fe02f4
f9fd0602
080306f8
010af8f6
f4f9100b
030e04fc
0007eaf6
feec05fb
0a0d10fc
0c0bff01
fdfffdff
07090502
07f700f5
f8040f0a
fe000102
0711f203
fa01f807
f509000d
ff03fffa
0707fcef
07f50903
fefcff0a
0a060ff6
01fd0f01
ef0bfdf2
ee09040a
0c100909
10060afc
f9fcf4fa
fc05ff19
f4f212fe
f60cfa03
09fd12f6
f8111205
f60d0cf3
f003ff07
fef8fcfc
0dfff801
fefbfaf0
00fefffe
f80f07ff
07f906fa
e3f5fa1a
03030002
ed0508ee
0011fd0b
090bf8ed
f8fd09f9
06fffefe
f30af2f9
fa00ef07
0f04f6f8
06080703
ec01fc08
050a1000
fc04fb00
0301fcfc
08f8f4f7
0405f8ed
07140bf9
030e040d
fd090718
fcfaf7ef
f7edf002
f30809ff
09fcfe02
0beef912
fe08eef9
fa0dfdf6
05f71001
010002f7
fe050502
070d1303
f707fafc
ff0e00ff
f1fb07f9
fb0008f6
e2f60602
f90802ec
080df6fa
0b0c00f8
f6080a05
0b0d0df9
f1fbf9f6
f7050309
fb05ff03
fe04f70d
0601f909
f3f7f8f4
f70c0dfd
0600f6fb
fcff05fd
f7fbf3f9
fcf40801
0a070d09
0704ef01
f9fbfb06
0af40f08
000e03fb
fa04fc0d
f8010cff
01ee02f5
06f4040b
080af900
f30702fb
06021308
00160608
0c0c0002
0afcf6f8
fdfefd06
faed0906
080e01fd
f61bfaf8
0c13ffff
f8f30bf3
f2f70306
02f0fff7
faf70b0f
f206070d
f500fff2
0af8fef9
fa06fa01
f903fc06
0608ea09
fcfdfef8
03051813
05f7f6fd
0feefafd
fd090d06
ff05fee4
00fff0f5
fbe906fa
04fc000a
fff5f9f9
0700f208
f50c0b07
0f040e04
feeff501
ee100a13
f7f2f309
14fa0bef
06050217
060c000e
0d060ffc
04f5f2eb
e707fd01
fd04ff0a
02f20707
eafef604
02f4fe00
f60413f3
eef902fb
e60301f7
05fd0c02
01f9ecf4
f90d16fa
f7fff901
08fafe03
13f4f815
f3fef9f9
00f80b08
00ea02fc
faf40018
f702fb08
000df1dd
030aeaf4
04ff0c02
1b0f110d
fc03eafd
0101090a
fd0f1602
05010005
0a12fafa
020610fc
f3f90df2
fb02fff9
fe0704f3
fcf71103
fa0ffde8
041100f2
ff06ff09
f9fff606
fefaf1f6
060805f5
f0f507f4
06120b13
09ed09f9
04fd0d0b
f1fbf8fc
040304ff
ff0917fb
fc11fc06
120a0ff5
08fff2f3
0407f211
ed10fbff
01f20102
f1020afc
ef03f80e
ff0b020d
090c031c
090fedfa
02000006
fb0d03f4
f603f607
090002ec
0801f5f0
fb0107f7
ed0cf2fa
080f00da
f70406f9
ff0707f9
fd04f4ff
01fc01f0
0c12f706
10ff0208
f50b0609
f5fefa04
f2fd02fb
fefd1bf9
0ef50507
00eefd07
f704ec06
03fd05fe
f60b08f8
0d0afd11
fd15ff09
0af9f4fb
fd031108
f10ef604
0801fdef
fc01f9e8
03f7faf6
f5fff711
17f60af4
080c060a
05f2f201
fbfefdfd
0b06f2fc
f1eafffc
0bfd0206
f3fbf811
00f60b07
05071101
08f9eefd
06001003
0404f511
ffeefe0f
00ff0cf5
f70a03fa
faeffefa
03f71a00
fa0f03fe
180c1106
060b00f6
f81202fb
0a0a03f4
0af913fc
0700fc03
051706fc
fa0804f7
0df80700
f309ff04
f6fbf809
020916f2
0b0b0008
fdfdfbfc
01f9f4fe
07f2f405
010cfa00
ef050403
00f8f1fd
0ff1070c
0f020bfe
fb0cf5fe
f311f9f2
08030f09
f504fc11
06eaea06
09fafa0c
f105f4fd
0000ef0e
0509f504
fe0bfcfc
1003f809
00f9ed01
f7feff09
020cfafc
17fc0b00
0802f102
f9f50502
f203fdfa
f9fbf304
fceef512
ff0c0305
faf712f1
ff030b00
17fa06f9
0403fd05
110208de
05fb0511
fd03fb06
180108fa
05f401f7
f30303fa
06f90203
0b02fe01
eeef01f6
060ffdf3
fd150203
0106fdf6
f107faf0
08f6f3ff
0212ecf0
e91103f3
000303f3
0a030208
fcfe03fc
fef908f7
00040bf8
f4f1f4fb
0004f500
0bf90715
f605fd01
10f40301
040912f0
f90002f8
0402ff03
fbfcf70c
070ff700
0e0eeefd
fdfdfc07
05f505fd
f1040203
faf70403
ff0802fd
fefa0d04
fc180607
fb0608fe
03fd0606
01040a10
ecf70ffb
fbff0211
f5fbfcf5
fc0cf6ff
0c10ff17
0d0907f3
fb0511fd
f9eff4ef
f003fcfa
ee0100f0
f613fdff
09faf1e5
f10703fc
05060c05
f30206ff
0e060408
01110311
f6f3eff9
f404f10b
0b09f503
0200fb0a
f612ff03
f302f5f8
efe7000c
f0f7f002
000311f6
0611f7fe
0000f706
0df9faff
0bfe0300
040dff09
fa04f901
f00feafe
05fcf8f7
f3f9ec07
050504fa
04fb0806
fdf8f6fd
0ef200ff
f00bf313
f70efb04
050e0f01
f50dfbf1
f60a0214
0707fbee
fb0a0002
03efff04
f70102fb
0afaf902
01fafff9
10e7f604
080a010e
0108fcf7
0902f904
13f20403
0307f903
0cffed00
f9fc1100
02f60504
03fcfd12
f701ff0a
fffe12ee
02fe09fe
1602071c
090b170d
fc09ef0a
170b0405
fe00fa0a
0efcf005
0af00ef5
0a03fc0b
fb0c10f8
fef6f3fb
0111f7f6
f1f408f8
05040bf2
ff0f00ef
01fe1309
fd03fffd
1505fcfc
f3eaf5fe
fb070df0
0105f1fc
f90bf007
f600f512
03e90507
06f9f10e
0f01130d
fd0f0509
ef0bf306
07f3f807
0607f0eb
0105f304
faf50609
f9fe060c
fefdfe00
06fcfb02
02feefef
0e060302
f5f306f8
f100040c
fd0303ea
f605faf2
0c0ffcf5
fc15f7f1
f8040400
0df3fd00
11fd0c04
fa04f9ff
00f800fc
0efb0404
07fd14fb
08ef1400
fbf90b0b
0aff0008
fdf00cf9
fefffb0d
10fff3ff
150909f2
f00e0608
f90b08f6
07fee60b
110907ff
00f8ff00
fb0b0cf8
fbf10ffb
f5f9f4f7
03f51006
12030500
f9f003f6
fd040af3
17f5f709
060efaf5
fe020c01
000101ff
0a02fcff
080a04f3
0af90701
fbf807ef
fbff0706
f5f7ecf0
0afcf204
fef9150e
f109ea0f
02fefcf1
fe01fafe
f7fd070f
fdfa1e09
03f6fd01
fdfb030c
0e02fc02
fdeeeef6
060919f3
f80c0100
ed09ff0b
06f3f0f6
fff7f301
f8fafe17
0500f70e
fd09f103
f3efec0e
0aeef40f
0c03fcee
0ffaf704
f7faf710
ff00ff0e
06061200
06061305
0bfbe4f6
f206fb07
050bfafc
0608ff14
02ecfb14
f4f81101
00f31207
0414e90c
fbfc05ff
1503ff03
04fdfd10
d8feeff9
03fb0305
fffefa00
fb0900f8
070c0511
f4fc0b0a
04fdec0c
0e070000
fefe06e0
000409eb
0a071004
09f8f6fd
f818f6fe
f701f001
0c04f9f5
f1fbf008
05eefdf0
faeff008
eeff03f3
0cf603fe
14040311
f8fc090d
f1f9fcfc
07ff01fa
f9f3ee0c
040dfef9
04010ff9
0cfff0ff
03fefdfd
f60801f2
06f50100
ff0602fe
03f3f6fc
f3fe02f5
f800020f
0900f9f6
0cf70601
eefe0bf5
f606f0f8
fb02fbf8
f90e02fe
0107f80a
fdfefdee
ec011cf2
0607fefc
0a01f9fc
080506f3
fa050702
f903fc14
0102f4ff
09ec07fe
010c0104
fc0806f8
fbfeed0e
07f90efa
ff01fffc
fbf60903
f9020a07
feee0c0e
0b05fdfc
070c05e8
01eafdfd
03fa0afe
f1feeb14
060dfc05
f90d0d06
fdfb07fe
0ff1f002
02f9fdfb
110e0010
fbeffdf9
0c010b09
000008f0
fc090cf7
050eea01
fd10ee0f
00fd04ee
04050a10
0112030b
06030901
000dfa05
fdfaec0d
040c0ef6
1505fe0c
1305f3f8
04ffff01
f80cfc07
fa070c00
f60509f5
ee06f4fc
10f9fff8
0ceefafa
02f1f800
0a00f80a
0701ee10
fa0a1004
ff01f8fe
04fd0007
fdf108ef
fbfbfe01
0af8120c
0bfe0503
0105f605
f201f600
04fcfef8
fb020204
f3f9fc02
05f816fc
fe0aeeff
f404fe0d
fd0a07f0
01071103
08fff907
f7000af9
f40af909
0407f611
17f608ee
030dfd0d
f2fbfafd
090c0810
0010effe
f6f11302
02000505
020f0808
fbfd1503
fdf00ff7
f4000a01
f3f60df0
04f7f601
00050105
fbf4f409
02ffff02
f3fcfa00
fd1afaff
10fff711
f9fdf307
e7fbf9ff
f90c0602
f9f9f2fa
0700f504
040a08fe
f3f90500
fe05f6fb
09010aef
06110b09
fcf0f9f2
f0fc0afa
03feffe6
ed04f6f5
0d060a04
f0fc0315
050ef107
11f3000a
f401fcf9
f80e05fc
04060705
fafb10f0
05f50205
0a04000e
04f70e05
f4f9fafc
03070dfd
07060902
17100504
0301f905
0ef80601
090af1fb
f6fd0ffe
f40105f5
0d0105ff
00f302f9
fc0c06fb
0f100c07
fd10fe07
06f80ffd
fafdeb07
070b06fa
0602f809
06031004
070b110b
1302f9f0
f309fbfd
0df70100
f402f0ec
fe05030f
f5fffd0f
ecef0d17
fffe0300
fbf50dff
f3fdfdef
07f805fb
09f80909
fa050004
090cf81b
0402fb0b
fefe160d
fcf405fd
f30b0307
f70af4f6
06fdecf9
08fff20e
f70e09fe
06f2f8f7
f5f4fcf7
fa00f703
fc0e0207
fdef0f12
f2050cfb
fbfafcfe
14fa0001
f7fbfe18
fe08fbf4
f7f7fb0b
0100ed07
07f70406
0007f4ee
fa151017
06fdfbfc
fbf3150c
0204f800
08ec0dff
0601ef08
0bfa0bf3
f903ef0a
05fcebfb
f001050b
08090500
0a0afbf4
12fbfdf2
09f9edf2
0105fb0f
00fbf20b
ff0303f8
050c1601
04f9fc07
04f5fd02
f901f9fe
eefafb15
eafb0410
fe13000d
f7fbf0fd
070feb05
fa11f011
090dff00
fe0e00f5
1302fdf9
08ff04f5
f9050907
1105fb04
040d02fc
060d05f2
0b0703fb
160205fa
030a070f
050e0602
f80605ff
03020b0f
00040d05
020b0307
06fa030b
0605fefc
f2f6f9f0
17f8f511
090af604
f906fffe
fb050506
f008031b
fbe8f005
f9e10e09
0406f015
02041507
010a09f3
0cfb06f0
19f51a01
0702f6fb
f90d0601
0c190208
fcf804fa
f9021807
fdf0f9fa
effc0412
f705f607
fe09ee04
0805fff7
0dff0102
09fe02f9
0afa00fb
0afd0d06
f004e9fb
f8fc01fb
06f2f9fe
fdf1f815
0002fdf9
f40207f9
04fffc0b
fa06ee00
0dfc06f7
f30bff1b
1c0af802
ee06ee14
05f00af4
04ecf80a
0cfa0c04
faf60113
0e02fa1e
fa0500f9
edfffff0
0ffc01f9
fceff4fd
1108fcff
04ff0103
01f8fffb
01fb0dfd
09ff06ee
0309f101
03ed0202
04f7ff00
020afd03
0b0ae8ff
eef40cef
06fc0610
ecf1f3fd
08f70b0d
0204fd01
0808fa03
f400fff6
fe02fbf0
07fbfeff
04061504
00fd04f3
0401fb00
f81308fb
f50407f5
0107ff00
f9f70900
08fbf404
080ceef2
00fe0df3
f800fe04
ff02fff4
09fb07fd
fd010bfb
f6f7ec07
06ef1802
f6fbfb05
0018fa14
0200ffff
fcedf9ff
f103e90b
08f6e9fe
f1f801f9
0201f6f4
02fbfbf7
f005fc05
fafcfe09
02f1ff07
f7ff08f6
0d0dfd04
fbfc05ff
f0f9f202
08fedff7
eafef20c
06eb0c00
0108f805
0203fd08
f808f908
0bf304f6
fbf1fa04
fbfd0404
03080e05
eaf905fe
03020401
fdfaf200
fc1315eb
11fa1000
0e06fbfd
090d0703
12f80005
03f4fc0e
f503ff0c
09f50a09
04ff0a05
020bfcfb
e80303fb
ffedfc05
fc07ed07
fff6f008
fd080205
e9f004f4
f8e9f809
f904f9f9
f7f707f5
0a0d0207
f901f5ff
0afd0d08
0b0a07f3
fa0400ff
02f905f6
140000fa
04000605
ff04010c
f7ff030a
fc040604
f50110f5
110c02ee
eb0a03f6
15f2faf6
0af6fb05
fef4000e
fefe0cfc
fd0df4f8
100000f6
fe0bf210
ff0708fa
0310f708
f8e311ff
0301fa02
0601e502
f9fb050b
f7090cfe
0cf8f6f9
fe0aff01
fff5faf7
0b02fc05
15fd0501
03f708fd
0709f102
0809fc0c
0103f609
fff70501
08fdf500
f2fef900
06fce80c
0907ec08
010e070f
0b06fa05
0604e9f7
fbfbf4fa
00060cf9
05fffffd
0ffa10fb
0603fef7
0307ff04
fb0612fb
040e1607
1007f00c
050f05fc
fc0d06f4
0b00ff00
0a040704
fa0b02f5
1309080c
f302fb08
1402000c
feeffa0d
f0fb0305
09f901ee
1404f203
14f80a0c
ff070413
000304ff
fbf4fdf3
020c03f3
f4f5f3f8
03f5faf3
fcfbfa04
f1ff03fa
07fc13f2
ff020efc
07f6f903
f1e20eff
f50e03ff
04070dfd
fe070212
fa090100
fdfd09fd
04f0050a
f0f605f2
060bf7fa
04f7effe
040402f8
f3ecf9f4
00fafdf2
020e0202
01ff0cfe
000b00fc
f11304f4
ef01fcfd
03ec0804
ff06f2f2
020c00ff
010b0808
05060607
f50801fd
01fd17f8
f2fb10f7
00180fec
050707fb
fd110bf5
03050819
fbfefffd
00fd07ff
00f702fc
ef040102
f909ee07
070002fa
ef1ce918
01010311
edfc090a
fdfbeffc
0d050310
f20411fe
f9fb120e
f6f80306
ee0612ff
f205f7fb
f80609f6
0400f5ff
030af80d
09131d0b
fc11f3fa
eef3fb02
ef09110f
07f7f5f3
0213040e
0703090c
fcfcf8fe
fd0908fd
0ef60efe
f8fcf90d
06ff0706
edfcfdea
f407fdfd
02f5090c
fbf91b03
f9f3010e
fe08fc0b
0100fc03
f7f80b03
10feec00
f0010406
08f30d02
08f20007
fcfb0afd
fef40306
f204f5f9
090310fe
0300f8f8
fa06fefa
0c07eaf2
ff15020c
f3effaf8
ff110703
f8fcf6f6
0804ff09
f80107f2
f8dffef9
0107f901
01f104fa
00f9f512
0af7010d
f4090ef5
0ef5fcf9
f6f10af8
19feec06
090008f5
0101f9fd
f8f6f902
0b0a0707
0913f0e1
f506eff1
e001fbf4
0cfd0a17
f6fe07ff
0eff170e
0cfd070e
f1080d06
07fbfc06
f8fcfb07
02fb10f0
0dfde607
0a03ee09
f8001efd
fd060eee
fcf1fd03
050b1007
02fc0ae1
f0f70a05
f80912fe
0601e010
f3fb0604
f8010b05
f500fd0d
f6fd0917
fc06ff01
fff4f901
07f200eb
02fb06f1
f30d0b00
fc0ef0fc
ff11fe09
f407ec0a
f7f8fb0d
00fb04fe
fe030af8
eb030911
ee09f709
e6020800
07000311
f102060c
020901ef
0509fff6
effaecfb
0500f8f7
0f09fe02
0b040d04
fa0deef4
0bfd030e
080201f1
fcff0ff4
05f0f5f7
f4fdeaf1
07030a01
03fff9f7
0604fe01
fdfe01f5
07ef0bee
0703fbf7
0a0e10f3
f908fdf0
fffa02fa
0e03fded
13f60907
0bf2020c
f90e0707
eaee0bf5
f8fd0b0c
06e908ff
01090e07
04f9f4fb
f8f608f7
f0f9f6fd
0b03ed06
fd0300fd
f50b06f7
10f909fb
08fcff11
02e50eff
07fe0904
e405ee0a
050ff304
f7160406
f9000404
06f20bff
010701ef
f5f404ff
f206ff0c
01ef08fa
fdf9fff3
04fc0004
16fe1e04
fc070009
0ef6fa00
02fefffd
0cf805fb
080d02ef
06fd0204
f50e0a05
f406090b
fb08fb04
f60d0604
f607090a
040d0407
080113f5
f8f80cf7
0c0308f8
0808fbfd
06effffa
f7ff0202
0208040c
f80dfe04
06f60c00
09020ff8
fa0602f9
05fd01fd
0c0df906
fff2f502
03fb04fd
16f6ec01
f4f6f6f5
f7ffff06
f30706f8
030902fe
f3000302
fafd0508
0cf809fc
ecf7100a
fd01120c
040101e1
051102fc
12f511ee
f8fef4ea
01ef13f1
f912fefe
f3fc0107
050403f8
fcfa0109
00f80bf7
1702f803
fdf105ff
f00605fd
fa0309fb
fa06140c
0409f9fd
060206fb
0600f203
eaf8f305
fb010906
02f80703
09f2f0f8
03fdf300
0314f6f5
fbf80602
f4ff11fb
16f70208
1005f8ee
1708f9f9
feffed02
0aef0209
00f5fa0a
04f7e7f4
f6fe04fd
f7fa07f5
07180405
14fa15fb
09f70cf3
0c02fa09
fefbf4fe
f9fd02fb
00eefb07
f50bfb00
0c090901
08fffff9
f4fafeee
fe06f2f9
0902f7f8
131004f6
11000cf6
08fa0301
09f4f00d
f407f5fe
fc0004fe
05fffef7
fffc1201
ea0df102
02f6fc08
f5010406
fef70d01
021501ff
030901f5
0107f509
051101f1
0fec14f8
040cebf9
fe030cff
0807ee01
ff07fd01
0d031800
fbfd0101
f8f304f2
f5f4ffff
f00700fb
0d0c0804
0006f809
ecf7fa00
fc2202fb
00ff0108
05ffeb10
f1060afe
f0f5fff3
f5fbf00c
04fefffc
06fe08f3
010a04f8
f5fdf9f8
f6fc04fe
ecf6f9fd
0801f6f6
f71106f7
fdf3f600
0806fe05
15f708ff
080e0803
ffeb0006
0d07f1fa
f20902f5
e80407ff
f80911f2
ff060504
fe08fc03
f200fbf1
f7e4ef0a
1003fa05
031b0203
efff00f9
f9fc1af6
f408fd05
01fbf613
ec01f7f8
fe0201fc
fd0704f9
fbfbf9fa
160cf902
04f1fdf2
f9ef0104
fb0afd01
ef03fdf7
0df504fc
05fefa01
fe0f0306
0afe00ff
f9faff0c
0d000f04
ff0a0a0d
020efdfb
fe030203
fff6fbfd
0801f30a
fb13fcf0
fff90dfc
05f5fdfd
0ef0040b
ed15140c
01f90603
ecfd0007
09fa0f04
0efa02ff
f7060708
fc000d01
fdf9f510
fbf3eb00
0bf7f7f1
ffff0c07
06f902fc
02030c07
160003fd
f1fe0e05
0308030f
00f4fbf9
1003fe00
01ff03e9
02ff1009
040611fc
fa10060a
01f2f0fe
1109fd07
07fe10f5
0af70a07
ef0ff406
07060108
0bfd01f3
ee0cf103
fc050206
f7fe1203
f6fcf7f9
f60003f5
01fe09fd
03fd0011
fe1a0306
e805f802
07f8fef5
02f4f002
f6fe0001
f90104fa
060efffa
000b0f02
0003f403
04fcfc01
030b0506
fc0e03ed
fc040805
e7fff8ff
fefcfd10
06090202
f50d0e07
ef03faf8
fbf3f704
fe10fd04
f407f602
ff040712
f70800fb
eef104f8
fefe0b0e
02ff0505
080004f7
0313fbf8
f7f8f801
fafdff01
f1ff050d
01fcff0b
07020700
061afaf8
15f1ff06
14fcef0e
130c0dfe
f6f108f5
0df3f504
06f508fe
00f2eafd
f50304f3
0feb0508
f100ff0a
02faf4ff
fcf80900
0a00f600
fe0209f9
f6fd0113
fff9fffc
000dfff8
f315fa02
f90004fd
15fe0704
18fe0e02
f70505fe
ea010205
0413f301
ecf3f5fd
0e04ff09
ff0afef7
01160703
fef40805
f4fbf115
0afcfcfc
f4100cf0
fcfaeb00
ee030707
f6f90302
ff0207fa
03090209
0714f409
ff14fefb
140007e3
f9110cf8
030ef7fb
f90700f8
1104f900
f9f1f609
fdecf8f7
f2110108
07ed0002
0109eeff
0efd06f8
fcff00ff
f4f3e703
f40411f8
fdfdfc03
03fbf9f8
f5f5ff06
0d0bff01
f4f70400
04fa0607
07f6f6fd
12000602
f9f8060c
fb0e08ef
0c14f50a
f700f9f4
ed04ec00
0afb06ff
f7f70104
11fdfdfb
0909fd05
04f8080b
0902fcfe
080201f7
edfdf811
04e6f504
12060d07
f0f603f6
fa0d01f5
0709f303
f9f5f715
f9e7ff09
ee0bf30b
060704fb
f903fdff
061e01f9
050c06f5
0cfdfa05
f5040f18
07050d0c
fef7fb01
01feed05
f9f8fc0a
101cff02
fc011101
03f40b03
f0fbf70b
f5f5fa0d
faf8fe07
00f300fa
f40afff5
08fbe50c
f8fd0609
000df801
160d0217
f7fc03f0
0800fe01
f2030401
00eff7fa
0a03e113
f30609fc
fc021200
f30c06f3
060c050a
050af001
fa0c02f2
0f070cf5
f5fcf807
040e1100
f20807f3
07e60608
0b07f6f4
fd07f903
fb000104
eb0a050d
000c0c08
fbf81306
f6f1ee05
f8f90cfd
090710ea
0ffdf5ff
ebf90600
f703060a
05fbf5f6
fef606f1
0e0409f8
02000b0a
1006fe02
01f8030a
10050006
02f90506
08fdfff9
0c05ebfd
fe0a0200
030702fd
e7f20901
07f904f8
fb1706f2
0502fc03
fff311f7
fb0f0d06
03fbf9fc
fa00fc11
fe10ef04
00141a0d
fdfdf1f6
0004f004
ee0d0d00
0efeeb04
f1fb0100
f70d06f6
f6fefde6
f3f908f1
fbe90100
f50ef60c
f5e416f7
0c0904ff
fa0d1004
fbf4f6f4
18f90703
05eaf4f1
f709100a
01fe120f
fc0d1201
07ff040b
0d0400fa
fdf908f3
08faf804
fcfcfff8
f7030611
f80205f9
eaf90407
11fe06fc
f9f9fcf2
040a010f
05e80b07
0cfe0207
ecf40b03
f203ef06
04f4f0ea
fcf806ff
fdf303f5
02100b04
08f70c0a
fe000a01
08f51a04
f1fd050e
05fcf5fe
080f0a0f
0c010302
06f0faff
fdfcf3ef
f904f2fe
0202fdf0
0dfe03f2
081f05f9
ed02fc09
06fb0e14
020300fd
fc130109
0d080201
000104fb
00f60c0c
06f405f7
0c06ff03
fb130f0a
ecf8f908
ff0103fe
f5ffff04
09f9f1fe
f4fb1bfe
03fafe05
fef6fbf1
00fd12fb
06060b00
080706f3
fdf70e06
e2f910f3
00030b05
15f80908
f312faec
0fff08fb
04fcfafb
fb0af7fa
0701120c
09f700f8
07fc06ff
09ec00ff
0004fdf6
050211ff
05090f03
0c04f109
fef5fa0c
0efdfd07
04faf317
f9010400
f0fb0703
01000af6
090e06fc
fe080602
f70b03fa
0902f3f8
0707f502
f7fefaf1
0802f5f8
08f70907
ff040b00
00fdfd08
f9fb02f8
02ec0cec
02f4040c
00fefbfe
10f70d14
040d01f6
fcf0f700
0503fcf0
0eff14f2
04061202
04f3f8f5
fcf90212
f709f002
03f6010c
090a1407
05f70301
0de8fcfe
ebf20409
f7f4f3ee
000eee03
01fc1015
f4f603fc
01fb050d
0b01fe01
0410f9ee
04fe0213
f90d0306
000503fa
f5f9ffff
fffc0418
00edfffe
130a060a
f3fef5f8
02f105fc
f80f00f3
0c000909
0205020a
0c15fef6
0ef515fe
ff04fe08
fee3f8fe
fcf10dfd
090702ff
00f518f0
0b0d0a03
0101f707
f9190cf9
fb0009fa
fbf8f4f9
010110ef
f9fb0202
feff00f5
090102fb
04fa03fd
0407f5fd
fa05efff
f20d0117
f3fa03fb
e50bf103
04f305f5
f7f0fa06
fbf3f700
0bf7fa09
e80205f9
f3f31200
f60aea14
e807fcff
040bfcef
0ef6f305
ff0cfc13
f8f70003
f7f7f6fd
030102f8
ec15f7fd
000af416
05180b02
03fc0908
fa0a01f5
030709ec
0204f704
0808f6fa
f5f9fb03
0ffc0501
f6fa0205
01ff0002
111801f9
eafb00fb
03f3f703
fa0cef06
f5fd11e1
0af903f4
0a0f080c
021001f6
03ecf910
1c00eafb
03081105
f70b1401
0d04fb05
f7fbfbf9
f70300f7
f70bfdfd
00ffffff
00fe090d
fff801fb
0b0b0702
feeb0807
f4fffefd
03fe0107
070ef30e
fcf8f7ee
f9fafbf7
f41201f7
fcfefe05
0af9fcfb
f3f8fff1
fb09f8f7
0bf7f7f5
06f00ff9
fef70602
fb020f03
070ffd02
0100050e
0718f2ec
edfdff01
0afff8ec
0300f403
0300030c
fafcedfb
fb0dfaf5
03fefd03
f4fcf0fd
0c02f60a
ee120109
fd080bec
f2f10500
ff0d0104
fc040aff
0ef8ffed
09f514f2
f5f6f7fb
f2ed05fb
00e2fbfb
ecfffdf7
f4fdff09
0d07fbff
11ff0507
0110060c
fbf00701
0dfb0cec
07fff810
0afefbfb
fb0afafb
0bfc0208
03070303
fafef101
07041c02
13f70806
00f7f9e9
ff060cf5
17fb010e
fd0ef2eb
0f060702
0a09030f
f0010507
fb0406fb
f90a0f0b
e703f5fb
fdfaf500
f400f809
fe04e904
05010ffe
06f312fb
fdff02f5
fdfdf1f8
f7feee05
01fe050a
f806f506
05f20cfe
fafdf6f6
ff09f613
fb03010b
01f3fc0f
f8000af8
0ff3ec02
ff07feed
fbf301fd
040d0d02
11fbf507
0cfd10f6
fd12feee
06010702
f10002ea
f9f60600
fcfaf6f2
f100fef7
030cfaf6
fc1101fe
fbf903fb
070cf806
e5fe0907
f7fcfa00
04fff1f9
0bf2f9f8
030df2ff
08fbfe05
040cf206
051108f5
f501fafd
fc0d0806
fe05f204
f80507f7
0ffff9f8
f7f604f6
f9fbfef9
0307eefc
fcf70d18
01f9fa0c
fbfb05ff
0806f406
f21401f6
f105fff9
03fffb0a
11f601fe
fbf4f6fb
02fafaf5
fbf80109
faf307f9
06fa01f7
010af1fb
fbf9f800
fd03070e
0009fdf0
0804fcf6
f500f210
000af5fc
02ff04fe
fb14fc02
f8121415
ff0b0820
13080bf0
1802fd03
f808fefd
0712eb05
03f804ff
04f909fc
0202faf6
05f8f9fd
04f902fe
0607fae8
070e0bff
01f30203
0004fe05
f905f9fd
040e1af5
f9f60501
f80d0504
fff8020e
0efaf904
f4f70a05
fc03fcfc
0107fa0e
0f04fc08
e3040008
0afdfff7
0700fc00
02fc0201
0d0b00fe
fefa10fa
f7edeff3
06f8fc0e
fcfb0cf5
07030d03
f00110f5
1bf0fa07
0712060d
fbf60a08
00fc0303
f901f308
f3040d08
07ff0a0e
faf3fdf3
0beef411
0ff906fd
05eefcf8
f809f8f0
f00c0915
021b05f7
fc0813f7
eb02f9ef
f8020309
070cfd06
fafe0713
f2fe0507
08ee03eb
0b0e0f17
06f8fc0c
04010eef
09fefdfd
00fc06f1
0aff02f7
0007fc05
0604fee4
fb0a02f6
02f105fc
ecfe09ee
08ff11ef
f00315f7
f2fbf601
08f70b11
ec0d05fd
f7fb020b
04fa02fc
08f30f0e
08160506
fe030a0b
09ff1c00
00f5fe12
fff70c06
03000202
fd030704
0a0803fc
0207f805
f111020d
0bffe20d
00081a02
02f00002
fbfdf819
fcf30403
0718fc0e
06fb1214
07f7f00b
ee09f7ed
f5fb0c0c
14e5faf8
0ef2f801
f8000b08
0500f607
fff6030b
060713f9
0c1f0b0c
0206f412
02fafffd
040dfff9
0502f60d
01080611
f60207fa
f713f5f4
04000dff
f9080800
f501f611
ee0f020d
f60ffe05
f1f6fe03
fafd0302
f50ceffe
fcfc0e04
0118fa09
13fff5ee
01fffdf4
04060008
ff0e02ff
07e2effc
f4f1120a
f3140005
050ff30b
f6f60203
f2f5fafe
030f01f8
fdf601f5
040400f2
0cedf3fa
f2f81600
10fb0007
0202f4f5
1b08f5f9
0b0ffdfb
f101030a
f702fbfe
06f211fc
0108f802
0303f4eb
0b03fdf9
f2e8110b
f7ff05fb
e8fffdff
06ef05f5
ed0609f2
08fef402
f7fb0207
f406f5f5
04fc0601
ff0404ff
0206fe02
000207f6
faf8f3ff
f1060900
0ff70c03
fa08fdf2
ffeef015
f7160102
fd04f706
eb06f1f9
f1f9f105
02fe0bf5
070601ff
07fa140b
0803faf8
f1020314
f60307eb
091210f3
f7fa0be4
f7f510f1
fe01fa05
fefd14ed
030df303
02fffef7
f60e14fd
fa0a00f5
fa02ea0d
eb0c000c
08100b02
ffe608ed
f4090b08
0a1714fd
09f3f8fb
f401f5e2
f6e71106
fbf80df0
f41004f0
f6fdfef5
01050110
090005fb
03ff06f9
09031704
13000103
f301f90d
fafe0ef6
090e130f
09fbfe0b
f1fe0205
06fbf4f4
f906f614
010bf7f8
0500f610
00fa0afe
fb04fdfc
fbf6100a
092516f4
f4010cfd
fc0dfafb
0afafcf4
fe09fe04
010507f5
fefe05f0
130b0cfb
0200f5f2
07fd0cfd
f71af007
11080516
f4fe0af7
f2faef02
0211fef8
00eef7fb
03100909
f509ff02
020a07f5
e708fe06
ff040203
f2fd02fa
06fcf61a
0409f7f9
fcfef5f4
f0f0f60d
fafd0703
f2030bf9
0416eb05
07f2fbfe
f5fcf5f5
ff07fa06
050904ec
e4fcfcf3
16100cfb
f70b01fb
0f060112
00050200
e6f7f301
fc040306
07f5e903
04020e01
fcfa0af5
fbf40c02
fa000a03
030702e8
030d1006
f3f301fa
f901edfa
0dfbfc19
09f40706
ff0103f9
0309fd00
fb090bfb
fcfb0604
05faf601
04ed0501
00fc06f5
00fb06f9
eef41009
060bfbf1
f3fef6fe
f105f9f6
fe000607
f8f30517
f7f8f9fe
fc0d01fc
0cfb0104
eff60df7
070903ff
0b03f500
02f4f6f4
fc0af1f8
f3f6f601
13070a04
08fafcfa
020c0502
031005f6
fcfcfdfe
05dd0a0a
fa0c0bf0
04fb13f3
f7f70ffa
05020102
0207f909
010dfc08
edeffbfd
04fffc08
12f10314
04e3eefa
02f50a07
03fdf8ec
fbfee90c
010d10fc
faf602fe
f607fb03
08fb04f7
fa0af80d
fb04ff1b
e80404f4
02fcfdff
0108f713
000b0006
f5f3f2ec
fdfc0308
ff02f8ec
02fff6fa
f5060608
fffb0cfa
07ec0afe
05f40802
020deefe
01f605f1
0df80cfa
0efd050f
fffcf4ef
05fdfffe
0402eff3
ff0eff0c
00030709
0af803f2
f0f31202
faff0d02
00fcf1f1
f8060ef8
0cef05fe
fafff106
11f8fafb
04fef70a
07fc0410
fbef10f3
0c05fbf9
fffaf801
020104fe
07141003
0602f619
04f8f80c
fb0908f9
fcee04f4
1201fd03
f40c0002
16f0f70a
03f8110e
06efff00
00fd0908
0504f5ff
0705140a
0900f004
0a0305f1
0af9fe10
ee020cf8
07fe0ffd
040b02f9
0a19fd0a
02f8fffe
01fef7ff
fbff0303
fff71306
f700f9f4
0308f6f1
0f0b00f9
00f1f308
f9f50007
f3f8fdfe
1800fd0a
040402f9
010614f8
fbe601fc
0d050c0a
f4f40609
04fc09ff
fcfa16f3
1004fb03
0406f304
e8fe0601
fa00ffff
fef8f0fd
f6fbfa04
fefbfcf9
04fb09fd
f9fafafa
f8fdf4f0
ff02090a
ff02fd04
02fa0013
08000906
f8fd0f01
ebf9f300
f80103fa
fa0109ef
f2fa07ff
fa1001fb
ea000601
fcfa1ffe
09fcf7fb
14f5ff07
0de7fdf7
0803fd14
0617ee00
fb0601ff
0714f2ff
fa0b0404
000afc07
ed0b080d
0901040d
040e0cfa
0911f306
fcf9ee08
ff01fa04
fbf50602
01f4f611
010ff7f7
f804020c
06f9ff0f
f8f901fe
0200f7fd
ff05fdff
06000d08
eef6060e
020df8f3
050709f9
fa050c14
fefd0d0e
03f800fb
fcf404e9
01030505
ff110606
f80101ff
ff05f3f1
f805fa0b
0ced01fd
0616fa0a
0bf2fefd
03fef409
02f108f8
031307fe
f3060ff8
0afd0d0d
f5fc05fe
fafff204
f71006f5
08000b17
060bfc12
f3f8fbf6
0f10fdeb
04010ff7
0007250e
faf300f2
02fffdfb
fdfcfdf2
fe030104
fafd0f11
07ef0804
ed11f701
060207f7
ff00f2f3
f600fcf1
fc0906ec
fe020707
05fff803
010ef102
f0fd03fe
0df5f908
ff090716
0404fe09
f404feed
1502fdf1
0cfd0300
f8000a09
ff02fd00
02fef9fc
0203fbfb
02fe10fd
f91405f1
0af20310
f5eefd05
f202060a
f8fdf409
02fe08fa
02fbeeed
03070708
15fdf918
0bfb08f8
f40bf910
090002fb
020a03ff
07f9000d
00fc0703
fd0d0e04
0304f7ef
0b11e20a
06fa0704
fc040005
02f1fffc
0af70ae8
fe060806
1501fcf6
070d0e07
f509000a
09fdf502
f9edea0b
fa08030d
01f3fff2
ef0616fc
fc00f4fd
0cfd0cfd
04fbfdf4
f8fb1703
0bff2407
0bf101fd
eb050ffd
fefbeffe
0bfd0809
06df0c05
0df30901
f51708f0
edffef03
f500f708
fb030208
f80f0ffc
1104f008
0200ff0c
0f05030c
ff000100
fefe00e7
03f7f9fa
05f200ff
eaf8f4f9
18ec0600
09f60b19
091d050d
f4f309fb
f500fefb
f600fbfc
07f802f0
f9f901e9
f60304ef
06f303fe
0cf10000
14000104
010bf802
f8fdfdfb
fa0504f7
f7060401
fa0f0cf8
0ee907fd
01fd0df3
0ffa1302
08f90206
0410ff0c
00f7f407
fcfef610
fefc02fc
0bf80a09
020609fa
00f6f9fe
f6fef404
08f107fa
fbfd04f5
03fc020b
fcfa1006
faf406ff
fdfe0908
fc00f8fa
060403f9
0107faef
0f060202
f80ef6f8
f711f3fc
03fc00f7
ff00f91b
10051000
fe01f9f7
fffc15f0
f0020bff
050e0918
fc120f04
100dfc01
ee0d08fa
04fe120a
02fee7ee
0ff10af9
060812f9
0df6fcf9
f6fdff0c
f601f7fc
06fb02ef
f7060df2
07fe02ff
03fefd05
070be517
fa0216fe
fe15f811
f7101405
f909fff3
12fb04f7
f70afff2
010b0909
0df90b00
fa070207
01f402ef
03020e03
18fcf6f0
e8fd0800
070d0f04
01170905
ecf7f80a
f3fdfe04
010203fd
0ffe0111
fc05fcfd
f702f4fc
0610f6fb
02090608
fb03f50c
10fc0104
f1110c0d
08fefd06
02eb030b
f20c07f9
0ff40a08
fe0308f0
06eb12fb
ff080a01
f0ee09f6
fcf8f308
fa0702eb
fa0af7f1
f305fc02
05030c05
0113020c
00fc0b01
fc02000f
fdfbf7fd
000ffaf5
0806fa00
f6050b08
09f3ef06
031401fe
0604fd0b
1203130a
f701f4fa
f312f609
04fb0402
f9f305fa
0af800f8
0afd01fe
0bee070d
05ff12e4
0c190502
f80913f9
f314f801
ff09fc06
f4181208
09fb0502
fff4f119
fc00fdfe
fef6f300
03f4f5f2
f2f701ee
08ecfcfb
edf304f3
070209ed
0709030f
f90708f4
fe0bfefb
01fa10f6
f9f91103
00ecfc0a
0bf30aee
eef2fe07
04f61304
fc0310fd
07fe0b02
0ffd0bfe
ee070115
f9fe0c0b
0807f210
0c090a12
fa05feff
ff08fef3
08fc01f6
0408041a
11feec03
faee0514
fa0efd07
000307f0
0e030506
f2f20aef
11f5090d
040b0cfe
fd0ffc02
04fcfd0b
02fe0cfb
0102fbf6
fb070009
0fff0102
0107fb07
0f01260f
fa10f2f9
fafbfcf8
02f90a0c
070003f5
f60205ff
07f1020c
07fcf702
080602fe
15f90705
0eeb07ff
07f9fe17
07f4f1fa
06f7fa01
040b0509
011010fa
f5000f01
070cf9ff
fb0700ea
0b0a0dfb
f001fe0f
1b01020e
0106fcf1
fd060501
02fdf500
fc08fbf9
fffe0d08
eef506e9
02fd08f5
0b041b05
f2040007
eafc0302
fe00fdf6
fb05fd04
01f9fb10
0d00eb09
09faff03
09020200
f101fdfe
fbf4fc0c
fb050917
effc070b
f51003f5
fdee02fa
0c0df80b
f913fce7
061605fd
0e0d0505
fef5fd04
eaf6f908
04f40800
110eeff3
f80108f8
fbf50402
0efaf0ff
e9f6f80f
010406f2
fefd07f4
f7030313
fff5ea0f
07fd01fd
fbfb0a01
fbfcfbe9
01f80bfd
00f901ff
01f71100
13fffb15
0a07ea0b
fc00f90a
020d1608
f2ff0102
f904f9f8
0603faf9
f1fc0903
fef6fe01
fb01eb06
0bfdfd05
0c100c02
fff516ff
f30e0e07
0b03f9f6
fffc0505
0afc030e
06f8f207
fbfbfd03
000cf7fc
0d02fcf3
fc0b07ee
f012f816
0611ef04
fcf8fbfe
faef0103
fa0907f2
04fe0f02
06fb01fc
fdfc09f4
fefd0202
fb03fef0
fc0ff202
03f8f9fb
fd0010f0
02fdf3fc
0a03e7fc
0601f2fc
f0f6030c
f501f8fd
0503ef09
f706fa07
0ffa0e02
1208f914
f90312ff
01f1fe09
f60ae80c
14f5faf8
0907e701
0005f215
fef2fc00
fe04f609
fafb09f9
fc00ff07
e908151b
fef6ff0c
fefb0df2
120904fc
fc0005fe
0efdf207
f5f9030c
0801e502
06000000
fc040a00
01fcff03
0208f700
f700080e
07eb09fe
f4fd040c
fdfe0201
fb00150a
f9ff0d0f
0915f007
06f80509
f900f5f2
f3f5f00c
f70a1007
010b04fa
f3f709ff
08fcf3f5
0b0c0b00
04f60efe
0efeed0c
f1000802
09fb0efe
0916ef02
ff09fcf2
04f8fc08
0612e0f9
02f7050a
070a0202
fcf70405
f90305ff
04f6f2f6
0df40ef4
12f50cfa
03fd0cfc
0306fdfb
fc0b1700
100bfbeb
0103f6f2
f806ff04
0beffbf9
0afd02f7
01060dff
f60c02fe
0300fff2
ef0df3fa
ffeff800
fb04f517
fffe0a07
f3f31207
04faf9f7
0ef00209
00f9fd07
00180502
0f0afc06
00f607f2
02f4fa09
03f603ff
fcff0300
03031001
01070300
0e0b0108
01f10200
0b050204
f2faf501
f6f60906
100804f4
020603ff
0805fe00
f80ced04
f50bf6fd
06030bfd
02050205
05eeed05
0001ff04
01f6f3f3
f5f001e9
fffcf2f7
05fe0311
fdf9f2f6
22f9fd00
e9f704f9
fbf90202
010706f1
f703fff1
04f90a07
0bf1fdfb
fbf70dff
fff6eef8
f505fc00
f209e7f0
071e17fd
f208fdea
02170ef8
fe0aeb05
020605ff
fdf107fd
02fb0103
0308100d
f3f905f4
0ffbfafd
0806f305
fbfd05ff
fc0405f9
06060e0b
000906f9
0611fd06
09ed05f8
02fe09fe
00030408
f3080207
f5fe0216
0805f205
fe07fbfe
0ffffa07
00f806fc
f2f4ff00
fb0bf106
0302f607
0d0affef
fffafefd
0000000e
f700f4f0
090801ee
0905050a
0609f8f8
f5fdff03
00fd051a
11030800
01fdfcfa
03f803fc
ff05faf5
f2f7fd0f
eff6f8f6
0bfc09f3
fbfa0b12
f9f9f4ec
090a0900
f8f900fa
f60300fb
f209f508
100ffb05
01faecf4
f61215fc
f4140bfe
f3011cf6
080910f3
060ef404
05effa01
fb00fdea
04e1050a
0d0b030f
0b051101
14fd00f9
f0f7010d
030402ff
ff0a15f1
00fe0cf9
02030bef
0e050116
f3fcf2ff
0209f3f9
140202ec
09020111
1607f4f9
fcfafbfc
0ef7fdff
020c0d09
03f3f80c
0a010ffc
f0fd06f8
edf90c07
e705ff1b
f9060e14
f0f8f800
01060014
fff8f60a
f5fdf804
f9ff08f6
fb0ef9fe
0202faeb
f7000fea
ef0d06fc
0b020bfe
edfafcfe
fb0a0cf7
fb0df3fb
fe0101fd
fd0cfe10
f7f1fd02
01010105
ff081516
06fbec02
0605f8f4
090dff0d
fc01fa0b
08040307
07fa04fd
f9fbfc05
ed09f31b
fff7fafa
f408ff0a
fcfc040c
e903fb00
030af5ff
05090005
0dfe0a08
fefa06f5
f903f903
f80d05fe
0b0707f7
01fff2fb
f4f40308
fcf003f2
f9070300
f2ff0e05
06f4fd04
f40b04f9
fe0500f9
0602fd03
02010403
071afefc
fbf8ee01
0306f8f4
06050a05
09fb0af5
fb020604
fbedff0b
0810f401
0103fc01
02f80ff8
fd020c06
fdfc0bfa
f9fbf708
f6edf703
06fdef10
f7001e00
02020713
faf1fc04
0409f3f4
eefc0209
09060816
04010af7
fcf70701
0c070708
020dfc08
f6eff4f2
06fffcff
fdfcf902
03fb0709
f2fd0c04
fc0b04f6
0f00f4fe
ff030c04
0600f3fd
fbfdfaf9
02150d04
10fef500
fdfffdfb
000508eb
04f11000
0af3f906
05021310
00fd02f7
18f90905
f502fe09
fb220613
1201efe6
f510ff08
04030201
fa0cfff0
ebfa050a
fa0107f4
f5fe0612
13f5070b
ff000107
1a04f40c
fd13030a
f500f8ef
0afcfffa
07f7ff04
08fcfe02
0610fa12
fc08010f
eafc0ff8
16f6f80f
f9ec1606
f6090a05
f8020604
ff0102ef
0a070108
fa0a0905
fa0402f7
000df210
0304f901
fc13fe02
f2091502
08e50708
0519f705
fded0b01
00fe080b
0ef705ed
fb0b1cfd
f60ff900
00100001
11fcf106
fa0106fb
00f9fc07
13f50905
f7f5f6ed
02fbf901
f70df70a
0411fbea
f402fa04
0504fb0c
09fa0bf5
02faf407
040bf4ee
0e0bff0c
110000e9
0803fbf7
02fc030a
010201fa
fd18f5f2
051703fc
05fdfef0
fc0a110c
04ff0a12
fef2fdf8
00050c12
02fd08f2
fa04f5f4
0bfdfd02
fcf9fb02
07010b00
03ee0a12
0cffe508
f2fa0301
0213fa0c
f2160dee
0803eefa
041efa0f
02fefa0b
04fefe08
ec0d0efa
f5f6e807
f8fa0c0b
05fdfc0c
0304faf7
f0f10110
1302f6ff
f8fb0d0e
00ff0efe
01020900
090b10eb
00f2f50b
070bfbfa
0c000111
f50509fa
0f000b08
f7f906ec
eefeeef7
fcfc0d06
feff0df1
0816fc0d
0201f306
f80003ff
0c00f8ff
faf7f9f7
04f9fe04
fcf9fdfa
f7fa0107
f9f31405
f50a0315
020bfe01
ff000a07
01030006
07020203
fc03f307
080305fe
0cfafd03
0304fff7
0ffcfbfe
0afceb10
fbfa070c
f5fffd01
f8f501f8
0702faed
04070003
11f8f902
fbfff70b
f0ff0404
00fef8f7
0b06faf5
12fff500
faed0912
fefc0ff1
08ed0404
fff0f6fb
fdeafefa
0a02f90d
fc04ff07
f5f7fd00
000b03fd
01020703
04000608
06070009
09040fed
f2fcfc04
0bfc03fe
fdfc00f6
06f8ffe0
0100fb02
031a0608
f1fb1309
f8f4f6fd
08ff010c
0cfbe0fd
08f1fe12
f006f400
f105e812
0cf6fe04
fe00f5f9
02fbeefc
0701f601
f8f50501
0308fdf9
03ee0300
fd140cf1
fc08f201
02f910f2
03fa04fb
11000202
f9f5f9ec
0c03f402
f9fefb05
1308fa03
fff805fc
08011004
eee80007
f9000402
ff0208fb
0b16e0fe
07fd0211
f9fbfffa
0d01ef09
f3fe01f6
eb06e302
0702f7ec
fbfd0ffb
f70204f8
000c0008
03f4fa01
0cfe0701
fb0bf209
03040a0b
04050907
070100fd
09fb0603
0705fa03
0afb05fc
fdf90207
f2f4fc05
03f5f1fd
fdfd01f9
f30f1104
f001f907
fe0403fa
fff9fbff
f80604f9
f9fcf6fa
0efa01f6
fff7f901
09040bff
f1fa09fc
fbf80dfd
ee12ff09
05030cf7
ff0d0d05
fef710f2
effc07f6
110cf801
fcf213fe
fceaf80c
0010f70e
0b01fe04
f7fdf402
f7f2feff
fdf91afa
fef6edfb
03020b02
f100eefd
03f407fa
f905ff0a
05fcf3f2
000107fb
030f02ef
04f90401
0afa0afd
0c01fd00
051104fb
f0f708fc
ee04f307
f6fb0cff
ff000109
110ff0f1
f3fef1ff
04040007
edfb0805
0bf1fb03
f9060209
0c070109
f6ff04fb
fbf6fb0c
ff04f9ea
0d0ffa04
03011103
08fc09fe
18050e13
ff021306
f5f5f308
080517fa
09f9fe06
f7f6f80c
ef000310
f8fcf8f9
04060807
0e02030b
f607effa
0dfeff00
fe0009f4
08f802fc
fdfef607
fcfa190e
fdfe0c0a
fcff00f8
100ff713
0812fbff
0d03f302
fd11f7f0
0b05ee02
020101fa
09f10104
fdfeffeb
0bfcfcfa
f9f6f70d
070112f7
fb05f509
0c040904
0500fe00
120a0b00
06f802fd
f910f705
050c0ff4
09f9f302
0af60e08
fff81012
07f700f2
02020a0a
090efdfc
0dfff608
e7fbfbf4
ffeb0f04
f5ff0101
f409f3f2
f301f0e7
fdfa04fb
0bfd06fe
0100f5fc
00fbf8ff
f501f7f3
0616f903
fffe04ff
fa01ff03
fc0c0400
fe08f6f6
0dfc0303
f90af4fb
21f616ef
0aecfa03
fff408f6
040905fd
fe02f5fa
0c010a00
f2fef600
f40e0403
f50500f2
fe0c06f7
f8f0faf3
0e05edf8
f30f0aff
f3f506da
0d0bfb07
f8eff30a
0a04f005
fdf80204
0d0c02ff
060c1300
11fd02f3
0908fbfd
02fb040f
0501f3f4
edf50100
02060508
fc1006f0
05fb02fe
12040505
000b0af3
06fff0fb
0a0a0e0e
0403f0fc
090713f5
fa08ee03
060302fd
0cfcfdfd
f2edfc02
fdfdf8fb
f31501ee
fe08ea04
fdfbf907
f9f205f7
0804020a
021103f0
ff00f6f9
e8010107
f10609f9
09fbff03
fbf206f2
faf7fff4
030afff5
f9fb06f8
fdec050b
f906fb0d
01fefff8
fd0610f4
fff6f5fd
09fc0bf8
ec01140e
ff10041a
02140df9
0efcf803
0304fb0c
14fcfef6
f7080d00
feed00f8
0b090107
fd0dfbf1
f90703f7
f409f7f8
06f9090f
f5fc09fb
0ffa0407
120bfb01
fcf6fa03
ea040102
fb00ff0a
f90706fa
021304f6
0e020810
fc0109fc
f102fefc
f90102f5
e0130d06
000df700
0c02f40a
030ff7f4
08f5040d
04f7020e
0b04f4f6
0e02fd04
f9f7f70f
07eb0f04
0e061602
fafbfdf8
f7fb1305
f70116f8
fff81bf6
fb0bfc08
ecf00c16
fd040eff
0003f308
f9fb0d00
0008f3f8
08f8fff5
fc070d01
fe0100f1
080b0d09
0cfbef0a
080101fe
04eb01ea
03f5ffff
03faf1ff
01fb0cf0
09141003
08050104
fa0cf408
03050616
f4e9fff9
fe0810fe
060ffafe
eeed0d01
fbf107f9
0604f901
fffa0007
0c1de4ff
fef9f30c
0ffae705
f20c08f7
fb080108
f9fb10fb
130d1003
ff09f60f
f6fbf90c
09010cf7
feff1bf0
0bfb04f8
fdfef1f7
f504f900
0af80601
00edf70a
050011fa
090907f2
04ff01ef
010307ec
f7010500
07020e05
f903f8fb
f800f30c
01f5f915
04fdfc12
f701f9fb
04f407f4
0015fa0d
12f519fd
0b000cfb
0ae8ff06
01fcfa00
12f1fa09
fafefbe7
0c0bfffe
03ff0407
01fbf405
120b06f5
11020f06
fc000604
07f512fe
fdf50204
08170c03
0b0a0bfc
fbfa0701
00f618ea
fbf8040e
f6ef07f2
05fff4fc
fefb08fa
fd09fff4
f200f8fd
11f8f6f7
0dfef9e1
fd0200fd
080d03e5
0403f3fc
06ec1902
0bfcfc04
091013fc
03fcfe15
0000f9f7
fd110502
04030110
021113fc
11fdfffa
fdfc0703
0e0dfdf8
f1fcfaf4
010202e9
fd070102
02020b01
03090afc
f9fef9f3
08fdfefd
fe1501fb
0bfe0805
07f108f7
06f8ff00
030e0000
f5ef12f8
1008fcfd
e9fd0b10
0708f711
0efe09fb
f50df601
09f3f8fd
fa0dfc00
03edf1fd
ec0d0ef8
0bf7f7fa
f51406f7
eaf8f902
09f9ecf3
1012f9f2
0409f5ff
fc0d00fd
ec16f405
f3fff40b
0402fefe
f10901fe
09070402
eb040004
f001fdef
f3020f02
0704f906
16ff0802
f908fe05
faf605f8
f8fff4fd
021b0d04
020403ff
0f0e05f1
fd050e0f
f6f9f9fb
fc0606f6
01040306
fc10fb04
ee010b01
03e90301
0c120509
fd0404e7
02fbf2f6
eef8f405
04fc0dfe
04fdefff
07fd1202
0cfbfa0c
0af6f8fd
08fe01fe
0c0af404
fffc0106
f4ed0a01
f8fc0615
f80af8fe
00e7f3e5
02020afb
09fb040e
100b0dff
0a0dfaf8
0702f607
0e130007
fd0e0ef9
f9f80c08
f801fe03
e9fcfd0f
02fd00fc
0401f1fa
000afded
ff0a02ec
f1f10e0b
0f090605
fdf1fbfd
070ef30e
010a02f6
04f5f804
0af8f40b
07f6fdfc
f8070307
fc11060c
ff16f107
05fff00b
0df40ff1
fb0cfdfe
fbfeef04
17190804
f7ebf6f2
12ffff11
02fc0ef3
fa0a00f4
01fdf9ed
00fdfef7
ec05f4fa
fdfbf0fb
f5ecf20e
0dfb0900
080b00f0
02fcf60e
ee07fcf3
fa011004
f40e0efa
fcf5030a
ff080208
ff02040e
17fbf7fd
00fcf61d
04f703fb
f6f9070e
fb11070a
f40ff90d
f3fc010e
04eaec01
fff3ef02
06f6fcf4
f6010600
01fff90a
0afc0004
06fdfc12
0f07fd00
081209f7
f5010307
09f3fbed
08fa04fb
f7040cfe
0405fbf7
010c0502
04fb05f5
0c00fdee
000efe0e
f8eeeff1
0c09f8f8
fcf60bfe
05f7ff0a
ff020c07
e40b040d
02f8fefe
12fd0402
0602fd02
ff01f2ff
f10af5fc
f60908f4
14ff0400
f2070907
0b00fff9
141bf1ff
f8f506fa
0b000401
01eff6ef
fb04f607
0001f613
f70ffbfd
03edfb12
14000805
fe000302
0614050a
f110f8fb
f6f715f9
f604fc09
0007020c
fd0cfbff
050afcf9
fa0a02f3
07e8fe00
f3fd0e04
f509f6ff
01fcf9f9
fd0001fc
050100ea
05fdedfa
0b020a16
0608fdf5
03f1fa02
fa12f5fc
06f9ffff
f30305f6
0bfa02ff
fbf505f5
02f0f304
eaf9f501
04f208f3
06f80ef8
0cfeea03
111ff8f1
090bfb0c
fcfa090f
09fffd05
0b03f7f8
fbfe0100
fd1208f2
010402f5
0af6f212
07f30bf1
fd17ff03
120c11f9
f7f80706
05fe0cfe
f2f505f4
0c05edfe
00f1f9f6
faf607f6
fded06fc
07fdfe08
02080411
0a0804fe
06fcfee6
0200f104
0ef304fb
fd060004
f50aed02
00feebf8
fe100310
080af90b
fe00fef5
feee17fe
03031405
15030005
f8f80702
ff07f509
fcf70801
f1050207
06fe05ef
fb05f9eb
f809fef9
0106ef03
e300000c
06f30402
fc0011ff
0302ff03
00f902fd
ee08e511
ff01fa03
fd0b0f13
fafcfe0c
0708fff6
1c08f200
1201fe03
eff1f904
f713fb01
f300f403
0b0df306
f6f2070b
100507f7
f9fc0407
f7070dff
f7eef9fc
0804f607
ff050bef
0cf20300
f614fe05
fa000a0b
fffb070d
fc0bf5fb
fcf2f9fc
f90aeefa
00f2090d
fa07fa00
fd14fe00
0dfbf712
f9f5fbf9
fbfd0803
fbf8010a
0501fdfe
05040f06
fcf0fff9
f709e6f8
f8f9fd16
0002faf4
0701fcfd
f505f701
f0060006
09fbf913
0c010706
fa040611
fd03f600
f007f9f6
fa0af405
fbf8fef2
15fdfaff
03f5fafe
f30404ff
ff0206f3
f3edfff8
0c09f9ff
0c090613
f8fcf304
f70709f5
f70505fc
00fcf5f4
04070c01
0b0afd05
f2fe0c05
ff03fe09
0007fd04
07f410ff
05130400
0a000416
070a0f06
11f8f402
01fe0102
0603040a
09fb0101
fcf3faf8
fe0206f7
08fe0afe
1304f8fa
0704f3fa
f01115f8
fb0004ed
0807feee
f2fd0019
f801fc08
faf907f3
09effaf4
0bff0aff
f1eef5f8
04030808
04f20cf4
11fb0bf4
fb001200
f90efcf4
02fe09ee
fef901fc
04edf408
f2f2f312
fa05f0fb
05000e02
fbffff04
fffa0bfb
0f02fef7
0e040306
0001f9ff
03f0060c
f0ff05f5
f904f803
09fefaf4
fff8ff02
f4f20a02
fc0f0105
fffe0904
07e80af2
fdfc0801
0c08fa06
0a010ef7
f4e40411
eef800eb
fbf51306
040004fb
f209f30c
fffc100d
04f7fd02
1900fe19
0714fcf7
f90210fd
081a06f9
03fafc03
f9070202
0cfc010c
090c11fb
1601ff13
01070900
0506fb04
03fef6fd
fcfef9fd
0201ef04
0309faf6
10f6fbfa
f4160b00
000807ff
14f90306
1703f60d
13ff0602
0a120001
160a040c
fbf40704
0601f2f4
12040212
03f8fa03
110a03fc
03f6fa07
fd05f90f
faebfff2
000e00e9
f8050404
0706f806
fa06f8fc
0afe0103
f702040c
f2fdfe06
08fa0104
0405f9fc
12050bee
0b22f2f5
00fcf50c
04fbfaf4
f6f60108
f8fd1300
170002f6
f6fbf604
060afd07
fd05f609
fe05fff5
0cfe09fc
00040701
fe090706
0d0005f6
0afe080f
060d070e
ecfef701
0ffb0a02
03fafdfd
f6000a02
fd0dfe00
12f2f8fe
03fdf912
f400ff07
fd01050f
04fa02f9
02f600f6
14fe030a
0104fcfd
fcff0b07
f000fc09
000303fe
000ef90a
fb06f213
000713f7
0e08f804
f5fe0013
fa0902fd
ed080a0b
df010de6
fbfd01ef
f903faf7
fef6fd03
fcff14fa
05e807f9
f5f8f000
06fcfbf4
f9f20804
fc0af7ee
04f5fcfa
fe0fe300
001501f9
f8060202
03fbfafe
11f30a03
f80401f1
fe02fdf9
fcff0efe
0fe90a19
060903f0
0cfcfe02
fb07f8f6
0d03fceb
07f704f4
0bfc0c01
f7fcfcef
160a0304
02060405
00040514
09f3fa05
10eaf604
03fd10fa
fdf804fd
f4fcfafb
f90b0309
fbf60305
04f50a08
fafd00f8
fffaf70a
fc01fdf2
f80002f5
0bf707fc
0314fb00
fd0e0dfc
fe07fcf0
021508fc
0801f60f
01f6fdf7
fffc07fd
f7fb07f6
13e8f912
040df0f8
0ce9f300
f90700fb
f00f01fb
020003f9
020ce9fc
1205fcfd
f8fa0afd
0201faf8
11fffff6
f7050304
04f90a0e
02010209
15ff06f7
10fffb02
f9ee00f4
eb001603
05ecfd06
f70609fc
e7f80001
00fbfaf4
efec0904
f7f70101
fb0b18ff
f40c0707
ff04f305
fffb0afa
120100fd
f8040701
12010209
f6090dfc
10151200
fbf70d0a
03f702fc
f20905fd
0aef0707
f6f10cf0
02f9fc01
ff070706
fbf9f50a
01fa0105
0b02f2ef
0c1902f4
05020110
f8ff04f1
000211ff
01f3fd07
fbfc0007
f806ff03
f8f9fcff
09fbfdff
ecfb0704
f41002f9
10f6001e
0f03090d
1200fdf3
03fbf603
fbfff900
08fff6fb
f1fdf102
fbfef1fb
f30102f1
03fdef0a
10fc0405
fa04f50c
0813fe0a
0eff04f9
fe0313f9
01f30801
fe0bfdea
0e05eff9
fc08f7fe
0401fc09
ef08f1fa
02f0fb0c
fcfa0404
fa150dfb
fd020408
06020900
fce2fc08
eefb1bfb
fb03f304
0efe1204
0ef308f2
f8f507f8
f9fa0101
0204110d
03041f1c
fafae706
0effe502
fcfef9f6
fa07f905
07f9ff00
04fbf90c
f7f5070d
fa0201f0
f80ffafa
fd03060e
fff603ff
f1ff0700
0715f1f9
f806f0fe
00ef09fd
040200e4
01f800f2
fdeb0bfe
ff151003
fefefb14
08f501f0
ec010a08
fe0802f9
f409fb08
00020409
0701fb10
01000df3
f1011604
0bfef201
0a1401fb
ffe8f407
f3090fff
030cfb10
fe0f090a
fc020310
0ef414f6
0c060806
060805fe
05040203
0bfbfd02
f706fb10
020cf900
fdff03ff
02f7faf8
f5ff1703
09ece103
0001f800
fafc0309
04fb0311
04f8f9fc
03fefafc
090002fc
1303f607
f608fa09
08fe020e
fa19faf6
11fbfaf8
f71407f9
09fffa01
09f8f3ff
f705f902
f904f9f8
040401fd
fd11f801
fef50303
fefefeff
f5ff03f0
17040a15
01f906fb
fdfbf0f4
19e90afc
07f3060e
02fafefc
0008ffff
0cfef8fc
070cff0f
0deff91d
1809f5f0
0afd020a
0af6f801
0001fb1a
fff901f0
f416faf8
ff010305
0cf8fe07
edfd0401
fe0b0703
f0fc1703
0df50008
08fb0407
0609fe0d
fc1001f4
fbed070a
f7fe01fb
fafd0af1
fff60807
0cfb07fd
05f5f90c
f204fc08
00f801f9
fe02fd03
10e8f5f5
07f908f6
0cf5eb0b
f9fafffa
0408f700
07faf5f0
0bfc0a07
12020e05
fdfdfdfd
faff07f1
f9f7f303
0203050a
fd04e5fd
02fa02fa
ec0608f9
f6faf808
05ffff01
0509f81c
0b02fdf3
f706fefa
ff03fd19
faf0060a
f701ed05
02f9f4f5
0801f900
f81aef09
16060dff
04fd02f7
faf8f9ff
190918ef
00ebfef0
03fef10a
08f40a03
0df6f900
f3f504fd
05fe02f7
e90306fc
f70211ed
f40108f7
f8fefafd
07fc05f5
f50808fe
0af2ff0a
fff803f9
fb10fc00
03ed00ef
eafdffec
fffef0ea
fffa09f7
f21107fa
f811f402
1ef905fa
f01d06fa
f6fbfa08
faf9060a
f502fb08
0908f602
ec0005fb
faeefe04
10f6f507
01f8010f
f501eef7
e0f3f5f9
fbff05f1
ed00f9ef
0400fc05
0c14fffe
f80bf109
fcf51c05
04030f01
05041003
17f8f3ec
0af9f806
09fafb09
f5f3f9f2
0308fc0e
13050200
02f30102
f704fbf5
f7fa02fc
07fcfee9
fa17fe12
070913f2
fd00f707
0203f504
09040104
0c060dfc
f903f508
07050ff3
0b07f00b
0206faf0
02120802
ecf90a0b
06f5fd02
00f5fffe
f70e0304
01ff0000
0a03f404
f6fffff6
07eafcf9
0a0506f7
f5fff8f7
fa0af8fe
ec00fa08
f2fe0509
fbf9feee
0ef8f906
f21005f7
0bf6fbfe
f3fbe5fc
fe000afd
ed0e14f8
0d04f3fc
0819fcfa
fcf9fc01
01fc01fd
fcfa00fd
0b05fd0e
f80afcfb
f8fe0afc
1c09f713
02f5f314
eefb00f5
06f20803
faf8f4fe
03fdfd09
00ff0000
f2f90801
05fd010c
fbfafafb
060c0f08
020b0407
0f0703f0
f5f50506
02f7f30b
fcf1f9e3
fafafffe
02050df6
fafaefff
1605faf9
f30205fd
f20ff8ff
f3f60513
f307ef0f
fb040808
0b0afd09
fdfc0108
f90cf900
ed0903ff
030407fd
0303f0f2
0efcf210
0518f803
fffaf40c
f50b060c
04fa0206
020afffe
ffe907fe
fef806ec
f50201f8
f8090405
f2f200fe
04f8fb07
fdfdf408
15f8edfb
fc18f60e
0708f311
f7f0fffa
04f807f9
effefdfd
fd0201fd
030205f7
02fd0404
f50c0915
ee1501f0
f809f905
ea03fa11
06080202
fee9ff19
0501fb01
f4f3f904
f7ff0307
0310f9fb
02f3f201
fdfdffea
fb05050c
fb08f9ff
11fb070c
05f3fe17
0a0dfcfb
15fe0309
fefeea07
f206f60a
09f1050b
fa00f3fd
05f9fb06
0deff8fe
e6f20709
05fdf102
0bf60e0a
f900fb11
0cfcefff
fa0cf903
1511fc04
edf6f4fc
ffebfc09
05080f06
03040206
02f0f5ee
1a09f8f8
f307fbf9
f300fff8
02fc0b04
f7fe0c11
fb030000
0d01fff5
090c11f3
0b0beffd
fef9fdf9
fff7f5f7
09060505
09ef0e03
0efdf9ed
02f6f8fe
fb0bed01
fa061302
f900fc15
0dfe0203
06fef300
fb0a0703
0400f6fc
fd0bf301
fc1405fc
f3fd03ea
050904fa
000fff0c
08f80e05
f2f8ee03
0bf50206
13fe0901
f204f50e
fd09f9f4
fd000a0a
f10a0a02
0c06ec02
070010f8
fffa030b
0508f1fd
fc0101f0
0c060df7
02fd0ffe
01130703
02101dfa
f1fcf60a
fd140f08
ff07f609
04fb04f3
fe020504
ecfefb01
0dfe170f
02ff10fa
09fef808
0bf400fb
06e8fe03
1200f0fb
fff90703
0412f503
f90e0009
e8ecfdf0
f0fe06fb
0cfdff03
00f7f0ed
00ff0608
f5010301
f9fc02f7
f10d01ff
140510fb
030c00e2
0d0ff90e
00e8fef2
fafffff7
1d0913f3
fc01e6e7
03f801f8
0b0df6f7
eaf70905
0603f80e
07fe02ec
0f120907
fc040601
fcf303f5
f901f5fb
ffed1012
0d04fc10
070d0e08
fe05fdfb
0dfc0dff
00fe0804
fb07f6f9
f70ffef8
0e12fcfc
0105060d
f91d0e02
020305f5
f203f2ff
080cff09
01fb100d
0403ee04
04010207
10fdeefb
fb15fc00
fdf2120f
f204e9f9
01080e07
fa0af5f1
fd0c13fa
020705f9
fe14ea07
fdf8f403
02f40a16
f514fffe
ff0e0a0b
0dfbfbfb
1705eff5
0403f1f4
f9fefefe
fb05fff9
ff0be20b
ec0bee08
f300fdfb
06fc1505
f1fdfb0c
effd00eb
0300fa0b
06040efc
eaf5fff4
f60dfbf8
0305fa0c
effaf603
f3f51614
0602fd07
fcf9f3fa
150d0bf8
ff0001fc
080203ff
fefd05fc
060b06ff
fe09fff5
f70509fd
0f0a01fe
030505f9
fefdfff1
ff0102f8
01030d0b
f5f2050a
f8f40909
04090201
020607fc
0202edf6
f0070607
00f7feef
fe02e80d
11010a06
01fdfe00
07f7f006
0ffa0902
f209f70c
0a04160f
0704f1f8
04ff0af2
01ebfbfc
fefefdfe
f1fd0903
03fdf9f5
f9f2fa04
07f7f6fb
0309f8ec
16fef6fa
f1fcfef0
05fc000f
fdfcfe09
0508fcfc
fc01f903
0afcf802
fbf7fefa
0a030ef5
07fcedfd
0501f7f7
fa0317ed
f4010303
ff0df3fe
fbfbf8fd
14f800fe
13ffeff3
030b05fd
02f7fb02
000900f3
fcf6ffec
fb140000
0401f709
000f07fe
07fff10b
ff00f308
fa02f205
050007f7
fe01fb0b
fd00fe04
05edfdef
f7fa06f8
f4fc0702
fdf8f00e
05f7000f
f7fdfbf7
f0fe0eff
00fa0508
00ea0416
020afff5
0f0bfffb
02fd0509
0df5f405
fef5f90c
0108ff06
f70a050e
f4fefa05
faf6ff07
04e9f1f6
f0fc0dfa
f80a10fa
fcf41df6
f7f2ed01
000f0efe
0500f8fc
fd070307
f90af702
fafff3f9
fdf4fe0e
f8030510
08f1f203
000f0309
f3060703
f400f610
010c0b09
06130c1b
16f90af8
05060afb
04060cfd
f703fb06
0307fc00
ed05f6ff
00030206
e3f709fa
01ea0e02
fffd0a02
f6fafdfe
05fa11fc
0bfb0dfe
09ecf706
03f50c0e
0205fd0b
0cf6fced
fc0403fb
f60b07f5
ef060003
f0010408
0d05f4ff
f5f60d0e
08f302f5
fbfff2ed
feff030d
f3fb05f0
fdf2f8fe
fc0300f7
0100f2f5
0ffdf607
f8fe0605
03fb090e
0a0006f3
f40a02f5
06f304f9
f00a0001
ff12f6ee
09000dfa
fefa0009
f2120afe
0afcef05
010ff313
00f60307
fefdfc02
07f7fd0b
f309fffd
03f9ee15
0806e801
f70df4f5
01fd070e
00f825f5
fa0102f4
ef0afa0d
060904fe
0407fa08
0ff8f50d
0afd0c0c
fcf6f00a
03fffa03
03110606
0513f9fc
020a030b
f4f90c02
eafa06ff
0402f701
f602040d
f0f9fdff
0903fbfe
0a04f807
fe00f1f7
f7fef3fd
fdfbf404
1af3f604
f50c1508
f7f3fd10
07ff09fe
f7e7fc00
0405fd11
0cf1fdfe
fdfc08fe
04feeb09
fcfefdf3
0c00ef02
f1ff0007
fa0f04ff
03fffd06
07f9f7ee
ff0bf5fc
130b07f6
fbf4020a
03fa0501
fe0ff707
f9ff01fb
fc01fbf9
08f705f1
fcf8fefa
f51a0402
090cf90a
080707eb
f0e50df3
e900ef01
120f0307
0ffd0810
f5060e05
f70503fe
0104f5f7
07fbf7f4
0af4f812
09080406
f7fafc02
fbe6def8
00010002
04f7f6f9
fc010701
f807f2f3
fbf4170f
06f0100f
08fef3fc
070e08f5
f9faf103
0dfcf9f5
fdfc0110
f2fdf501
ee0a0b0d
06fbf201
0cf8000b
fd12fc09
0406f701
f6f7fb01
fc120202
fe07ed04
f5fbf20e
0505fe07
1100fe08
fb170602
06faf9fe
f6080204
07f30103
070807ef
19f80006
02fa10fd
07fa0209
f309fb06
0401f9fb
ecfcea01
f8faf9fe
e8f6fdf8
fc0bfefa
03fb0afa
fcf90803
ebfa0dff
fafdf814
fffbf8fb
00fdfff4
f9060108
f3f6ee11
f2f6fff2
f6f9f4f3
1bfd0501
ec000304
020806fc
0dea0c05
11fdff03
08fcf7f4
f2ec0a02
f9fb0305
060efff8
0dfc08eb
0907f1fb
080707fb
00100905
0403fff9
141406f8
00f9fc00
06f90801
170bfafd
01030812
0606fdfe
0bfff9fa
0df4fc01
040911fc
010304f4
f7f61100
05fa0311
fd050d09
06e72100
f9091101
0b080d08
ff0000f9
fefefa00
fb03f7fd
0e00ff0d
0d03060e
fdff14fe
1406faf0
05fdf803
050902fe
fc01fef6
fd16fd02
fafdfc0a
0ef5fb03
010ffc03
fafc13ec
04fef905
090605fc
0109f203
f6f509fa
04fc0df5
f306f9ff
0c1bfcf9
0dfa07e9
0a13f0f1
06090316
0706f501
0b030603
0eff0c01
00fbfdf9
f7f501f9
0c020ffe
fff9fef6
fdf30803
080d0606
04ebf702
fe10fdf6
0c020c03
00f718fc
0302f903
0505fd08
fcef0103
fcfc0101
03000dfb
f5fe0008
fefb0a0c
fefdfc05
faf5fd0c
0af80705
f30307ff
08ee0506
f9fbf802
f7f30815
fcf704f7
fcf60109
fd1200f9
f903f3fe
060908f9
f305f1f0
00fc0201
f3fe0109
130af7f6
0602f502
01fa000f
f2f5020f
061106ed
f406ec02
07f9f406
02f4ff02
02ff0400
0afeff1d
07eafcfa
f600f7fc
13eb09f7
f60a020b
f70ff7f9
06f209fb
03f504fb
040e13f7
000a0ef6
f7f5fcf3
fc0ef9f5
13faf30f
f80b0bf1
f1f2f0fe
faf805f4
14020c0b
02f30300
f8edecf8
0001fcf5
0604fcf7
fceaf003
01faf004
05fc0302
f8ef0ff1
f1fcf8f2
05fc0102
08000df9
01fc06ed
03f510f4
07f9f7f9
01fff9ff
07f80613
f908180e
f506f9fe
070afb0f
fbf3f7fe
f8f70e08
14ff0709
08060df0
f7f70909
100403f1
fbfa0006
0e04eff3
f90e0107
fcf8f8fb
fb03fff1
0b08f907
061417f7
fb02f3f6
0cf6fefe
f90c09fb
05050114
f406f3f5
fc03fd02
19ff0d03
f9fa0c03
fb04f8f2
f905e5f3
0df0f80b
fbfc13fa
140de8f0
fb16f801
04faf900
e9fefbf2
fa07f30b
ff2301ec
fefc03ed
1413000e
eb10fbf7
0c08f418
e513f2ff
fd0207fc
e605f7fe
0f0d0b03
06eaedf5
f707feff
f8ea0707
f1f6f7fe
fbf60406
080efb0d
0bf7f70c
fcf701f3
00fa020b
ff0af6ff
f40be206
f10bf501
fefcf407
fdf0f4fd
000e0302
010305f9
f4fbfef7
10f6fbeb
f3000005
fe0bf70c
fb06ecfa
03f70904
090f0afc
080b09f6
09f5fe04
f9f608f6
f40203f8
0cfc0811
f9fdfdf6
16fdeafb
050810fc
0008e3f9
e30ffbfd
f8ff07f5
fb0503f9
0001f000
0e0a08f9
f40ff7f5
0d07f709
09f40efc
1103170b
f7f9f7f9
0804f3fa
f5ff07fd
1108f9f2
0205e806
000108fc
fbf6f0fa
020f0cfe
07fcf809
f8f90c06
15fdfaf7
12000008
12fc14ff
0104f4f1
ff03fdfb
0903f900
0def0af5
0a0bf90b
fcebfb08
f4f5fd05
e7ff0309
fd04f407
11ee00ff
fcfb05f6
fb00f704
ff0afcf5
fdff0405
eb13f200
f2fb080e
f916f5fc
0f0ff801
07040305
ee0b05f8
ecf8e8f9
050c08f6
0df80408
03fe0afe
0406fd05
fd07020a
fd011417
0afc0a09
f10915fd
f901fb02
f4f909fd
010b040a
09111101
e6fd0af7
05fa000c
08ff04f8
f40de2fd
060ff302
08f4fe01
0106f205
03f20504
fb09fd06
0efbfa06
0b1a0106
01f415fd
06fffff2
faff1109
00fcf7fe
18000400
00eef70c
04f50311
f8f2edf5
04fc05f1
15f90ffb
020eff06
120cee03
f5f0fbf7
02f8ff07
ecfffb04
fdfc07fc
05190a00
f716feff
010618ff
060e070b
fef1fffb
0406fff3
fb0e0804
fe0a0607
fef6f9ff
050711fb
04f51705
04fe0afa
ff04fbfe
0806fd00
0ef2e9ed
0614f6f6
0ef31502
0400f6fc
0909f9f7
02f8f600
f604f4e0
f206eff4
edf5f506
ef000614
fd080f03
01101116
f5fc0705
06040bfc
03fe020d
f5fb03fb
f70be611
1812f500
0301060c
edec080c
fff207ff
04fe0103
0506fc00
06ff0911
0801fe00
e80206ff
0506ff01
010e0403
fe04fced
1001f501
fefbfcfd
080605ef
f0ff0b00
f90c0ef9
e9050bfa
08fa0400
fb0500f5
f3fe050f
00fef503
0900f6ff
06f50dfa
02fd05fd
12f4f50c
04f3fc09
faf3feed
02101107
ff020b03
f6f9f309
0605f90c
fcfff9f9
fc0efffd
09010302
0803f40f
f5faf3ee
0df807f5
f5f90f00
010e0a09
f9f402fc
fe1af908
ef0d0df8
01f5f504
f701fb05
09fb0b0e
f803fe07
0309faf8
05f70603
fb07fa02
0aed0a04
04ed04e5
02fd0204
04f8f303
080809f9
0701faf3
f8e0040a
04f802f8
0301fe05
f807f905
1705f1fb
00eff6fb
1013fe0c
fffbf6ff
f80ef611
e3f50bfc
0af707f7
fff4f808
ff0f01f5
f20af6fd
fd0e05fc
fb080504
07fcf703
0afd02fa
fbfdfd0a
1cfcf60c
fefb05fd
03050310
03ec0105
0e07fe10
fb02fa03
f7ff02f2
0ffd1202
ebf10cf6
fff4f307
fc0008e8
e7050202
fa0b04f8
0507e403
f8f40204
09fff909
0bfe0703
f8ec07f9
f9f905f4
f5f30a08
12e501ff
080afff3
0701f7fb
010b07fa
fdf8e703
04fb0a0b
15f7fbf9
fb010dfe
04f91101
0607060e
ec04fffd
010d0bfc
f9010ced
0f06010a
01fb07f1
0c07fc0e
04f70408
00040cfb
05f5fff3
0005060d
100b0007
00fb07f9
04f9f802
0aee03f5
fff2f60c
0313f6f5
020507f7
fdf5fefc
0b01f804
f403fbec
edfd0b07
01f6fdff
0bf206f4
eff205f0
05f50304
fbfbff0a
080405f4
040f06f4
e2f7f100
fcfd09fc
0df4fcfc
14f60304
feed03ef
fb0a00f9
fb06fe06
f4f1f102
fffb0803
0507f306
04ff0901
fcec070a
0a04f6e8
040afe01
0beb09f9
f1fefc0d
fe06fe18
f1ef0cf5
0efee6e2
030bf9fb
fcf6fdf2
fb03fb0a
e8f80dfb
0504f406
e50608fd
0309f4f6
fafb180d
fd010b0d
0cffea18
060d07fc
f7f8ff00
04fa070d
0ff8ff0b
fefa03fa
09f8fafc
07fbf805
100600f8
0d00f2f1
10f4f2ee
fcff07f0
0ceafef9
0204fc0c
06ff1107
f4140b02
02030d01
0701fdf6
0efffff6
f108fb01
0509f707
06fc06fd
fef314ff
1b0ffc01
f30dfa0a
080a1702
ed07fa0b
03fd0d08
05e7030a
0901fdfa
f308fdf7
1200020c
fbfb04f6
fafef9fd
000d0f09
f4faedfc
f4f9fd0c
0109fdf7
fbfdfc0a
eaed1200
0df80e0f
00fa0ff8
161400fe
0b0c0801
02fce819
090a0509
05f8f8f8
0002f200
f9fef209
07fe0afd
ec09010f
f0f4e711
16fe07f8
090c15fe
0ef21405
f2ff0d07
e5fd130e
0506f800
0d040604
09fef3f8
f9f9f9f3
06f8f9f3
0b101607
f9f501f4
eaf8070f
0703010a
07f8fef9
03120207
03f60e08
07f908ed
fcff04fe
ff0310fc
fa0800fb
090900ff
0308fee2
fae104fc
f6f20c07
05f2fb00
0208f900
04fa05f3
fc0ff310
fe02ebf6
03f7ffee
ffff050f
0005f3fc
fe04000c
00fbf4fe
030c0806
f519fbff
fc0bf5fe
0b0009fe
f616f60a
00f0ff13
f9f80dec
f70319fc
02010ceb
16fb05fa
020af203
070b03f3
0c0503f6
02effafe
0efd01fb
fcee0201
00f9fffc
060b0cfd
0bfefc09
00f5f6fa
f706fb0b
f9ff00f9
0bfef102
fd02fe0e
fb0a0af3
03f5f1f6
faf7fe1b
f7ed0306
0500f6ef
11020a07
fc020401
0e17e803
fc00f7f6
060bf0eb
1106020d
05fd1405
0c08fef2
fcfb00e5
fa03e9ff
fff7eefe
fbf20302
00ff000d
f7e904fd
12f801f5
fbf60705
0ffffef8
f71dfff6
0cf805fb
00ffff11
ec0cf605
0401f7f7
fcf80a04
f000fe00
02030e08
0d0905f9
04f801fc
06050415
f306f602
f9f0fa03
fd03f1fd
06120403
f20e0614
0303faf8
03fafcfe
fcf8fd00
fbfef604
02120bfe
04ec03eb
09fd0e00
10ff04fe
f0ff070f
07f8fd08
04000601
0402fc0a
14000df0
eafefdf2
07fefafa
fbfb071a
0dfdfd03
0c010af8
02fc0a07
01fef302
f8fefbf9
f7f806f4
f4f9edef
f800ec00
faf704f4
19f806fb
f2090d09
f8f9fc05
f8050307
f91201e6
fef3f50f
f90f0008
fd05f9fb
0a04f8ff
fff6f6f7
fdfaf8f5
e7f30800
f218f713
e109f20b
00051900
0a0ef5fd
fb06f4fa
fd0afef9
03fe0500
0efe10fb
eafff910
f603fa11
03fc150b
f6fdfe03
0afd04ff
09f90605
fff8f1f7
f5f8f707
04faf710
f90713fb
f0f90a1f
f50302f3
fffcf805
f5fa0ffb
0904f706
03fefafa
f9080cfc
f10b1113
f8fdef0e
f808ed07
f6fa0af6
faec0002
00fd0009
0001ea13
03f7f70e
09fe0308
05f70105
fafd0300
0d100cf7
f2e9f9fe
02060af7
04fcf602
03090bf5
16ffeb10
faf9f9e4
1006150b
fcfbfdfe
fd0ceff1
f203fa02
faf8f601
0b03fb0e
05f2e6f4
01f90700
fdfe03ef
03fff8f3
fbf90cfe
f1fe0700
12fcf9f8
fdf40500
0a080409
f30e000d
10fd06ef
ff0908ff
0601f004
f50002f4
120007fc
f4fe0505
f716fbff
01f1ff02
f4f100f3
fef30e0e
f30a04ef
f6020cfd
fafb06fe
f2f803fd
08f800fa
0e02f601
0d02f9ee
f5fafaef
fcebf90a
02070301
0a0103f6
f90befff
01feeff0
02f9fb00
1100fbf5
16fffb0c
f8f9f909
fcfb0310
0703fe01
07041108
fceffd05
06f50a03
fdefff09
0af1f3f9
fc07f400
fbfffff8
020907fe
05fbfaf9
0500fc02
ec04ef01
ef0d05fe
04070af8
fc0b00e5
020206fd
06120901
06f4030e
0007fe09
0514f912
07f705fd
ed0b10fc
fbff1602
0cf6e6f7
010703f9
fffd0318
15f10d02
1efefff9
ff11f701
f2080903
09fc13f9
fb041101
ff0006ea
f7f705fc
010407fa
f206f806
040404fd
fe0a01ff
03f9fff4
f7fd00fd
fe02f900
e1f40107
001af3f8
08fcf4f2
0a0b0afd
06fced01
05fa01fa
f8eff7f5
090ef001
10f812fe
09f60301
0410f6fa
fdf4f8f4
0002f603
07f20b08
0e09f002
13fdfcf4
000b000c
fbf709fb
f7fd0114
0bf7fdfe
09fe0109
01faf405
0bfdfaf8
f9f9f4f5
05fdfff5
fafbf70d
0504fef8
ebf70bfe
f40c1007
ef14faf9
08fa01fb
00060304
ecff0003
0bee0401
f3f611fd
0d0bf8ef
00fe01ff
f0f8f707
0d01f503
04f9fd08
fe0f1807
06fd0b03
f0050e07
0400f4f3
fef9f900
150502f8
fdf70403
fdfa0814
0afcf8f9
fff919f5
ecfdef0e
01070fff
06f503ff
02fcff00
00f9fc06
fd00eeff
f204fb00
f00c08dd
010301f9
ff12f9f5
04f8fe01
04fff203
fceff017
17fe0608
1103f6fe
f9fffffa
0405fdf6
08f7050d
17f20007
f40cf5fa
eeeb0100
ff08f3f3
f9130bf5
fbf90a04
fa1203ed
190c0c06
f90a00fc
f90403ff
08f2f6fd
080016f1
02170e02
f9f2f8fb
0506f707
05fb0409
02f90b0d
fc00f900
0503f3fa
0ef0f7f9
ec06f300
0301fbef
0805e8eb
fe0614f7
0800f6f9
f4f41207
0011faff
fdff03f4
140a0c08
01f8fffb
f4faf5f2
09fdf811
17f60703
fdff1406
080cebec
03f7f4fe
0505fc03
f0df0304
f6fd040a
fbf303f5
f0f9fc04
f6e802f9
03fc0304
01f4f901
0115e703
00e9ff06
f6fe0b0d
0405f70c
0b08fc0a
f90e0101
11fef2fd
0907ff04
08fb0b05
00060704
01021404
fefffe0e
fd0bfb07
03f8ff02
fe17f803
0108ecfa
fd10f101
fb09e60a
02f30202
f805fdff
0809fef7
f7fc07fa
fa0ef9f0
120bfb07
fa01ef13
03120d03
f607fffb
02fd0bf7
0003010b
fa0602fd
fdfe0ffb
edfe0a03
fb02f7ef
f9fdfe04
f703fefa
0304f202
0af91105
f4f014f2
020dfbff
0bee02f5
f50208f1
12f4f20d
0ffdf409
00fdf1fc
00f908fd
05fef6e8
07000302
faf1fdf9
01030803
0310ed0a
0500f807
fbfa0c01
fefcf003
f8f8fef7
f5fcf40f
fff900f0
f7ff01f3
f3f8070e
01fdffe9
0b0afefd
00fd00f6
08f7f4f4
01ea17f8
e9070801
eafcf408
100a0f04
fafe0009
f31408fc
011005fe
f3fd00fd
fcfffd0b
0a0ffa0c
fb0b0500
0df6f603
0102ff00
06fd0e0d
f3fefd0f
04f4010a
04f604fd
fd020400
1205f9fb
0e050900
f7011f12
ea0d02fe
0203fff7
fcf60206
05fffaef
fc09ff00
0d0c0016
ebf90303
0d08f8f8
080bf809
02f3fdf6
0f0101fd
0611f102
10fff60e
fef7f8f3
01080706
0eeefa08
effd1504
fdffeafb
0e000500
01060cfd
06000e02
fc0df7e7
0604fefe
05f50dfd
0df80ef3
0af50704
f110f602
f907f907
10f6f8fe
05ff06fc
fc110b04
0000f8f9
03fc05fe
04f50d00
0d120f05
020109fa
11fcf30f
f8fff407
040e11fa
1301eaf3
07f70cfb
0a19fb09
050302ff
f8fcfbf9
0bfa030b
061e0606
08010afd
1f0bf7fc
f804e408
f7fa0400
07f4070e
0dfbfd03
ff0506fb
13f706ed
f5f50408
f8f9f806
01f50e0b
08fcf406
0b0bfd03
0004f6fb
fafd01fb
08fcfd04
e6f70cf5
fc021ef7
edfaf9fb
fe03fffa
05f507f7
f8020a15
f8fefb11
06faf9fb
03ff03f9
f209ff02
fe00ee0e
1804020d
f7ebfdfd
01fbf9f2
05f8f6f5
0df60703
030703ee
fe061b0a
090705f7
02fff7fc
1c18f9f6
07ff02f6
f3070c03
01fefef4
fbfdf7f7
ee060802
f6fc03f4
13fefb07
f303120a
14f80002
f3fc020e
0bfff6fe
f5f71014
11fc1900
02f5faf1
f017ef03
f4fd0806
05000503
ff110413
0bf9f50b
f80c02f6
fbf404fc
fa0206fb
fefdff0d
ea01fc0b
0cf2ed02
fe0efcf3
fe0201f5
05fb00fd
ff11faf4
07f40306
0600f0fb
050e140b
050ef8ff
0815fe0b
ef0cfeed
f002fc0d
f7f70109
020dfdf9
ff1702fb
f7050d03
010306f7
0309eb04
08f10e04
fcf6010e
081301fc
f7fc010f
0c10f308
01ff0ef9
07fa0b00
0afeeef5
08f706fb
f705f7f0
0ffbf7fa
f1f9f1f8
08ff020c
f9f9f908
f5050106
0df1ff12
02f706e8
0cf9040b
08f300f9
01f5fb08
fa1e0efa
fceb0109
030613f1
fd00f108
fb0d11f6
f7fc19eb
fc110a00
faf50d00
f90202fe
ff020516
0900fff7
05fd0213
ffeefa07
fce6f310
070309fb
0702fb07
f816f90f
f8f4f6f1
110cfafe
06f619ff
13071006
01030402
011d010d
fff81a0a
fe0009fc
03f21203
190707fa
0af5f40d
f9fbfc01
04eeff05
0bef0d17
01f0f205
fb12fe01
ff06fefd
01fef0f9
03070c07
0afbfdf2
06ff0616
ea1506ff
0c10fd01
00f607f6
0aed08f3
f5f911fd
110508ee
000e0906
0cf50209
08f50913
fdf50e09
ff030f08
fe0eff0a
060702f0
fcf7fcf0
1008ff0a
fa03fef0
05fe0701
f30cf708
0f05fe0b
020214f1
1203f30d
03ff16ef
131c00f2
0a0de4fe
fdf10cf6
fe10f50e
f6110d06
f2f7fa06
f7030301
00f00103
f510fe09
f6fafd0a
faff0c01
fd0c0afb
07000104
f70f1103
fe0efcfd
12fefef8
03f6051b
01ee0100
07f3f7f9
ea09fe07
f6f702f7
0bee0601
0412fc15
0207fb06
f9ef05f0
fbf505ff
020401f6
0a051200
ff01f90a
100cf906
f4f20014
fb010408
11010807
1401f7f0
0a02fb0a
06f70502
16ff09f8
f8020500
040f03f6
030012fb
f304f6e0
01f7f015
0409ee06
05000211
ef0204f7
0ff5fe0d
f9050ef3
f7f8fb04
f50b04f2
fafb0605
f91b0103
f9fced02
fcfe0919
07060400
fffd10fa
01f8f705
04eaf806
0017f001
0df61310
de16f90b
080e0a0b
fa1108f8
0efb03fa
eefc0cfc
09fdfe05
0a0e030b
0c0902f6
fc04fdfb
fb11f00b
0004fe17
f50001f8
fe14fa05
10f7fa08
0808fd01
f0020ffa
07f60aee
f309eeef
f7f50502
03f70712
0a03edf1
ebf3010b
11eb1efe
fafbff03
0bfbedfa
00ee07f7
070811fe
ff0d071b
edfde8fc
ecfbfc06
fc0bf9f8
0409f40c
f9e7f3fd
f20afc06
12ff1109
f1f500f9
04080400
0501fe11
08f7f40d
ea00f4f2
01ebea04
ee04fe11
fb110fff
1105000d
0b18fd08
010dfbf5
f5f904ff
0fedff01
08f9f7fb
060503f3
fdf9f605
fdfdfbf6
08fe08ee
0b0ff6f5
f4ee03ff
fff9050b
f30afb0d
03fb0aee
02f80106
f60213fb
fd070319
f3f901fa
0bf6fc03
ffee11f9
0af503f1
0af1eb05
f90bfcf9
04f604f9
f20a0ef2
00ee17fe
0103040b
0601f808
06fbe7f7
0e0a0601
07f5f2fb
0013fc00
01eff90b
05000909
08f71005
f7070502
f7fdfbf8
fae407ec
f6fefcf7
ff000103
01040202
0703f707
0001f807
f6f703fc
02ff010b
0f05feea
fdfef7fe
f302f808
feef0c08
06fe0a01
fc0ff2fa
faf4f6f8
f2f80afe
f9fc000c
fb120307
1302fcfc
0bf3fb0c
0cffeff9
01ef06f4
fb050b09
efeaf907
f6ff07fc
f1f9f800
08fef8fc
04f80805
1106fdef
f2fe0105
f005e906
ef020907
04f807fe
0204f3f4
fff9f613
010e1201
0df107fc
01f902f2
021b0efe
fff2f3f3
f20008f5
fdf7f4fd
050efb0e
ff00f507
010e07fb
07f2080f
fafafdfc
f10b0e02
0a0208f4
fc03f312
fc02fb09
02f80809
00040dfe
0905f905
fe06e7fa
1304fa00
edfe06fc
f7fcff03
040af80a
010cfcfe
1907ff0b
01f100f8
0000fb05
020b090c
1008f1fa
0a0dedff
fd01f5fa
fb14f6f8
f9fdf913
fde910fd
fb0116f7
0702fc00
00050d13
fef90305
01fa070b
1a08fefa
f80df6f5
0df50a0b
03f40202
fcf90dfd
13f6feff
0cf2fa04
05fa0010
0b0a00f6
f901040f
f0fb0103
fd0305f4
24ff0c12
0205fc02
f3f10905
01effc0a
fafdfd04
f41002ff
fe04070e
0202f00b
0dffe8e6
15040606
f5f20401
fb03ff01
0c03fff7
0cfef9f8
f4060008
fc01070b
edf7eefe
f8f103e3
0509000a
140c1506
00f3eff9
03fb12ed
0f060401
0903040c
0bf608fa
0af600fb
0a06fbfe
f90af1fa
f804fc01
0500f8fb
04f3eb15
0b05050e
f504120a
f509fcf7
000f0bf3
f80f0501
05120ce9
fa03f6fc
03fdfcf2
ff03f5f9
f4f6fe08
09f1fefb
f3f50109
f607f7f7
03ff0d10
0df4f50f
02010306
fef9fdf8
f2fff60c
08ff0907
0cf70b01
f1fff5f7
0402f9fb
0401f2f4
fef9f802
fb07030c
feff04fe
0b09eeff
0e060408
f104e902
ff02030c
fd03f702
07010719
faf51707
02fceff1
f4fd0000
0f05030d
0204f609
0efa030c
eff4060b
0ff402fc
0af60c08
0ce7f90f
0607f404
100afafe
f601000b
f9fbfbfb
fa000200
0fff07f1
fb08fb0c
0702070c
0f04e6fc
fdfd12fd
fa06080a
f5f60400
0c010bff
f4edfe0f
050b00f0
05fbf7f8
04070bfb
050508fb
0201f800
ff07f5fb
10edf805
eb0901fd
01fffa03
030ff7ff
030bfdfe
06fa01f3
07ef10f8
fcf90118
06eb04f8
f8fef8f6
fc06fe04
e7160b01
fd0b0102
01fa06fc
0eff0604
10060605
0d00e6ed
fd18f9f1
fcfbfb07
fdf01708
05fd16f5
1bfffd14
07f7fbfd
01f9ef0f
0eff07f6
0002f301
0506040d
fff8ff09
f70af4f7
f406f606
0110080a
00f4fdfe
05040801
03ef0bfe
fefc120d
081108fc
fe07f3f6
0af9fdf7
ff02ff0c
fff9fa08
01fc1200
0100fe0a
fd040406
14edf4f0
ff12fef3
fffb0009
f5fd0e11
09fff400
02040a0a
fbf80704
0f0011ff
f3fb0b04
09edefeb
0d0cfbfb
f7fbfd06
0a06fb02
03fdf508
fa1601f1
f9f10a0b
fef8ff01
050ef410
f30df7f2
06eb030f
ff0af9fd
08dc0311
0801ff06
f6fff50b
fd05fafb
fe0b0702
0e04f3fc
ff0a02fc
0eeffcf6
f6fa0bf8
0af7ef05
030c0100
0601df0c
f9030704
fdf6fc00
fa10fffd
f5f0f709
04fbfc08
fffcf603
f7f9f7ef
ef10f7f1
f8fdfc09
05020503
f007f3fe
0f05faff
f3f7fe0d
f4f4f4f3
f2fef712
060013f7
f601fc0b
0d10f5f0
02f6060a
09000306
06fbe806
faf7090b
0201f505
02f00afb
04040dfc
0d01f4f3
fdf4f2f6
fdfa0afb
f4f50300
020905f3
0ef201ee
f105e3fe
00f91202
0e0e06fc
f005fe03
0afd0e05
0df9fcff
0dffdc0b
0bf605ff
02fa1307
01f6fefe
fd13ef0e
f5ee01ff
fd05f506
0519f70a
f506fbf6
02f90006
f9000afb
0412fb04
f60002ff
f9fcf1f8
f209f307
05ff0509
fb0e0402
fcf205f3
0bf20a02
06f0f9fb
11f1030d
fa0cfb0c
fdf3fa01
fff20804
0602fc13
13110501
fe0906fd
02020802
0ff2fc0d
08060208
020a0af4
fcf6f4f2
0ef1f80d
f0f80d02
f0020608
0ef210f2
f5eb01fe
0b000c02
09f5f40f
04fa0505
fdfe0305
03effbef
f704fe02
f805f901
fd0cf70d
ff000603
fbf9f506
e50204ef
ff1700eb
f706fef5
ff04ff02
f502f503
0902eefb
12100402
fbeffbff
ef08faf9
0afef20d
f0140302
0601eef6
0805f700
e3eafbfe
f003fef5
09faf703
0204f7fd
fffdfa06
f5fdf8f7
fb05f7fe
08ed2503
020905fd
f600f8f5
0f06f9fe
00fafc00
fcf80604
f50af7fa
f6eb05ff
f0f1f607
f0fbfe07
fa140409
ff0bf608
fffe0106
0b11e513
f5f7fe04
f1031200
f5fcfffb
fa020209
010209fb
f80409fa
07feee08
070004fc
fcfff0f8
00f901f4
02f50201
f10df60c
030e0cf6
020bfd0a
fc0309f1
f2040f06
01020904
f8f4ff08
f809fc00
08f9fff3
fe06080c
fefdfe08
f9fbf5fd
ecf904f6
08f4fd03
0112fefb
f703020f
f8070802
0818fe0d
f60309f4
10030fff
f40a00f9
f40603f9
01f8f9f6
071dfeea
f907edfd
f9fcfdf4
fbfaf7fc
0f0c0207
f5061b03
10130307
fd00fe02
0d010104
01fa0804
0e02f60a
15060b0a
01f701f9
02f6fe04
100717f5
fa03f91c
0a00f60b
0901fd00
09070a01
14f7f7fc
0d05fbff
0806fc21
010ff908
ec0302f6
04f7f9f2
f6050c13
f8f3ee10
08f213fc
ff0209fd
e9f210f8
0809f90c
fafa07f1
0df90a02
09090901
0708faff
fefefc0a
0206ed00
020b0b16
0501f5fb
f3f714ff
fbf8fc09
f9fe0812
01fdfff7
f3fa0301
12000304
04011a03
0202ff09
f9050600
05f5fe0b
f30f0dfc
0000f607
ef1601f4
f8010ef5
f81402f9
f2fe000c
00051801
03ecfffc
ea0dfaf7
fc040702
02f4e702
f517ee01
010206f7
0001f1fa
01f9090f
fbe8f0f5
0604fef6
f801eff8
030f00f2
08080503
00ee0602
02faf40f
f9081602
fff2fd04
f6f51206
fd0e04f9
faf70800
0af8f306
170812fb
04040304
0502fc02
f407f6f9
fcf4f5f7
f60408ed
fcf00002
f8050511
f809f6fe
f9fbf0fa
0d06fdff
09fffbfa
f0f603fc
fdfe0bf1
fcf7fcff
ec0607fb
1113e611
faed0b07
f6fff405
01ec02f0
0513f9fd
0efefaf8
090d020c
fe0c09f8
0800fff4
fb0af9f7
fdf9f4ef
f8f90803
05e20d05
0d0801fd
f80b0709
02fb0402
01eb06fc
00010ef0
fa03f304
0713f8f6
fb030404
ff0b0901
0f02f500
0a06f4fa
0d070107
04f7effa
fe140503
f50dfdfc
04f60e02
f9020c03
0b0907ed
f50d0a02
eff80102
0ff30003
13fa030d
f5fa11ff
0e021203
0ef3080e
ff151000
f808f400
f9f60f0d
14fa0e03
ec010206
0702020b
fbff0c0a
f2f60416
fffaff06
df080106
f4fff509
e60a0702
ed05faee
fc01ea0a
13fa0ff7
0106fdf4
0d00f8ed
06f40ef9
0b04ef0b
00050d0d
fb0ef215
f8f40000
f4ef08f1
fe00e703
011508fc
f7150908
04eff306
0a0bf4f9
0a02f4ec
fc090404
f3050ef7
f4f3f403
fef4ff08
0403f802
e6e70be7
fa00ff00
0809f3fd
02fb0301
04f5fdfd
00ff0303
030c02f3
0b0af703
02f9fd0c
f201f4fe
fdfe02ea
0d030809
00fd0210
05fa0cfb
f9fb020f
f10308fd
130c0000
fdf8f8f9
0ef804fb
ff05f2f7
0bfaeafc
edecfe04
fd09f1f1
fffd08ef
09f7fc12
f1f1fd02
0506eeeb
fb020312
fdf6ef07
0e0211f6
f3f1050a
03f0f90b
0bff0e02
07e4f7fb
0305edf9
fbfe0805
16f8fd12
0e04040d
f50c08f8
0d0f020a
0501000d
fe0805ff
15ef0203
fc0202ee
fc07fa0a
15000bf5
040df207
0efcf9ef
fcfaf5f7
edfd07ee
050707f6
0b09ff0c
f6001108
080108fa
04000cdf
15080007
0a02130b
f80cf8fe
08f2f807
f7fff200
fffff606
05fb05f4
fe08f0fe
fafafb00
050bf903
f303f3f0
f700fa14
10fe0dfd
fdf8fc0a
050208ee
f8020b03
0001f905
fbf004fb
08ff06fe
080bf700
f312f7f0
04fde9f1
f20900fd
0303fa0b
01fb18ef
fef40306
f7f90905
0afef5fe
fc080018
0b05fd15
fa0504fb
ff0e06e8
fd08f8f4
f6fefdff
13f9fb05
fdfa1902
f7fefafe
0b0c0300
0904f9f8
040ef9ff
00fd03fc
0b060906
0501fdeb
f308fafc
04feee08
0303f0ef
1408f505
fffb0d0b
f90900fd
0c0101fb
fbf9f4ff
0a040808
28f7fbfa
031af7f9
00fefefd
03f8f9f8
f8f2f8f9
0f0001f1
f606f7fb
f90cee12
0a0cfaff
fff0110b
09000205
10fe06fa
fffe0006
e50af507
05f50206
fd0b0209
fafe0207
f9050a0d
010df30b
0f0af609
0c010b03
fd0305f2
02edf7f6
f7030604
f60c060b
fcf608ff
fa010107
f70405fa
09f9f4ef
f6fa03f0
f80f0909
00f5f405
0b01f806
f8f50710
f802fa04
ff1610ff
f7fc07fd
f3ff0204
060bfcfe
f2fcf4f9
01000405
f9fc08fa
0b080bf7
0111f700
04fbff10
f6030119
10080102
08f3f703
090af9f8
ef0215f9
16f80101
feeff916
07faf805
00fefd09
06f7f709
f7fb1508
02f7fefe
fbf210fd
eff0fc11
fa0aef04
0814ed0d
05fe07f9
f10cfd12
f7fb10fe
100402f9
fffc0d08
fc0209f7
f9fcfc05
0bfe0af7
0afb0913
0dfff0fc
090505fc
1109fdf6
f4feeff3
0afb06ed
f8eb05ff
faf80004
070011f1
fd0a0efa
0403faf9
05f8090a
f7f908fc
fafdfb11
fe0c0efa
f40502fe
fb06ff08
f6eefcea
ff05fbf6
f905fcf7
0b11ef00
07ff0309
03fefd0c
f506f30d
fe040a07
0b03f4fc
f0000cff
fcfb05fe
0309f810
00f90109
fefffd02
0a09fdfa
f80dff0a
071703fd
fa020013
0df4f510
00081013
0909fbf6
f4f0eff5
020cf6f4
fcfb0e0b
ecfbfe02
fff80ff7
18ea01ec
08020efd
f80608f4
fa07000c
01080f12
f6f1f60a
090afbf3
01fb0307
01fdf904
f4fe0aff
fafafcf6
eaff16ff
050a04fe
fcf3ea05
0909ef02
f10805f7
050cfe03
000501ff
00ec08f6
fc09fbf1
fefc0605
fa0109f7
f7ff1006
ff07fb0c
f50bf80b
f900070b
0c05f4fb
fef1f7fd
0204f3ff
f40cfefe
0aeef203
00fe09fc
f1050c0b
f5ec02ef
fa07f605
fdfe080b
0504fa02
e70303f2
11ff03f5
fbf701fe
0101f4fd
fe01fd01
00fffc05
f900f9fa
100a0117
05f6fc06
0906f20c
01fe0fe9
01fcf20b
f9030a01
02f70004
e5080004
050102f4
f2fa0506
edfdf8f9
f5170f12
060bf604
06fef204
0202ff0a
ec05f706
0efcf3f1
0afaf7ff
fbde0009
fffd04ee
f900070a
f8fffa06
17060304
06020106
03fffa0b
f7f904f6
ecf205f3
21fe0508
f8050a0a
0204f811
f80601ff
fff7fc0c
0f0af604
03fefafb
0000ee00
0400f6fc
fe0406ff
fd0d0dfa
e40906fd
06f6e907
0402f9f4
01fd0403
0e0aeffa
0afafa00
04faf0f1
f7fe1001
e0fefa15
feed0204
05fdf80b
f7ff1006
faf8f701
feedf102
0b00fc04
fffa0c02
f7f6feff
07f002fe
01f5f9ef
05090bfd
fa07fbfd
fe0d05fb
0502090c
070800f7
0204020a
f9040cfb
fdfd0dfa
00fefdfe
f9fc0307
fe04f500
fa0fff0c
0504fcf5
03030805
fafc0012
fd01e707
f10a060e
03fff406
0b1301ff
fb07fffb
08fdfd01
f4ff0208
0b04f611
0303f80c
070d00f4
ff05fffc
f2fef806
f1fafcf6
f702fa07
f7fa0203
f50a0a06
01fbfafc
070b03f4
0a030b06
08080b0b
0df7e3fb
eef51a06
faf20204
f8fe07fd
f4f401fe
1706fdfd
0e0805ff
fdf5f2f5
fcfbf00d
f5e5f817
001205fd
0500fd0b
19fdfe06
f7f80104
06ff0800
15060ce8
fffa17fe
07060003
10fe0bfe
ee10f709
03fd08f0
fb09f713
fef906f5
0c03f703
faf405f9
08140000
030b06ed
1506f903
f11a0214
f50209ff
061205f9
fbf2fefb
03050c05
02fff0f0
fdf20502
0416f9fe
140af1fd
19f8fc01
01e40002
f0ed000a
0f04f906
1b0afff5
090c01fb
08f114fa
0efdf404
f104030b
080e0605
fb00080c
f2edef0a
fcec070d
fffffc10
fffdfe06
08080c09
01fe0602
fe03fcf8
faff0b06
0605fd0a
09fcee09
0efbee0f
0df0fd09
07f9fd01
f0f703fa
04efe6ef
090afb00
04020dfb
1409f6ff
05f605fa
eb02ff03
f90005ff
060116ea
f50402ff
1919ff0c
1a0605f5
02fefefd
fd0608fe
fcfffbf2
f40210ed
f20806fd
0e06fc17
faf108f6
f5f9fbef
f10a1e11
fc00fe19
0301f2fa
05fc0b1a
f5f604f5
f1fef40a
06f208fc
f6f61000
09fff9fb
00050afd
ff00f703
030501f4
00f9f801
0703f20b
0001fe06
f5f8f9f6
ecf703f5
04fc0df4
1302f900
fbf800f4
fa090cf1
fbf7fce5
f3eff3fd
05fafdfb
0c1cf9f7
f40efd03
17fc000c
f4040100
09f0f7f6
02f90efa
030400f4
090f0802
02f809f9
e80bf20a
0918fefe
01f9fef0
090d01fd
f10806ff
f70906fe
f6fc1ff1
fe000004
fd02fff6
0003fd08
f00901f8
f8fc02f4
fe0afdf4
05edf616
0d00ee09
fc0e08f9
f40afa0c
0cf610ed
f9f8f906
f7040c04
fffcfefe
f90bfef6
04fa0d0a
fefe0401
12030304
f9191208
ff07090b
06f2f1f6
fbf6f80a
0cf41213
01f11008
030605f1
06fcfaee
fafa0709
fa00f505
f7f60404
070702fa
020205ff
f703090a
02fa15f9
09f1f5e9
f0effdff
02f3fa04
0bfdf8eb
fdf80500
0af7f00d
f5020a07
0201fb05
071905fd
f603f7ff
e705f4ef
0bf50510
f40b04f9
fe07ee07
f81b13fe
fe130502
ff05fd00
06ebfcf0
fdf2f602
110cf6f9
f71122fe
02ef03fb
f9ef0205
f3f7fbfa
14eb0503
05fcf4f3
04f709fb
faeffdff
00f20305
faf20302
0b04ec08
111711fa
f80fffff
fff4fcf5
04030ce6
fef911fe
fcf8f601
12ff0804
03fb17f8
051107fd
f6080101
04f708fd
0615f802
08ff1202
fef9f607
e917ef11
f1f6f914
f901fb0d
ff1308fb
e707fff6
07edfd03
fe07ec04
f70bfaf8
f7f60af2
fdf50bfe
fc030dfe
f103fcff
fb02f4fa
0c010dea
fe040219
f70af604
03fceeff
09f2fffa
0501fdfd
06f6020a
0204030c
1703fb0e
fafaf102
eb000600
06070504
05f3fef5
f805f0fa
0a1bfdfc
fc061015
f8ffec0a
080b0a09
fcf10202
fd040b04
07fe08ee
e1fffa14
05fa0106
ee0e06fe
f7050702
eaf10a11
ee0909fd
060d1909
fefe0825
f60e0203
05fa0efa
f01906f8
fd07edfd
fb12f600
f108f1f8
f8fc0604
f500eaef
faf40805
1206f608
ff06061b
06f403fb
f900050b
0109fc04
01fc03f4
f80f01f4
0513feff
06ecff00
0bfefcfc
fafa0ff7
0b2105eb
f906f1f4
0408fae9
ff07f30d
070a00fe
04f8f100
ef0afd02
f1020103
02fbf9fc
05080a00
0f0102fa
0afffc01
ef03ff03
0ffb0ceb
f8040708
0408050c
01fff008
f8fef004
fa1900f2
f6f804fb
f01406f6
f9070309
0804fe05
f6f00b0f
ff0afbfd
00fb140e
170ff90a
00f70903
fef10504
fbfef605
0e07ff00
01ecfdf5
f907f505
f6f91411
0504f702
ffebfcfe
05f21102
0d05f8fe
f2eff60c
fffb08ff
0afd1005
02fa10f6
050803f8
fafb0afc
07ef05f9
04f60cf8
040bf606
fc08f7fc
10fd0200
06f5f1fe
10081109
0ee8f9fa
f903f510
f6030afb
f61afafd
f204fef7
fb07020a
f8fcfd03
fbff1405
ece80af6
030ff9f2
f7f300f6
08010b09
110600fc
0ff706ff
f6020801
fbe301fb
0105fefc
08f20afc
0dfd11fa
fd05fa00
1ae8faf6
00f80bfa
0704eefd
fcf401ff
f5110bfd
f8f3e1fe
10120301
fa130506
fdfbf108
06020301
0eff0e03
12f6040f
f006f0f1
f801fdfd
090cff00
06f809fe
17f7fef9
0200f901
fa01fd00
ff0b1105
ecfd01fe
0b0307f4
f6fe09f9
eef60bfe
f2f90610
0dfd0c0e
070705fc
f51605fd
09f6f5ea
f2f204ff
0213fff7
03fcfe04
fbeef504
09fffffe
f810f2fa
0108fdfa
f803040b
0411fffa
0ffefdfe
f80d01f4
fd050d09
f5f3ee0b
0c0809f1
f4fa0d09
fe080101
00f9f6f9
10faf8f5
0304f7f6
0c0f09f7
00130304
0efb0c13
f50407f7
0602ff0e
04080d02
05070b0c
09fcff04
060204ee
09eff604
f8f4ee11
0711f7fb
f9fbe8f4
e90800ef
060201f8
05f71812
06020702
04fef90c
fa090d07
03030efe
0a08f700
04f302f8
08fd05f3
f9fffb01
f5fcfcfa
040905fe
faf7ffff
030af5f9
fef60a03
f3ff01fa
03010001
0111f2fc
eb04040a
0afc07f4
effb03ed
010e0afc
f2ff02fa
0903f9fc
02110bf3
0402ff04
03f9fbfe
f7f70cf8
f3fcfe00
0c03050d
03fc0709
faf2fafe
1401fbf5
eb0311f3
03fb0800
0debf90c
ff02ff0c
02070ffc
fff4fe04
06fefbf8
f40a02f8
f2fefef7
edfdec01
0b0bf3ef
fdf1f0ff
ea070af0
ff0909f8
030e1005
f702fa01
03f40efb
0203eaf4
f20af5fe
0bff0609
05fe0610
f8f4f507
0dfd08f9
f9fc04fa
0004f9fc
fa04f6fb
f700fff5
f8080cfc
fc03f8f1
19f1fff0
00020e02
070c0203
0dfbebff
0505f9fe
05ef0002
f706f602
fafdf2f4
f903170e
fbfef40a
01f6fcfe
0b0bf7fd
f5020405
0bf8f1ff
fd1006ee
0509fc07
ee070ef8
fce91d0c
03f0fd01
f402f503
fc01fbfd
1af4faf8
02f201ef
0a00ea04
0400fbfd
fd0cfcff
0805fc00
0affff0b
05fb06eb
f704e603
ff0000f1
070406f4
fb0a1106
0707f504
f7f9f1ff
fdfbf2f3
f9f8090d
edfefb07
0308070a
f1fd00fd
fcf5f20c
f80df6fa
f7f7fcf1
fbfbfdf8
f711f7f5
02fe0306
04fb0707
010000ff
f7fdfbff
ff0805fd
fe070cff
02fb17f8
fa1bfbf4
01fc0af7
0bf6f4fb
00ff0701
03f9ff00
03fc0908
eaf703f7
faf41108
f5f00cf7
0d02f407
f419fff7
fc0cf600
0cf6f303
fe040903
fb08f803
f3f8f4ff
f4070b08
01060f04
05060e13
031200f7
f8fc0414
faf5f509
f803f9fb
fd0604f4
0dfdf7e4
f2fbe7f8
fefe0efa
0b00f6fa
01f502ff
06f10509
fa060806
f80df90d
ef11f7f5
030909fc
000e0309
e706e50f
f4f703f2
f2f8fef1
0003f108
0803f9fd
020d060a
0bfd10f1
f8fa11ee
ff09f4fd
fbfe13fb
0300f402
f8ff0af7
f4ff06f8
fc001606
01f5fe05
000c01fe
090407ff
fe12f4ff
f708fbf8
f4000301
fe13fc04
ef0f0307
f9070103
fb02f8f4
f0020dfb
04080104
04f10cfe
fd02fd03
02f7f90d
170002f7
fbf90400
1cfa01fb
10f60210
fdfcf4fd
0704ff03
09fbf600
0dfcfcef
05fcfe02
f904ff0b
00fa0502
fe06f1fb
0100ff04
fefdfbf6
0eed0300
fa05fcff
fff7040c
f7f70afd
01ecfc13
f6f7fd13
fff7100b
080603f6
09f7f302
fefbfef0
fdf20207
0ff10200
edfd0506
0f0e0a08
00f70000
fc081cfe
00fdfe01
fefcf0fc
fe07fff9
0404f8ef
f8f6f403
09fdff03
f5f4fa11
fdfafbf6
090ef100
f6100a02
fcfff606
1000f600
feef11fa
ffeff3f3
e2ec0cea
f7e4fdec
0e000b05
0bfc0107
00f7f7f7
fff513f8
0d02f20c
fb080a05
fc07f5f7
fcf8fbfb
01110bee
07fc07fd
04fef202
050403fc
10f404f9
02faff15
fcf509f7
ebf604ff
f602f3f5
fff71103
0118faf4
0002f2f8
09fd0905
fa0d17ec
f1fef403
04fcfffb
0cf5fd04
fd0efc02
f8f80d14
fdf404f6
1104fc06
05f90003
faf802fe
eafdfafd
ef07fafd
02f8080c
f6f108f7
f1fafdfa
fcf6f5f2
14fcf601
0a0205fa
1df3fc08
fdf7f61c
f2f90df7
06faf4f8
fefc0a06
f70b06f6
f71909ff
00e1f1fe
fc101801
f81719f7
ef13fc02
0eff05f1
fc020bf5
1afafcfa
06ff07fe
0800020d
0bf9f90c
05090015
fb07fb08
06100803
fc110201
0f0103f7
0efb0e0a
eeebf10e
ecfaf7f7
0c08fc02
0b0114e5
f70a050b
fd020afb
07fbf8f0
fbe40bfc
e8f7f70a
fa14f807
07ff0407
f209010f
0ef5f6f6
09eff500
000209fe
0600f8fd
04240007
040f0403
fbfdeef8
0cfd03f9
01f902f5
fff40209
f4f6ffff
030efdfa
fa00f800
05fb04ff
0bfa0dfd
f90bf8f8
f7fffe0d
fe0313f7
fb09080e
f40403f4
0ff8faef
f6eb00f1
00fb04fb
f7f20002
09f9fc0b
f60005ff
12f801f9
f8f6ef00
fcfc06f3
0eff0afb
09f30eec
ff100307
0602edff
060cf601
fefb07fb
fc04fc15
07f41402
0d03f6fe
0aff1801
03fffffc
fd0308f9
0905fce8
fb07fef7
ff020000
19010f0b
0302ee0d
fc01fd11
fbfb0c08
f9fb0b10
14fffaf1
00f10afd
06ed0bf9
f6fa09e9
05040ffc
00f0f301
07fdf9f3
ed0f00ff
0509fcff
001306fd
0f00f4fe
08f003eb
0202fff8
faf40308
02f9e20b
08f6f414
09f40308
ff01030f
f6f90506
03f2fd0b
01f70104
01060403
0208f2ff
f315f40e
f5fcfcf4
08f910fc
f0fbfafc
f8fb01fe
05f3f0ff
f50005f3
0802fbfc
fce906fb
04120bfc
ff0200f1
1102f20a
f8070df0
030d00fd
020cff08
f800f6f8
f80a04f2
11f604fb
f3e6f606
051410f8
0400f113
080cf7fe
f6f6faf7
effa02fd
fd00ef04
1202040c
f710fe07
00f2f3ea
0e05fb00
f310010d
fe13fc00
09020e00
05effff0
07fe0304
0b0bf7f4
03050702
020417e6
10f3f1f5
fdf902f4
06f4ffef
08080ff3
05070108
f30d0b09
070e0313
0b0ff403
000304f4
ff0e00fd
06f8fdff
f701fbf8
03ff11fa
df130605
f808f6f6
0703fb06
10fa02fe
06fe100a
fdfe0f05
ffe70707
f60005f9
f20a0aed
f508f7ff
090600fb
190cfefc
f8090702
030103fc
0bec05fe
fef702fe
fffb120f
0dfe030a
01eb1107
fff309f8
fe0df5f8
06fcfd04
f603fff9
f9fe0202
fcfcfbff
0ef70403
f0f3fa01
00f5f306
020f1206
040bf302
fc0c0403
f90aed14
0003f808
0df70b11
f5f9f700
ffff0bfb
020500fa
fcfa03f8
fbf90715
0e1501fc
fb130605
f6fc0906
fd0003f5
0af606f4
0efafaf1
fffbf4fc
fe030e0e
fffa04f2
07f4fd0c
00f0ebfa
fe040304
fa010cf9
ee0df403
fc00fb03
0bfff7ef
0b15f80d
07f501fc
fe08e302
f907edf6
0400f1f5
f40af7f8
0204fe00
fe041811
09fff003
f40806f7
fdf20010
05fcfbeb
fbf61115
0501f500
f9fa04fa
f6f800f8
f803eef8
010bff05
ecfdf912
0703eaef
06fefff0
f70cfdfd
f30006fb
0ffb020b
fb00fff4
0303fc06
02f9f50b
08f91016
0205ff0c
0a0206fd
f00318fc
fcfa02fc
04f112f9
fdf70d05
f5e7f2f5
fa0bfa00
1100f605
070e0bfe
0a080501
0b02f80c
fff415fc
fefd07f6
fdfbf6fd
02010600
fd05fffe
0feaf1fc
0ff70401
f90ef60a
0af9f7f2
fb150a08
f303faf0
05f80602
ffff0900
0309fa04
04fa0efa
ef0df907
fdfc04fa
00fbfff5
19111300
fdeffbe9
f807fc08
041500ff
08f8f4e8
f9f7effc
fbfdf700
fdfef0f3
0ef8fc02
eaf5fe0d
e41101ef
04f8fa02
000808fc
f10103fc
0409fc03
02f4f6f2
01fc06f8
fa03eff5
f014f9ed
09f30dfa
f7ff0aff
09f90d0e
fdfcf50c
0af7f9fb
06110e03
08030800
ef0ceb08
fdf6ec07
0e01f50d
f60902f1
05f80af7
f10ae80d
f8f7fff3
f7140014
0a040305
00ee06f8
f5ff08f9
04f90003
e1fdfcfd
050a0d0a
0809f0f4
fc0002fb
ef0c03fa
fdfc05f9
061cfcef
f7f2edf6
eef503ff
fb0af205
05fb04f0
f100fcff
080afc14
13060703
0705f80c
0106fffd
0c020105
ecf8fd07
fe18120e
fdfc00f6
06000813
f50b00f6
01020104
f8f80409
fdf6e6fa
0801fffb
f208f301
f3f7fdfe
f6070b04
fef7f506
f8fedf10
00ffff07
07fafcfa
020906f6
f900fdf9
f9fdf50e
02f304f8
eefef9e7
f0f6f307
01feff0d
fc12eb08
030512fc
05f7e500
0b000f05
ff0cfa05
f1080e00
0dfcfdf9
fa000302
0c0804fd
0503fe09
06ef0216
06fbf1fe
080308ff
07010109
fcff070d
f2f1fe10
11f7fde9
0cfd0ceb
08f018e9
f203f7f6
170ef703
0a1303fd
f9140108
10fe0518
fe02f5f1
0501fa02
1805fff3
f2050de7
05f5fc08
fd09fd00
000ff7fc
f80a0010
f002f0fa
fffefe04
080601fd
0afffff4
02070005
fc080df3
040311f9
f5f3f40b
09fe14fd
fbf40b0d
eff5f700
0bfb0f02
fb01fafc
0d020505
0611010d
09190601
0d1906e9
03fff906
faf8fcf4
fdff0d00
04f8f5f5
0bff080b
f4f6fef7
fb0a07fd
f5f7ff07
14f30709
0df7f5ff
f7fdfb10
01040d1a
07f90705
090b11fc
f5fa180e
0b050002
0bfcf809
09f80005
02f1fdf1
f9f1f9f2
0008f10b
fff5ee00
02040df6
fdfdf308
f40cf5f8
060dfdec
06fd1a14
07fe1508
01f5f2ea
ec0af1f1
fc0ff506
0915fefb
fe0702f0
ee02eb0d
ff010400
fa13e90a
02f3f7fb
03060f07
0eff020b
071311ff
f2f207f9
0104fcfd
fff7f01a
0af7f90b
ee050ef9
fef5f8f1
0c0607f9
f6ff00eb
fbf902f4
fffd0c08
0ffd05f3
ffff0b02
f6f802fd
e8fe0104
000bfe16
020b08f6
f5010908
0e09eb0f
0803f902
090ffd00
06fcf307
f212f503
180c09f6
0001060b
f1f5f802
22fcfe07
12010c02
fd0901f2
010efb17
f6f3fe04
02f804ff
fb21e6fb
06fa0202
0d1bfc06
fe01e9f6
06f9fcfc
f9fa0504
1dfc0105
0e09faec
1bf000f8
f9f3fee5
1009f9e9
f9150af6
fe09020d
07ea04f6
ff080808
00fb0c09
0200f408
100805f3
ebfdfc05
fa081308
f8e701fa
06fce1f7
f7fe04f4
14f9f208
05fe070c
fcf30102
faf401f2
fe0b0108
0400f709
edee0c05
08050bfc
0d01f609
fef9fcff
0612ff0a
f6fff810
fcff05f8
02f403eb
fe0df5fe
f904040a
0104f5f9
f308ed1a
fd02fdf6
0ffdfe0c
02ff04fa
120b03f8
060def04
ff011301
10030ef5
0204dff9
0603fcee
0505fcfb
f4f80415
f9fe0707
06ebfefc
01fcfc01
01fffd01
f61307fd
0206f60b
11ecf3f4
fd13fb0d
f007fe08
f9fafefb
00f3f913
1de20704
0b0af2fd
0af1f70e
010ef70a
070dfd0c
fc13f0ed
0c031108
0e00010b
f6f0ff03
1105f804
00fbfffc
fb090a02
0c0feff3
08effcff
fdf6fcfc
f5f4f5f8
010208fd
0802fcfd
00030715
f901f6f1
ff0de9fd
fbfe0d0b
0902f8f5
feedfc0b
fd020ff5
fdf408ff
f7effd01
f8f1f80d
01f1f1fb
e802f6ea
ff0112fc
03fb14fa
030000fe
03fff607
fcedf0fd
fd11fc01
0807fe06
0ffefa15
04fdf806
f800f2f7
07eff6f1
06fd19fb
0d04fc0e
fd08ecf6
00fcfa04
fe040cfa
0b0201fd
f612040e
f6f4fc02
fa04fc0f
fa060812
040106fa
f00a00f5
fa07ff08
fcfff904
ff0af5f8
f0080cf7
f1fced05
1205f803
f80dfcf2
00fe0307
05fffbf5
0eff04fb
04fafc06
fd0207f5
fafe090f
120604fe
1603fcf9
fc0b01fb
01f7fd0d
090b03fa
0af70603
f9fef61a
0916fbfe
02f100ff
f502ff04
0b0702f8
06fdf6fa
0ff8fdfc
060c0dfb
f9eff20b
060f1500
fd020af6
f2fafdfa
f2f9eefc
0106fc0f
1ffc08fe
efd80005
faf7fefd
fe02f511
05ee0907
ff09f804
fe09f107
10010200
ff02f5fe
f9f0fb02
070007fd
0601f10d
ff06f2f6
02f00504
ff10fdf4
03fd0607
edfbf1f7
0819f607
fb00fe0d
ff0bea12
ff100ff3
130aff09
f5fefcf7
08ee0ef8
02ffedf9
000e06f6
0b0bf3f4
0cfaf9fe
0514fa00
fffd0bfb
0407f601
120cfd04
fffa06fb
0a1201f6
f408030a
18f6fc05
07fe0def
0dfdfd00
12fb05ff
ffebfb07
f2fc000d
fe030715
1afc0407
0603ef0b
f901f2fb
0b0b03ef
080df5f3
f1f11303
fffef704
01ff05fa
f60f0901
000b080a
15080a02
03fdfc03
0606fdf6
190c0c08
ff09090e
04eb0305
0e0d080b
f4000df9
e405fcf8
05020103
060a07f5
f906f50d
0900f4f8
fa0aeefa
faf20c02
fcfb13ec
f7f7f809
0901fafe
0d040113
01f3f106
f900fae9
ff07fd04
f905f2ff
00fb1a07
ff1001f7
fdfef0f8
090dfeff
0200ff02
00f2ff00
eefb010d
f5f908fa
f200f00b
f60c00f6
0908fbed
0009fafc
f20606f3
06fffc03
050afff8
14f70d03
f30d100d
01080e09
f0fff407
0efd0d05
01f2f0fe
f3f7000e
0beefe13
f9090b07
fc040b0b
04050009
0112faff
f6f6fa0c
ffe8040a
06f3fa0a
f70cf100
0f050e08
0001f5fe
f6f30409
ff00ef02
140904f3
fcff0104
1014fcf1
0003fcf2
0913f2e8
080a0012
fefcf4f6
05fffd00
010a0809
f200fe06
03f90608
fff70006
f9111a04
f90500f0
f7fffd0e
f8080be9
fffd03fc
15f5f8ff
f500fbfe
01040801
f5fbf10e
fbf8f909
f8fd090d
fcf6fd07
fcf610fb
00fcf6f6
fb05f011
07fbf007
e8f400f1
fdf3f2f5
06f6eef3
10fc0af3
000a0402
f609fcf5
00fb0703
fb01f9f5
f2fdf504
07fcfb14
fafa0fee
0202fd13
f703f501
fb060111
fc01f0f1
f9f0fff7
060b03fa
14f80501
f8f205fc
f9f81bff
080cfc02
edfaeb0b
fd03fef7
0902fb08
fc06090c
f2f2f605
0afbf6fa
140119f9
07f6fcf9
13f8f3fa
ff0bfdfa
0e050ef7
0af4fdf5
f2fc0411
fdfff316
f602060a
0a0d0ffc
f701f70b
190606fd
020b07ff
0f05ecf8
0ee6fa08
e9faf2f2
fe000607
fe05f7f7
05f6000b
0d0ffdfc
faf10bfb
02f00211
01fa02f4
0605eff7
f6f8f7f8
fd10e8fc
fffcfffe
f4fa02f8
0bfd0d0c
050cf104
f9021007
fefefa00
f7150807
0702090a
000a0d07
fff7ff0f
ed05fcf6
0110ff01
030400ef
0f030e04
fcf6fff9
09fe04f7
fefbfa03
f205fb0a
fdf70412
000b0f00
f6ffff01
05f6edfe
f6f10e0b
00fc0309
0607f405
02f9fd01
0506fff9
fafefffe
fcf3f404
f5fce808
0bf9f303
e9f3fdf9
f8fa04fa
0efefe04
1106020c
0908f7fd
00fa0aff
faf4f3fe
ff02fbfd
fc0400f5
f808fa02
0cfb0b02
03fb0303
faf50408
1002f101
fc09fbff
01fd13fb
fbeff2fc
fe0409f8
f0f607ff
fdf606fb
0d0ffd13
06f6de08
05faf7fc
0bef070f
05fffa08
00f4fa0c
0a030014
07f602ff
fdf7100a
f3fef8f5
f9fcf908
f80d1d1b
f402fdf7
f90bfa07
f2fc03ef
fd000702
05fe0404
f603f7f8
fff41200
04f5f101
08ff0a13
05f81702
0601f0f9
0b0500ff
ef020a00
e5fff4f9
fdfe0003
ecf5fdfd
01f30b0c
fffeff09
0d010ff7
1104fcf3
f2f8f107
130af9ff
0bfa0e08
06f60405
fbfc0006
fa02fa03
0aef10f5
fef903fb
ee09ea00
f71cfbff
0eec0efc
03f9feff
000bf3fb
fdf3eb04
f7ef0cfd
ff06fb0c
f90f060e
05f40b01
f9fa0402
0210fdff
04fa06f8
03ff08fa
fb0d0400
f801f4fb
05fb03fd
080bfe0d
030a08f1
0205f4f7
0512ff07
f4050a0a
09f90401
05020807
08fdfffe
fe02fd03
f811ecfe
fcfb0302
09f307fe
09f10c0d
01ed01fe
f608fe03
03fa1807
01ff0209
fef6effe
fbff0803
05e0fc12
08f3020e
f5070818
010a0000
f106f3fa
0d16f5f7
fdf4fff3
fa01f701
0b030b01
ff010716
eafcf611
0bfff607
fc050d14
fefdfafe
06000607
000ffbfb
0afafcf1
0ffe0304
0d03f107
07f5fffd
fef5faff
f5f5ff01
0d050afd
fc0810f7
f50b05f6
050e0606
f9f5f009
02f50207
f20005e8
0900f603
f8120c03
0c03f902
f103f801
fcfefb04
07fe13ff
02fde4fc
0afaf803
f5f0ff12
f5fcf6fe
f2170206
f1090404
f8f8f70a
0a00f80f
041305f5
0bfdf5f6
01feef01
130d0302
01ff01f2
f9050eff
0bfb0af7
0bfd02f4
04fdeefc
020b0408
0907f4f9
05f70d13
f2ff03f7
f1050503
03030c10
f3f90cf9
fcfaed05
fde500f7
f50303f4
f20401f8
09fd0402
f9faf7ef
02f8f5f7
f307fa01
170e10fe
01ff1001
04020911
02f90b0b
f801f4fe
0109f4f9
f6eb03ff
00fe04fd
0a03f6f0
04030605
f6f406f8
08040e13
10f9fb00
f60ff5f9
fefffbf9
1d0803f3
03f00706
0d06f501
06fd06f0
0dfefc00
f9f309ff
06f4f6fa
0e0714f1
f40ffe00
fa08fefa
0e09f4fb
0ff80ef0
fbfafbf6
fe06f6f7
f7f008fa
f809fdf9
03fcfdfe
02f8f2f7
05f4f903
1101f4fc
f9fdfe09
fff92204
0816f50c
0e0012f5
fafe0400
06fb0803
f9f4f4fe
041b06f9
03f6ff01
f30efc00
f1120ffb
10fdfa00
04f5fb00
ef02000f
f5f901f8
0a07fa0c
18160206
0f0b12f0
fc01f1fb
fdf602f9
fd0902f5
09f803fc
f408f718
fe02f5fb
11effb02
f8fef604
fd06070f
0af5040b
ffed0604
01f9fa0d
fb0ef8fb
14fd0905
050b041e
16f5f804
08030601
f8fb0c03
fd00f4f3
0aeffbeb
fcf3f601
ff0104ed
070316e2
f007f6f2
0a030702
04ff01fd
0005fe06
01fffcfa
0cf8f8f9
fcfd03ff
fafdfd02
071414fa
f5f90102
000709f9
f6fa0901
fcf2f407
010a1001
031105fc
f803fc08
0a00060e
0209f2fa
fff902fc
fbfb01f8
15fa0206
f5e70012
05fff603
f7f304f3
120eeeff
fff9f4fb
f9ee11fb
f301f6fe
0ffef900
0af6fe0a
fffa08f7
fcfb0d12
ee0af60b
10140afc
010306fe
22f70c0a
e2fb030d
10f7f904
10f7fbff
eaeff4fe
fafa0a12
fd1bf213
fdfe0004
f3f7effd
02f706fa
00010100
fb030a0e
05f50205
f902fbf4
0204feff
0701fd03
0f060400
11040c1a
feedfef8
f90504ee
08fa09f4
fdfc02ff
150b02f3
fefef003
0604fc00
fafbed0a
fa05effe
0504130e
ff0a0ff9
03f501fb
050a0203
0ffdfa04
f4fa11fd
0104fe0c
04000506
0101f9fe
f20103f0
fb07f7fe
0f00fe0b
050806f8
14090a02
02070d19
0d010805
fbfefd00
10fc0af8
06faf70c
fcfcfd03
f30f0302
0c0bff07
f8fcefef
01d2000e
080df309
fa100afd
fe03f8f0
fbfbf701
0504fa14
0e01040b
00e1faff
020a0d0d
07f8fcf4
09f2fcfb
12f9f608
04fd10fa
13fffa02
0005fef7
05010903
05fef3ff
f8ecfe02
0901fe06
f902fd09
05f9f90e
f9000000
08fc09f5
01110403
0901f901
f6f4090d
01f3f8fc
0911fd17
04f70d02
f4ff03fe
f4000f0a
f5f2edf7
06ff0d04
ff0603f8
0403ee16
ec03ef0a
07020709
0dfafb05
0308ec09
fe130f16
0a0300fc
0ffa09fa
0ff604fb
02f4f60b
f700eef8
fbf51800
0f030d0e
10fd0805
0a0609f9
1005f9fe
fef816f4
fcf5f601
ff02f600
f80706ec
07fb08f6
f400060a
f1fc0102
ff00f402
01020e05
ef00f4fa
f900eff8
fb08fc04
f706f6f7
f4f90c07
fdfe0af9
0109fee8
f7fc0411
00030803
ff0f05f3
faf7f9f6
f00cfa0d
03f60bfe
fbf90007
f90e0a02
0afe08f6
0d15f804
0c08fd04
fa0704f9
000e04fc
02f90ef1
07f5ea07
fa09eff3
f10011f8
06fff7f6
1105f806
fef2f515
fffa0d17
f90500f3
06170a05
0702eafd
05f5fde5
fafe03f3
06050a03
f100f2ff
0812e7fa
f0fa0607
01fd06fa
fdef0f05
12ff0bfc
020007f7
07fef0f5
fefb0e06
0af70403
0ae807f8
00010123
fa150100
13080306
fafa040f
01f4f511
02ff00fa
0b04f9fe
12f6f809
fcf7fdef
fbf8f5ec
fa0b110c
020df7f7
081408fc
f60febfe
000302ee
0903ff00
f6000807
06f40103
04f10d0a
09ff0cfe
fcfc0605
000b0510
f6f10604
fd0b02f6
120af8fa
f8fce90a
f60306f6
02ff060b
02fffdff
000ef9ec
f108f80a
01f2030c
01f50604
f0f6fe00
0b0a06f4
01001002
02f601fc
fd080dff
f8f9ee00
faf00904
fff5fb10
0af5fced
06fd1103
fc13fe11
07f51308
fefde7fc
1209040a
140fecf8
05060802
0c03fc0b
fcf9f7fa
01f4f6f5
08f4fb04
fcff03fb
f0fd0109
05fa110e
fa0e0c02
fbf80cfe
f903f4f9
0108ff12
fbf2f600
fb05010f
fe0705f5
fcfaf9f3
f8f6f6fe
e8f5fe0e
fe01f9fa
fd091102
0905ebfe
f6130305
fe0306ff
02f3ef0f
eb01fcfb
0704ff1c
fb0cec11
fcfaf4fc
0df904f8
00110512
07fef001
14fcfb01
fdfc0a06
fa00f9fa
f400fa0c
0ff2fe0d
120e08fc
070901fd
0704faf2
07f808fc
df0b0bf8
faf20101
13f5f302
07f80ffa
0b0804fc
0bfc0708
08e7fbff
f5e704f0
fa02f907
010903f7
fa010912
f702fefe
04f30303
0014faee
02f90504
0b06fc05
06fcf701
fcef08fa
0d03f703
001900ff
030c0bf8
05f900fa
0b110203
0bfbfc03
fef8fdfb
fc0303ff
fb0cf3fb
08fafef4
03f600ff
f1fafc02
01fb08fb
f1ffff08
fe03fc08
0608f40c
0405f70b
fd07021c
fc02ecfa
e806f1f6
040a0805
f6f1f604
0ffbf80c
0af700f7
08f5f405
fbfef7f4
fe0f1008
fd04fef5
060d00f9
fbf2fe06
fe04001a
04fb05fc
fcf3fffb
f5f9f5fb
f5080200
fcf417fd
07fbfcf4
0c00fd11
01f7fee9
0a02030c
04f7f7fd
f401f5fd
05fdfdfb
02050117
effef0f9
0c0111fe
05fc0e04
07f8fa12
06fb05ef
f91312ee
fe0bfe0c
1306eff2
000e0112
09080407
0208fffb
fcf9f806
fafaf40c
f3f80300
fe0904f5
f6000c00
f8eefeff
e61c0803
0c0def01
0b05fafa
02f1f010
fefdfb0b
ffe9020f
12fd0d03
0bfbe508
ff02fcfa
00f50a09
0afc08f7
09faf8f4
fc19f6f5
000af8fe
f10b0bf7
fe060102
fd01effe
051607fc
fefa0000
f6fff606
fd04fef4
fafdfa03
f5f71e12
0dffff04
fe061202
fc000bf9
fb02dbfe
0807fdfd
000306f6
fc0f03f0
f9fefff9
02ff0001
0703fafd
0d04f9eb
08f502fd
05faf810
000206fc
ff0c05f7
ff0d0201
0c19f8f1
06f9f602
00010901
0bfe0c04
0403f9f5
15e0f408
f7fded09
f9ee0313
04f3f7f4
01f00715
f8f8fa03
f1f50dfb
07f0fa06
02fc0003
f901ed18
f3f0f911
fff7ee19
10f4fb05
f105e7ff
08fe1308
f70df107
02050ef4
fdf4eaff
07011005
f70dff02
fb07feee
fef80600
0a12f707
0512fe01
f4fc0d1e
faf50bf7
fdf308ef
0a0406ef
0bf702fb
f9f10bfb
02121efb
02f2fb00
f7f205fb
0c0004f7
00f3faf8
f2f9f0fb
fcf503fe
f8fbf10c
01fcfffe
061cfefc
0d0e020e
f406fc02
fc0505f2
f2fc05f5
050003fc
0201ecfa
0e0002fb
fc0407fa
f2fa10fb
f90407fd
04f7fbff
fc0e14ff
0b0107fa
fd030701
09fcfb0f
031afbf7
03070ef5
fcfe1502
f5fff80c
0decf006
fff2fa01
0dfcf3f9
fdf7f706
fcfef6fa
fef90f0d
000702fd
0dfaf904
f60a0202
f401fa07
fffbef14
f3f8f403
f201fb06
fdfe0805
fc020706
100201f5
05f9ff03
ff0007fc
010bff11
f0f8f7f4
f60d1102
fc14ff05
fdffef0a
05fdf5ec
0303f000
0c0e0bf3
fe000107
fb03ffff
0afffdf5
000ae9fb
06ff1fff
fefd01ef
02041006
f3f904f1
0401f306
f0fff30a
ee05f407
ff03fd03
0afdf205
14fdf00d
13fb040b
ebfdeef5
0604fa03
010301ef
fcf60508
00040107
0705ef0f
06080e05
09fe0eee
faff0704
12f70ff8
f7fefefc
f2fdf201
fa150701
fbed09f4
f7faf2f2
f0fd11fc
eaf80fff
0210f0ff
070af9f6
f80fff09
fd0f0f0a
00eff4fe
02f7fa0d
f103f1f0
eef2fdf9
05f61105
08021ff5
fdfe0ef5
e7f5ef0a
e8f40ef8
0afa0810
f80d07ec
fbffff02
0f0906fb
f301fefa
e70b040d
0809fb0c
fc01f6fc
f20b0509
efff0c0c
fb02ebf4
0c04f6f7
05f708f4
08031300
fefafc06
0e0c0013
02f3f500
fb04fcf9
05fcfef9
ff080bf7
f60b0005
0509f809
02f817f8
08fb1500
05f71807
06001002
fcf60e04
060cf601
f6fdfc00
ecfefcf8
0d01fd09
f5060316
f101fbf9
fb070302
f50dedfb
0b1b0bfc
f915020b
0b04f10f
060bf707
0a070419
f6f70dfb
03fcf60b
ff05eafe
06f814fc
ed08f905
06fef9fb
fe07f706
0308f70a
f1fd0a00
06040808
0602f5f8
05fefdf7
f8fcf0fc
0dfbfefe
fdfd0712
06faf7fe
fcfcf3fd
04fe00fb
ecfd09f7
06fcfdf6
07f90910
0df8f7f7
11f4f30b
fdf70501
fb080416
fd04f900
fe08ef04
eb09f9e5
fd03f4f3
06fff718
fafb0901
0a02f512
ff0a0b00
070203ff
f7f70bf9
0611f308
fcea06fe
f60bed09
12f5f015
010be704
0d0a000a
faf3fd06
e7000509
0b05f100
06e6fcf8
fc030307
0503fef5
f6050df0
faf0ff02
01fc03f3
fc0806fc
050506ef
f00c02f9
fbfafd02
00fe01fe
08fa05f1
faf90af1
02fc07f7
1603030f
0f02f5f0
f4fbfdf7
04f80606
f4fd01fe
f2fc0003
07f6f7fa
12f7f205
f4fc02f2
0af4e7fe
05ff0d02
1d02fb0b
06160bf2
fd0c0605
04fb04f7
0bfc1100
e9f1040c
fdfaef00
fb140404
0afb0eff
faf50600
fff2fffb
f4f4050c
fb0df809
02fc020b
02040d11
fdfcfcee
f7fcfffc
fe0b0207
11f10c06
f606faf2
060f060a
10fcfbf3
09f6041a
0a0304f4
ff030700
f509f513
e51904fc
fbe20df7
ff07fa08
f4080bf8
03f10c01
f2f5fdec
00f3f702
100b18f6
e90cfafb
0311fcf6
ed09f8f1
0700f1f8
0200f60c
000001f4
fb05100f
0807e80d
030b08f8
f0fef9f3
f7fdeafb
000b00f9
fffef9ed
fafaedf3
0603fcfe
010712f9
030bf5fa
f4f810fa
0a08f700
fafe02f6
020d0801
f9fafd0e
f804040c
f80af003
fa0dfe10
09fa0103
fb08fdfe
f70108f4
f70df0fd
070bfcf3
08f401f9
02fa07fc
010e07fc
0309fcfa
100702f7
06f9f70c
f904f8fa
0a0b04f5
f8f809f3
fb0a13f9
041400f8
eb070301
0803f801
f008fe00
f1faf8ff
000bf4f2
fcfd10fa
f50df708
f603f0f1
fdf5fcff
f3000701
fefdecf2
00080404
08e90603
0700000c
fef01308
0402f9fb
f8ff0ef2
01f1ff09
040afd0f
fcfc1006
fc02fa0c
f505fc02
080115f9
fb02fbfa
080afdf6
00f80406
fc0808ee
f9fe0700
f304f312
f604fa0a
0404f507
ef1af805
f2fbf9ef
0afefd0e
03070ffc
06f00206
0a06000a
f6fffe08
f202fd02
fc10f9fb
0202080b
f5fe09fb
1003fdfd
f00cf0f9
06f001f0
12071807
130af20a
fbfe0c0e
10f1e802
fb06f1ea
fa0afefb
00ff00f2
100506f9
ebfffcfe
f701f804
f2060313
01f4f602
f1f9fefe
f20c0df9
0018f605
04f506f5
020003ed
f5fef214
0e0afdfe
fd0ff9f1
e600eb04
fc14fc0b
0dfd030b
fd06eafb
f11103eb
10fdfc08
0003ffff
f309fbf4
08ed02fd
fd020306
fef9fa06
ff020903
f3e9f9f0
0af70af5
01fdfe04
fdf70913
fe010402
f1f7f8fb
010feffd
fc0e0afa
f612f707
02eaf309
fafe0900
f7f606fb
04f30702
f707f6ed
0ffdfbf2
0f09fbff
05fff3e4
00fef501
05fc0bf6
14faf503
040c04fa
02070805
f0fc0df9
12fbf9fd
03fbf70a
090b09f9
f9fcfff9
0af4fcfb
f302110e
ef0006f8
0909fe06
0400f9f2
fdfaff0f
00fafbfb
ff100802
f5eefe05
f8ff0303
ff000111
02f90c02
fb17faf6
00fcf4f9
eb060406
0c07f707
f9f806fb
0201fd03
fc01f5fe
09010411
01f30401
fb02120b
10ff01ed
060f03ec
fafc05e5
0efa02f3
fd000503
f80a09fb
0f03fefb
07fb0200
04180af8
06081103
f90cf4f4
060d03f3
05f804ef
fa0efb07
f5f5f20c
fc0104fa
f3050904
f7e5ffff
fd100df9
06ec0909
1308fbf8
0af8f4e6
f2f502f8
f8f6ff05
f504eefb
01feebf6
fc02f308
0dfd04fe
f10102f8
06f6fafd
0a02000c
0200f1fe
fff907f2
0d03f5f6
f60a03fa
fd07fb0e
0905faf3
0200f7f6
0f0308f5
07f70210
fc13f0ef
080c0407
00edf813
f40e0a09
f4edf8fd
ff0b03fe
f4f40a04
10f7f300
fefd1204
00f4f207
f60c0003
07040905
fa0a01f9
08fdff03
1003fafd
fd0d1906
0cf50801
06080703
f2fdf7f8
ededeefd
0c0afafe
fafc0a04
0aff02f4
140a0901
f306f101
0f17f8fa
fefe07fa
fdfe12f6
1601f8fd
0600f702
fbf00701
12eb0508
f0fb0f0c
fefe08fe
01e80500
0bf4000a
07f8fc00
07f7faf8
f7f60c07
0102fd03
f3fd09fd
f1fef5f8
080c1701
01e50101
fe0e01fb
eb03f510
07fe0705
fd1300fd
02f005f8
fe0505f8
f7eef503
fe00fe07
000af60f
0df90000
fa060802
0210f7f4
f6f20f08
05fff8fb
f901eafd
fbfd0409
f3f9fde9
0dfe04fc
080efa01
f9fffb07
f4fff305
10fa0911
f704ea06
fd0002f3
08ecf708
f8f3f1fd
00faffef
f7fa0efe
04071205
fcf9fff9
08f70808
fb170409
fffdf1f4
f4f5fff5
05040108
0000fd0b
09110910
fafe07fe
fdf60314
07ff0004
f7fafbf4
09fee8f9
f70702f5
f9fef7f4
06fe0905
fef30f06
e604edf1
f0020b05
0e06f508
02f8f7f9
0aff0307
f00314fb
f607fe02
040308fa
0af80c0b
f8ece9eb
f507040b
00fc0408
f808040f
02fbe7f4
f8fd03f2
fdfc0103
fc07f103
f106ea10
06fe040e
0aff0405
07fceff8
06f70501
01fcf401
0b05f8f8
10ff07ee
fb06040d
f6090308
f901f3f3
0a0beff1
f2ff110a
faf300f0
0d08fc16
f915ee07
03eff805
f4f508e9
fc05fbfc
f3fa0c0d
0af80d11
0b02fafe
fbf91002
fbf5f6fc
ee030605
08fa0100
f41106f6
fbfa0ef4
0c07f709
0513f9f6
0910f209
f90703fc
f3f5f407
f509fb04
f7070a07
0312ec08
01fe0d02
f10806fe
04f1f512
f30c0afc
050a16fe
0a05fc00
fefdee10
ff00f1fd
0cf6e8ee
08fef816
f4fb06f8
fe03f610
f6050a03
0fee0204
0e0c0efb
0102f1f8
f808fdfd
f90d0410
f5f1fbff
fff0fe02
f2fb03f3
02e6f803
f4eb0109
1002ee08
0d0d0c0f
f500f106
0b0f0107
17f6fdfe
fa070314
f40406f8
0106e404
f9060dfc
effc08fa
1a09f200
0213fe04
0def0cf7
fceb020d
0af515ff
0001fa17
1df3080c
04f7ee05
080209f2
f405fbf6
10090500
0d01120e
0b01fbf8
fcf8fb04
051f1000
03f7fe01
f80c0905
0716ee02
01ed01fa
fcfffdfb
f60607fe
fdedeaf4
f60dfefe
031ef60d
fdfdfefa
f7faee00
f603000a
08f5fc01
f9050a0d
0810060c
0005ff07
0af90a06
f3fa07fc
fb0002fa
06f206fc
f608fffe
00000401
0b02f114
0f040dea
04fc0ff1
f106eaf9
fcf510fb
09fded05
0d06f9fc
0f02060f
0806e00e
ebe90109
fc090bef
f8fb0900
fefd01ff
040b0e0e
01eff4f0
0500f9fb
04030702
feff120f
fbe41000
fd03f5f3
ed091b02
fd01ff02
15ed0101
0df602f5
0500f8f3
fd09fbf6
05f6fc06
f607ea0b
fd09f107
fcfef202
ff030504
f3040b02
110701f2
13040c05
09f80209
04fff300
04fc0404
ee030f02
0218f800
07f6fd01
000100ff
fd05ff07
0d050d07
fff107f9
041b15fe
07faf309
01f91004
0909f401
1205ec07
020604fa
03fcf708
fbf5f80b
fe00120c
f804f206
f2fdf704
0a060ef9
05000414
06fcfef1
0708fb05
06edf502
fafe100b
f9f9011b
fc09f9fc
fefd0000
0809f9ff
0907fdfa
1000f90e
08fcfb1a
fd0f0605
0a0bf9fe
12fcfcf3
02fafdf5
0ef705fe
07fdfc03
00160201
f50206f9
fdf2fbf6
04e8f601
02fe07f9
02ee0cfa
f405ed0a
03f61012
f106fff1
060206fa
0af808f2
010706f4
12fdf601
01060703
f804fc01
0800ff09
fefe0d18
05f3060d
f904ef05
fff8fa02
0ff61209
0dfae805
fdfcf806
02fb09ec
eef0fd10
0cf301f6
f90a05ee
0703f6fd
02f3f7f6
1006ecf2
f6eff1fb
04fc09f4
f8f00e00
f7f106fd
fe09f801
fceffbf0
05f10204
f9f80303
0007f4fb
f903fe03
0604f9f4
fbf7ff09
02fe0506
0400f00f
ed02fa02
0f00fb06
090ae6f9
04f5000d
05f201ee
0512fbf8
01effc05
01fa11fa
061903fd
160604fc
070708ff
000b0207
f90214f1
0bfb0003
0300fff9
f9fff8fb
0901eff9
f916f8f9
fafe0a05
000302f9
fce01902
fef1f806
11fb070d
000b0c08
f6fbfafb
0cff0608
e70600eb
09eefffa
fffd0511
10fef3f4
09fdf1ef
04030b05
fdfff70b
130204f9
080ef8f4
f20511f5
06f90106
0210f7fc
fdee1503
0a030307
f808f608
01070c03
12ee04f3
080301f6
f0020113
f8f30505
06fdf909
0cf60d13
ff0a1009
f803f0ff
110d09f9
060be208
f907f7fc
07f0fbf7
07ef0200
010c0c02
fc0609fd
fffa15fa
f5080403
fe00ee05
ff02030f
fbed00fa
0cedfd07
f40407f3
01ff0bfa
f5ff01f2
11fcff05
f7ee07f9
0801faf7
01fcf4fc
11faf5ef
0ee80803
f6fd1002
09f9fd05
ffffe8f9
fa04050e
0cfefe04
fcfb0c02
05f81308
ff100afc
05fe0700
0b14f908
0311f9e9
04fbfc00
0af5fdff
f206fa09
f70b0414
080a0610
f90bf8f9
0cfcfb11
0d08f707
0ff904ef
f501f0f5
f20ef206
f60b0f0d
fd03f9f7
11f00b0a
fb02f8fd
f902f802
0303fd00
f9e60bfe
0d12f607
fffbebf1
fcf8060e
020eeaec
fbf50bf8
fafffd05
0f0af7fe
010d16fe
f5f8fc04
fa0403f3
0c03030a
f9e8f4f9
07030e03
07fe02ff
f2fc0605
feeffdf8
0702f30c
0206f004
0002120b
05fff203
f4fbf3fe
f5020500
03fefaec
f10af907
f6f40901
0905f703
06f101f3
f707fbea
11ff0816
0e070bfd
06fb0bf7
02fdf1ff
eafcfd08
fb03f305
0f0504fa
04f6ee06
04fef8fc
efebedfe
04000dfd
12010503
f21100fb
16020304
0bf4ee07
fe0501ff
0005faf1
0509f0ff
0707fffc
fae4f902
fc0cfe02
0611eefa
08fc010b
f7f5f4f8
080cfe08
03fd07f8
0af5010f
f7021007
1205f7ff
f5fd0001
04f616fa
080d0309
f8ff030c
100d00fe
fd0b13fd
02f3f8ec
f2fe14ff
f8eafcfb
f50512f7
f7eafd00
fbfe06f1
03fef704
10fae4fc
0efafefe
0c05f7f7
0608f902
fef1f703
0005ff0d
030cfd0c
0700fcf9
11dd06ef
070f06fd
000bf605
f6e90402
13fceaea
fb07060a
08080bf2
0b07ff08
0403fef8
0cfa06fb
14fc0702
15050dfd
05effafe
010818f9
0a1209fd
0b0cf8f5
0501ff04
0b05fded
f908fd0f
f7f605f9
0cfefaf7
0e0301fb
f10ffcef
13f8faf6
f80900f7
0811f50a
fbf80a0d
0afb09fd
050d02fe
f1eafafe
fe050004
fc07fa02
06f8f10f
f6ffff04
0cfff6f4
fe01ff09
f91208fe
03f6effa
00fcfefe
02fc0003
fbff0dfa
faf1010e
11f000ff
fb10fd0b
fc04f6f3
fe1903fa
01000606
f5f8f7ec
0e09fc02
03f8fb0c
feeff2eb
f5f7fcf0
0205fa00
fcf00101
fe100c00
08040605
fffa0400
0906f804
f8fbf804
050102fe
f9fcfd08
0105eaf1
00f803ec
ff0106ef
f6060d09
03f1030a
040202f8
0403fbff
fcfff303
f801fb05
0afa01fc
0dff07fb
fe0b1400
fe030406
fefe0efd
03fe06f0
fd0b1206
10f40507
f6f90eff
000903f5
0510f70a
04f101fe
fa25faf9
020cfcf8
f6050312
0302f503
e7150a00
07f610fd
effe04f8
f502ed0c
080e0504
fc010bf8
fef500f5
fff601f4
fbfc0a03
0506eef4
e1f0fc10
fa01fc02
f806f90f
fff60602
0b14ff0a
060bf8f0
03001817
f6f6f901
fdf80ff5
fff908f3
fdff0af1
03eff50a
0204f900
fff206fc
f50e0dfb
f0f81301
f80307f4
15080409
fafeff0b
00f4fd00
14faf0f9
0afdf812
00fe0df5
11e9f5fe
05fdff08
f10e0deb
07fffffc
00f8faff
fe0113fc
1a12f8f4
f8fdff02
0009e6e7
0706f5f0
040309f3
00fe03ff
fb1006f8
0f02ed10
0df9f805
f90c1500
05ff0aff
0f0606ff
080502fd
0cf5f8f7
02030df7
00f90912
0b2103fa
f209f6f2
050ef9ea
00fe0af4
08ee0c04
fa040cee
07e9fefa
000d0606
faf4f014
0cf40101
010009fe
0102f9f1
00fff50a
f8090502
f4f9020b
fa07f4f1
04e70400
fbfd090e
07030512
e7fc0cfe
f2f9060e
0d0bff16
0aff020e
02f00402
e60c0d0d
fc11f414
fef1f0fe
0b0506f0
13fb1101
03ee07fb
f5020807
fef7f2f5
15f8fc02
fe0d0202
040cf900
fafdfbfe
00f70905
11f4fff1
ff0e1203
ee05010c
0b090a03
0bf2fc08
0307130a
ed010efc
fc030c05
04f8f50b
15fc02f4
f8fe08fc
08fdfb11
fcfefc01
1004f2f9
0af52302
f2fdfd05
110606fc
07f704fa
f9fcfb02
07ffffff
f009ff0e
00f208f4
f00203ff
f30afbff
f6fe0df8
10eff615
f3faf015
120d0202
f000f406
08ff080b
fff1fcf2
0404fd02
fff8ff03
fb04f612
0003ecfd
20fe02fa
fe030806
fd11f9e4
fb080606
05fe0303
fbfbf605
0d0604fc
0afb04ff
11ec0903
0cf80703
0301020d
fe0004f3
0b0dfa07
f8f9f906
f3030d04
05020bff
ef0501f9
ff05fefb
00100a08
f8f8f312
1107f7ff
f6f3f4f9
09fc01f6
0d090607
f1fa0d07
010311f9
03f500f4
00fe08fc
f20cfafe
fe0ef5e7
fe01fbfe
03ef09fe
f6fc0bfd
fe05fef0
0003fafc
11fc01fe
faf90df5
07f30906
01fd0b04
f9fb0216
f8f7fc02
00020301
0dec070a
0a06190c
fefc04ff
03fbf805
f605f602
0b0d0204
fef30b07
0003fcf0
000104ed
020a1008
0dfefef8
f30cf3fc
fb03fdf9
f213fb06
fc0df9fd
06fefcfa
f4010f0b
fa0b01fa
fa0ef2f6
f700f306
f80201f2
09ee09fc
fb0f0c02
0cf8fffb
f5ff0501
f8f700ee
faf2fc0e
07edf801
f40906f2
050afaf8
00fef30c
f8effc01
0103ec04
03120601
07160309
07120405
0001f9f9
03fcf2fa
100f02f4
0dfd080b
f8f6fcee
0e0b0a05
030202f5
10100ffd
f4061afe
fd1908f4
0ef8e602
fbfd0a04
0d0b1205
f6000101
0bf3f5ef
03f80e0a
fa0805fe
0706f6fd
fbf1ff04
090b0202
fdf806f7
03fa09fa
0c010406
f7f71ff7
f9040806
f809fd06
050204f3
010805f2
fcf3f512
edeef9fc
0bfe0bf5
fa070209
1dfdf409
03040404
030502fa
0e03f9fc
0807fdfb
011804fc
f6f9f0fc
0204fe04
03fdfc0f
fe0102f8
ff030200
f4060f0b
f5ef02fb
01ff1304
08fb0508
fb0c08f1
fb0bfd05
02fcf509
fdf606f9
f0e9f30c
f8f5faf5
f9f807fc
020305fe
17000402
10001101
050605ee
120f07ef
0bf2e803
faec0e0c
051408f9
0417fdfe
12f709f9
ff0401fe
f6f309fa
01f3f5ff
08fb0305
f408f1ff
f80303f8
fdfdf1fd
f1fa0903
feecf8f2
fc02f0fc
0bf7fdfd
190214fa
fa03fa08
04e3fffc
f5fcebf6
060200f2
f3060104
0206fcfe
0cf4f70d
f8f90415
0ef800ff
fcfd05f7
f708f50b
fa050c02
f80cf5fd
080203ff
fd06fa09
f9f809f6
ef10031e
ff0903fc
09f1120f
0e05f10b
f5040006
0d0cf608
ff0111fd
14030204
0dec05f4
0bf4f80c
100211fe
12fcfffe
f80808ff
020617fd
f0f705f9
f8fffaf8
07111b11
0716fff9
0b0cf40c
00f20801
fefc0507
f7020502
0207fbfe
0c0200e3
1502090a
fb0a0905
f10b0d07
050407f4
01feff0a
fe01e3fd
f7070a15
0b04faf8
0bf4f9f9
ef0f03f7
f5040cf1
ff0003fc
fa05fe00
04020702
06020aff
00efeefe
edf5f009
f20cfffa
f0fee013
eefefd06
ef080413
040cf8fd
07f91105
03feeeff
fdfa0108
03f6f80e
f5150104
0b0002f4
f6fb0207
ec06fefb
080507f6
06effd0a
e7f6f7f9
f5020609
ef09ec1f
f4edfe01
061601f7
f601ecf5
fb020305
f8050af4
13fcf308
fbfc07f0
10fcfdfd
14f5feed
030000fb
13020807
10e20919
f0fd0202
f40708ee
070801fb
020a03f5
ea0f080e
07f0fefe
04ff030f
f9f203fb
01110011
01fb0a02
f7fafbf1
0dea0ff4
03fa0efa
f8f6f900
fd01f0fc
03ea00fb
fe0d1302
f4150cf9
2a04f606
f7f21708
f602f5f9
02fd0709
03fb09f2
090c04fd
0402fe06
f7060502
0503f2fb
f50bf307
f712ef09
08f3fcf6
f5ea07f9
09fd0c0e
0af805fe
04ff1807
0a04f607
f6f90efd
ffe700f8
f9f7fb07
fc07f610
0b00f309
22010410
0af70700
0e03fffe
fc0206fb
10fcf509
fd05f6ef
00031308
f0fd0f02
f4f8f80a
090006f8
04f50bfd
fafe08f7
fc030bfc
1209f1e9
05fbf801
06fe08f9
040003f3
f908fcfb
f1f5f9f4
f9fbf500
fff913f7
ff06fdf0
efeffc0b
00fcf5fb
0b02f603
f907000a
0afc03fe
020717f5
fb090b08
0bf9ee08
031307fe
eb06faf1
fcf20a05
01fd0e08
fe0ffaf7
f0140af2
f7000211
000205fa
03fb08f3
0208f2fc
fa11f805
f804f90b
fff90a06
f3fd0105
feff010e
04f10405
f7f410f8
09f4fa0f
edef12f6
f612f9fe
fdfe00ff
0904e8f8
0b0709fc
fefcf214
0f0b030f
ff05fd0a
f9000606
010a05ee
02e5070a
04fff411
03fe05fc
03faf0f0
f8061400
fe07f8ff
0cfe0010
fef7f609
f4fd0d0e
00f7fcfa
f9f4f1f6
fd0b00f3
ea1103f2
07eff504
0701ff0a
fffb0602
020c0518
05ef0afc
03071102
05f6fb0a
fa0408eb
03fb04fd
0ffe09fc
02100900
06020304
f3f3fcf6
0fff07f8
02f70203
0709f905
ffe50102
fc0c0600
0aeef3f3
fbf10a03
040803e7
08f3f908
f5f2e2f8
ed030315
110e0402
fe0700fd
f9f7f800
03f9f9ea
08f8fafa
0409fb10
0206f808
0afe0007
fa05f707
fdff0109
12ecfd04
0608fe0f
11f5faf5
0bef0a0a
0d0201e5
08f40dfd
10070707
16150503
07f0faf9
fcfdf5fb
08f107f4
f9fffa0a
fffbf70c
faf01007
000d0812
03fcfefe
0bfdf50d
01fa00f8
03f5fe08
fc120afa
fc09ff01
00010007
fdf30000
fef10cf7
f8fafcfa
f91702dd
f9ff0609
18100609
00f00d03
1310fdf8
0bf80003
fa05f900
fde5070b
070812fd
06090afe
ff0d0301
fdef04f6
e7f80f09
f8070208
fbfb0901
f910f4f4
02000704
f7051bff
f1f2f5f6
0feb050f
f9090eed
05030e0d
1008e601
00fbfdf3
0af6030f
00ee06ff
f910000d
04f5faf4
01f3f5fb
12090300
f50efd0e
0b0bf7f2
f502eb07
03eb0101
fc050f04
fe0206ed
fe0bfd06
04fcfcfa
0401e809
070408ed
0cf2010d
070603fb
f50905fa
eb06f002
f4fd05f8
fd02f508
0b0bf300
fd06fdf4
fdf9f703
0303fdf5
00060211
0e02020d
0904120c
f9fef204
1803f700
06f7040c
0ef30a03
0debf208
09010206
03fe11f6
030d13f9
01020208
fe05f8fa
f9f01d04
ff0a0707
fbfdfd00
0505fa15
10fdf302
080c0f0a
00fd0ef9
0203f20f
fb1602ef
ef0efbfd
07f505f7
f806fe00
fcfa0705
0aff07f9
fff0f402
ed0d18ff
fef502fd
0607f9eb
fdee00fb
09ebf6fc
fc0e07ed
f8f8f815
f409fdfd
fefa0801
ff0809fe
0209faef
f51808f0
03fef607
0f07080e
eafb0203
0e0706fd
e0f90cf6
fbf9fcfe
02f80d00
f90df2f9
ef05000c
04000c01
06fc0e11
1100f806
f71810f2
f6020102
f9f60c00
fc000bf5
0bffe9fb
fa080301
040a1903
0411000c
0ef9f8fd
f40ff100
00f1fffe
01e503f9
08f5f605
fd01fd03
ef04fd04
f5fcf502
0e09fc12
fcf9f905
f8fa0cf7
ff021208
1506f60f
02fd0900
fcf9040e
01010804
0b060302
ed06fe00
0e01f609
080809fa
fd04fe02
fcfbff0b
f5030c03
090403f9
0ffdfc00
0cf507eb
f8fd0bf3
ecf61106
f8010202
f9fdecf1
0ff70bff
05fcfe08
05080103
08050405
ecfdf204
01fff808
f1030100
0e07f8fd
fe06fcfd
fb080608
0c04f908
1c0df4fd
f30102f9
f8fe0e03
fef105fb
04f90cfc
f0061d04
f8fa05e8
f504e80c
0701fbfb
0e03f2f8
fd0808fd
fb050efb
02fe0702
09030214
f503eb06
03010b02
0200fa01
f2fdf9f8
fc0a0c0d
f0050e0b
01feecf5
fdf903fd
f708f309
f904f8f9
ef0410f0
05090102
fc0803ff
00010206
020a0f0c
04f6fa10
f50bfefb
03f8f800
06fffb02
ff0bfe05
0f0409fb
06f700ff
0a05fe06
f7fe0406
02f6f5ff
050201fd
f506f905
02fdfa07
f710f8fe
f9f8f0f9
0609fafd
0401f700
03040ff5
fd01f9ff
00faf0fb
fc060000
06080401
07fd0cfb
04fa07fa
f2ff08ed
0210fe04
070efef9
fa0c0c04
0bf501ed
0e00eaf7
15011201
ee020a0a
eef90103
0dfb030c
03fb09fe
1417f8f0
06020804
03f6f2f9
fd010202
0603faf0
08fff40f
15080ef6
00fa07f3
f7fdfb01
fd09f7fe
1dff07f8
0106fffa
0febff00
0f0703f6
f500f4f8
f905fc08
03f41707
fff403f4
fefefaf3
f107f7f8
010aee01
f91ff8fd
ef08110c
fceb0bf3
feeefefa
07f6f810
00fb0afd
020becfa
fbfa0409
fe0d11fd
f7eff00b
040b0904
0afe0cf1
effff1ea
0bf505f4
03f80a08
09f0fd08
060801f5
05e91413
f6f7f906
f204fd01
0d060007
fa0500fd
f3000406
0be7fc0f
f6f4f5fc
070c12fe
05edf509
e6faeaf2
0e021ce2
fef7fe04
00f6eaf9
fe0df7f5
fef80201
ff01040c
0006ff09
100dff01
faf90b07
fb03090c
07000507
f8f60ffd
f7fa0b11
02eb0df6
010afbfd
fbfe07f6
0cf5f9f5
10f60807
05010c0b
00000202
fa110e13
fdfa01f5
0efeff07
0efdfc0b
f3f6fbf9
f3110709
02f3f3ee
0f05f603
e503f808
0502fc06
00fd04fa
fbfe0103
f9fc03f3
f8fd02fb
03f5fdf0
fae90406
04faf9fe
07f60300
04fef4fd
06fbf60b
fd02f2f6
06120305
090ff3fc
fa030b06
04fb1502
11fdf708
0cfe000c
09fd0c01
0d07010c
07fbfe09
fb0dfa00
02040f16
ecf1edf1
0b04eded
01fcf2f4
0313fb05
fb0309e3
0debf603
fcfaf715
fafef8f9
f6f00306
0aec02fb
eb0cfe11
0607f00a
f6000109
fc000005
0b0ef50b
0105f70f
13100bf9
08f1fd0d
ee0cf501
090400fe
fbf7f2e6
01f60f06
fd01eafb
03fbf1f8
f10f110e
07f9fef3
f608080b
07150ef6
15f70402
f70cfbfb
0a01fbfd
f5020113
0305fef2
f000000b
081000f7
00faf9f0
f90400fb
05f5f504
01010315
00050d04
ed0bf50a
0a0003fa
050e0f05
fdfcf8f9
0bfeff0f
fff1f50b
1301f7fe
09fcff09
faed00fe
ff09f3f9
fa0efd10
f6fef5ff
0c080ff9
0fe701fa
fc110e10
fe0d07f9
fdf6fd02
0eee0d05
f3f50203
07130000
f202fff0
f8fc05f3
fcf3f60d
f4f90205
02020001
ea09fd12
02f905ff
fdf10409
f7f60100
0df3fff8
fe03fbf6
11f2f915
0df607f8
faf807fe
02f9f707
fbf50701
fd081601
f7fef900
0dfc00ff
00f5fa0d
0bf7f304
13fffe01
060ae409
00f9f602
0efdf6f7
fbf9f809
03fdfcfd
eb06fff7
0402fd01
0305fb03
fa07fe0d
051510fa
eefef918
0a00ff03
fd0302ec
14fefbfd
070ffa0c
fa01f6fb
f20cf4fa
fc07f1f9
0ef6e804
03eff605
03ee00f4
f7ecf700
0203040c
0408f9f6
f4010b12
f60bfc01
ff0d1103
fcfbf309
0efa030c
ff08f6f3
fc0a03ee
0e0101fa
0507fbfd
05fef1fd
f5010105
f3010207
03f0edf9
0310fbfd
fef70008
f4f000fb
f70e1307
0e02170a
0b10fcfb
1302f212
f6f90508
0f08fdf5
07f6130d
edf6fb05
fb02010c
fc0d0100
0006f6f9
0f0a0804
f7fb06fe
01f9fafd
fa0610f0
f30afbf2
f703ff05
06f2eafb
0bf3ff03
0d05fe0a
fdfbe8f2
0c0503e8
00fd0afa
fffaf70f
15faf9ef
08030c08
faf60bee
fbf8f409
00fe0307
f6fa03f9
170f0dfe
0df510f7
00f90002
fefc03f9
0c05000e
fafc02fe
fa0ae902
09080108
f50bfa09
faeb0605
06effe0a
020b0cfc
f6000dfc
fbf81815
01010003
ff030317
e6f90804
0df4ff00
0a0a070e
fc04fdfe
04010505
f50febf4
06000202
06fffcf3
040ef90a
0506f8ec
1208f601
f20ef903
0602000e
fef807f9
f9f10010
10fc0304
fdf205fc
03ea0604
ffea01fa
0203f610
07f404eb
04f108f8
f1fe05f2
04ec0710
02eef0f9
03fcf804
01f5ff09
08f8f7f9
1403fcfa
f602f20a
02fc04fc
0a0300ff
fdfd0110
00fafe06
0310fe0e
f3f501fe
0d030b01
f6f7f8fd
fefffd01
0e0df809
03020803
05f306ef
fffdfdf7
09f9f8f8
f1effa08
f4080bf1
f20bfceb
f80709ed
0e0ffe0f
040703f0
fdf4fa0c
fff81617
fdec02ed
f604ef03
f10813f3
f5fbfbe6
0cfc0103
05fff1ff
0402fbf6
0a050703
000209fb
01f30205
fefc00fb
05160405
14030afa
04150a12
f704ff05
ff00f9f8
09fe0900
fff9ea01
f6f905f5
02ed11e9
0106fc16
15eafe00
1506f70b
fafc03fd
f3f50206
f2fefc15
fd02ebfa
02f904fb
fdfdf3ef
031005f9
0df9f815
01fbf106
020d05f4
0108fcfb
0ffffdf5
ef0a03fe
0900ffff
0cfefdfc
f3f008fd
011202ff
0411f80a
ffff0401
ff0d0afc
f3020601
0a00e5ff
00fc01f7
0206f406
fff90900
0af9f202
08f7f9ea
fe0601fa
f50cfb0a
f3150a07
0ffffe0c
04fbfe0b
f7e9090c
fc130007
fcf00a06
fefbfbee
f705fd08
f40b0512
080107f8
fd0a020a
ff030902
ef040719
0af3030d
fb0012f9
00fb0510
02fefe06
fe0b0905
fef3f7fc
0a10ff0d
00f4fd04
fdfa0b03
0bfef7ff
01fd05fa
f8010d02
ff010504
00100507
fafe0bff
04080912
08f3000b
fdec0406
f8f50a04
fef203f8
0af3eefc
fcfffcf1
00fbfdeb
0006f7fe
f70003f8
fc1205f9
02fafffa
f307f6f5
09fdfc0f
01fd0401
0001f703
09f5f302
0906fd06
fae5eef6
e5f70409
e7f90e1b
10fdf6fd
151202f2
08f1feed
08f10eef
fbfcf8f8
ecf006f9
eb01fb04
fefe0bff
0107f510
0f02020c
08f20806
03041210
f800f9ff
07070204
eb05ff01
030d0afc
ef10070b
ecfa0b0a
f30b1107
07f1ff0a
effefaf7
fc030106
fbf10dfc
fa10f8e9
fb020615
03060910
0400000d
faff0c06
000c00f6
17f607f7
090f07fb
09fc09f8
0b02f8fb
0814000c
fbf508f6
f9feef01
070608ee
ea06f001
0006f310
f5f815fa
fc0ef4fb
030be9fd
05010003
0301ee1b
06fffb06
f303f9f1
05fe0800
04fbf3ff
f8080504
0d00ff00
0cf4f4f7
08f7f3ff
0eef00f1
01fe00fe
030d1101
08fa01ff
090df4f7
f7ff09fd
12f807fa
010707ff
fa06ec01
f802efe7
050bfef6
01fafb01
0400eef7
ec0bf7f2
1003fafe
01e70504
13ef0501
03f30d07
0a10f5ec
0bf1f7fa
fa02eff7
0104f50c
04f9fff1
1806f7ed
f700effc
fe010b15
f1fffcfa
f403eef9
0f09ff0b
16e3f9fb
02f716e9
f3e603f7
0b030ee7
03f80102
f6fa10fe
fe08fa10
03fa13fe
03fff4fd
fb0cf4fd
070d0608
0bf6fcf6
04f104fc
0600f5ea
f007f9f1
00f8ff18
f6ff0404
fefbf6fc
01070cf7
080afbfc
e8f8fb03
06fb00fd
fd0808fa
faf609f7
0e02020d
ffe90215
03fdf1fe
ff00faef
fffd05f9
f7090406
f6fbfa0e
0cf403f2
07f90805
f2040307
fb050405
f506fef8
05f3ff04
faf2f9ff
0ff9020b
f2fb070d
09f0ff0a
0501fd06
0601fde5
fa00fc05
fdf70ff5
06080d00
0bf9f9fe
01ee0402
140b12f9
f9f8070e
f208090d
f8fb0605
02fbfa0b
170507fc
ecf203f0
0011f5ff
020c00fc
f80003f4
f51df6ff
ee00f8ff
ee04f1fb
ff0bfdfd
2018fc05
06f6fe07
121503fb
04f90f08
03f5fefa
10f1060a
fc10ec0a
fef7ea02
05fe030f
0407fef6
0bf1070c
05f3f6f7
fdff10fa
10f901ff
00fdf0f1
f2010cf0
f401ea06
fb0cfff2
08f7f8f1
031402fc
0d05fe14
fb0d02fe
fe0f0404
f60105f7
0cfeff07
06f2f104
0b080cfa
fdff04f9
f505f80a
fa080206
0e05fa0e
0607f0fd
0209f4f9
02f8faf7
f6fd0004
01f001ff
f5f3fbf8
140305f7
ec020af5
1c01fcfd
08120300
f8000bfe
02fdf709
07f7fb06
fc070700
04f5ff04
fa0205f3
f817fd02
05fefa00
f314f019
f50302f3
06fe00fc
ffff05f9
f401fafd
070cf516
eef903fb
0003ef04
05ec090b
fb0815f4
0b050504
f20004f5
0901ff05
fd0603ec
eafcfff6
03f509fa
0a110313
fb010104
0201f301
fa09f703
f904f30d
fe0807fe
100bfaff
01fe08f5
03f9080f
040900f6
140505fa
f8fdfbe9
fef2ff09
07070005
030cfaf5
fe0100ff
0e010205
f9f3f809
f6faf40b
0be7f2ff
09f109f7
f905e7ff
ffeefdfd
0e08fd00
00f7dd01
f3fbf802
ff070401
eff3fdf4
f915f20e
f90a0111
0cfd0400
06f21206
f3fff202
0afa0407
fcf6fafd
fe05f307
081b0dfc
f9fb0a03
ec02eeef
06edfd0b
0201fcfc
f40d04f5
02fe0e02
04060a06
fffefa0f
12fffaf6
120bf1fe
02f6f405
ef090314
07f60dff
fd0afbff
0802f604
f500ecff
fce9f101
fd09f3fc
04ff0602
0600e10d
04000e0b
fbfc000d
071e0b04
ebe3fe03
fa0812fc
151306fe
05f508ed
feffff07
fcf41206
fafb0cf5
f4ff17e7
0d11f6f4
12fd0003
05f9fe00
f50813ff
fbfaf6f1
fe030706
0a12f302
f9fb0c10
0af202fd
0b00ff0c
12f7fcf5
01fbebf9
04fb160b
fe04f4fd
f10304f6
0b14fb10
fef811ff
fa0cfefc
010def0a
f50efdfe
fd00f2fa
0df00110
0d02faf0
fbfbfa0f
120af0ee
01f5fdf3
fd0e0706
ef0804fd
0c06fe00
061207fe
ef050404
fc07f00c
01fefff6
f7160310
090504fa
060b0306
04f80f07
0e18e804
04fffcfa
08fb0a0a
0303fdf5
0c030001
f40405ed
f1fff1fe
03020c02
0a03eb07
16f10504
060a01f9
0a09f908
0900fe00
f1fdf406
03f2f907
f607fd03
f5f510fc
08f1fdfa
f30001ff
f302f807
0e00f507
fd0302f9
001eee05
05f0ff02
06050301
060706f8
fdfc0afe
ff040200
0405f01d
0811fc03
0cfb06fa
00fa0b02
0f0ffdff
0811fc08
f605f502
fafc04fe
020309fd
0011fdf9
070f07f4
f3fefafd
02fd00f9
faf6f3f7
03fbfd0e
fbfc03fc
fdfa0315
0d00f6ff
0603f10e
0902ed05
f6fbf310
02f7fff6
01f4fbfb
fbf810fb
0803000e
0f05f80a
f801080a
00010c07
11ff0612
effbf803
00f2f811
fefc0d09
fdf8f601
0c0ffa07
f601f40e
0fef0b04
fc100206
01e90805
07f8fefa
f9010c04
0301f6fd
0502fb03
02fcff06
09f5ff05
e703efeb
0202f3fc
0a05fff1
f303fef6
fefa08fa
0118ff04
f3020e04
fcfd06fe
f40109f9
fb01f6f5
e9040d10
0702f2fb
f3fc0cfd
01fb04fd
ff090705
05f606f7
0706fef6
06f6e802
00fb02f5
08fff70c
f6f90107
01ff08f6
0402f61c
01130100
0308f00c
1009f3ef
f706f80d
fdef02f8
fffcfefa
02f30d0c
fbf80ef7
fa050efe
0405fb03
00e408f6
010108f2
00f3040a
f2e80303
0802f80d
0110f9ee
fe030402
edfffbff
fd03f0f6
1302f5f7
fcf7fef7
fbfff9f7
ed1000f9
0304fc04
0af305fd
02f80dea
fbeff9ec
fdf9f509
02f10b05
0e09fe04
0800fc00
03e80efd
fd020500
070c0bf4
eb0ef9ff
0a0ef7f6
08fa0205
02030af5
010b0a06
0c0ff411
1103e804
f2f9ff01
0310fc0b
fffef903
0101fd02
f4f703fe
f209fd02
03fbf2ec
fdfa0101
fbf0f408
feffff01
fcfe0516
f7fdee03
fa1500fc
0b0501f5
ee0305fe
03151116
f8fb0601
fb100c01
07edf6fb
fa0aebfd
f1f8f508
f9040f17
fa000500
f9f20000
110005f2
f50301ff
fc160df5
05171006
fefff8f8
f0effdfe
05fd0b00
04fb0c04
f1fbfafe
edf7f7fa
000d000d
1dfffdf2
fafc000f
10f80400
08ec0d10
f9040007
f90d13f3
f5fc08fc
061bf4ed
fcfbee07
0b06ef00
04ea09f9
09fc00f8
f9feece8
fdfd0300
04fbf506
00000408
fef8fc0f
fdeff6f3
fefa04f9
0702fffd
07f1ffef
f60a08fc
10140ef7
01ee10fd
f9f918ea
0cfa03f7
050602f5
020a0305
15e7f8fd
00f0f1ec
fff2f50f
f8f20afb
fc09f8fe
04fdfcfe
000ae60a
03f8fa07
08fe08fc
02f4f9fa
f0f7fd04
0af7f50b
fafdf505
0d0f0b0d
f5fef4f8
0d0803f3
fef60000
0afafcf7
02f8fe01
01f905f6
fefa100b
f6f807f3
fff107fc
05efeef3
fe040e1a
0afbebe9
0509faf9
07ff070c
fa030006
0806f6fb
1107f4f9
e9fdeffb
fcf8f4e7
f7f6ea08
0c0efbfe
111500fe
f901f915
05fa0ef1
fa100304
ed0cf514
0011fefe
00f2f208
f3060502
08f6f403
1109fbfe
fd061604
f1f10708
0b020cf7
fb020803
09f5100e
f6fd0102
04fa0119
0f0203e9
0008faf9
f500f3f0
03eefcef
020e1af7
0205f8f5
f210fff7
f4fff8fb
05000111
05030205
f9040608
0dfef20a
110c0204
ec020609
f0110af6
0307f506
030b0d0e
f4ec040b
fc13f603
0f0cfb06
0a0700f8
0ce608f4
f6fef8fe
f4e8070a
fa0ffc0a
06f700e3
f9ff05f6
f50011ed
f40a06f5
fcf6f70d
fbe506ef
08ffed13
f911f2fd
150e0ef6
0c08fe04
f208fbf4
00110c05
0306ed02
00fcfc03
0df70ef6
0e09f2ff
0a020903
0500f9f8
fbfcef05
0b0ef001
1609e802
0008f9fd
1af007f0
0602040e
0c07ffec
f80bf3ff
fb1200fd
fbfcfaf2
fd0704f4
04040005
0e01ff13
0b0002f2
0bfb0701
030816f3
06fff4fa
f90af5f2
030e0416
0a08f3fb
f6fe0305
03faff00
f804fffe
050513f7
f2f9ff10
f105eb0b
f7f4fefe
07040f00
0401fbf6
fded0303
f8090e0a
07f8f510
ff031307
0c161309
fa04f703
fdff0c04
020bf405
fd03ea09
0b170ff3
f9f50503
00f414fb
06fa00f3
0001fd05
00030df1
090603f4
05f706fc
0908040a
03e808ea
ebeefcfe
f9fafafa
10f9f102
fc16080b
f501f3fe
07f4f507
f1fffefc
10faf3f2
08000503
090502ff
f8f5fcf6
f6fbf1f9
010901fc
f4ee08f6
f5fb100d
1207020b
f40e0616
00f6f300
fc0d10fe
faf80706
09f5f3fb
0decfeec
f9f3f805
f7f00cfb
03fcfa18
f703fd0c
f2fef500
0206fd05
f108fef9
000ff003
09fafc08
f1060102
fff30bec
fdf7f7ed
0af7140d
0503fb04
feeb0e05
0af4f903
09fbfd0a
06000517
f1f9f6f3
effdf2e7
0105fffd
f4fdec02
0dfb04fe
f5fcf702
f101fe0d
f4fa0200
fbfe0a04
f801f60a
0b17f1f8
feecf9fa
f60d01ff
f3fe0b0d
f6fbef01
fd05eb00
0201fff6
0a040707
10fffafe
fdf7f609
04ff01fc
0ef90afe
f10dfcfe
0600f303
f511fb06
fb110502
faf507fd
08e1fd00
e9f8f204
f8090efb
18fd12f9
000108fd
faf104fe
0d0cf3f5
0006fe06
fb0bfcfb
08f5f810
f712f40b
11f10904
e912fc01
0ef90901
0cfffe08
13f80af5
0d0cf108
02fc1101
fa050304
f5f9fd07
f808fb09
fc11ee04
04f7f00c
f70ff6f5
f4fdf706
f119f4fa
1201fefc
0ffbf70c
01f3f503
04040801
090af3f2
ef0304f7
050a02fb
f1f9fbf3
fd0008f8
f8fef9ea
13f4eaff
fd09fd04
f6000205
f9f40004
fbfc00f9
fcee0d12
030803ff
020bfd02
f708eef0
10f5fe04
fa0105fa
0cfb0604
07f5130c
0bf0f6fd
08090402
0205f80d
0ff5fd00
fd08faff
08ff05f9
fbfafaf7
f1fafff0
eb040404
f80ceff7
01fcf30a
06fc0afc
1001fb10
15f908fc
03fb06e2
0e09ec08
f40700f2
0ef20101
06f5f7e6
f40afe02
0101f7fd
f9031600
f80511fc
f4fd03fb
f3fc0805
f301fcf3
0cfdfcfd
ef000706
02fff407
ed01f90e
fbf80404
05ff0bfe
06fdec0e
0201f8fd
0ded09fe
0301fb18
03f0f8f4
04ebf802
05f808f2
f205ff01
fb020d09
fefa120e
08020509
f91af9fb
f00efefa
f0f60efd
fd020903
000301fc
09fd00f8
0a000a0e
01fc0a04
0cfc01f8
fced0afa
01fff7f9
0ef7fcf4
f808f60e
fd0703f0
03070304
f901f707
edfde717
0f05110c
fc121506
18fe1209
f6fe08f9
f008fff4
00f8fff9
e0030e08
faf4eae8
08ee010c
04f20afa
f6fd0c0f
03f406f9
05fb0903
fc0ee807
f308f909
f4fddffe
ff0715fc
0408f6fe
fe000efe
f502fb02
f302edfc
07f9f90f
0ff80005
0dfa03f9
07f801fe
eaf9f004
05f6f400
03fd060b
fd0aff09
f8020707
fef5fdfd
f90701ff
0d00090b
f107ef10
f9f61403
fcfa0410
08ed08f6
07120c01
07fafcf5
fdf80607
fcf2f306
f50909f7
0cfc06ea
f8e80701
07fff3fd
00020d08
0ffaf011
00fcfefa
0807f001
07fb0d02
f5f10903
01fa0009
07fd0f12
07f907fc
06ebe7f1
fc0807f8
f701fff5
f803f9ff
0eecfc02
f1fcfa01
0404e9f3
00f504f9
e2fe0002
16fb1bfe
0104f9ee
fdedfaf2
fafe07f6
0706ed17
1307fc10
fe14fc0a
010404fd
fef80afa
1a02010c
fbf6fafa
fdf80af3
ff06f5fd
04fdfffc
0a06fdfc
f6fd00ff
f4040000
ff0008fa
fff8eb07
f8000911
0f0102fd
0df90201
f9fdf2e9
0f061af1
f6020408
fc08f90c
040d03ef
1501fbee
0726e9f9
0506fe09
0107130d
09fb0e00
fe0604f7
fdecf101
120b03eb
08f20bfe
f6fbf0ff
0c080e02
03f3f3f1
f20201f6
fafdfe02
f70103fa
fb061400
0a0a0207
ff04fd11
08f90303
f600fefd
fa1d0904
05fff2fc
00e703f4
0603fefd
e8f6f7eb
05fffb06
030b0a00
edf2f305
0ef80bff
04020509
07fd0ff6
fffaf411
fd110f06
fcf509ee
f4fd0410
f9ece407
f5f40d0a
f71902f4
00f2eafb
14f3f4fd
fe0705fd
f901f707
fef80103
fa020009
f701050b
0307edee
0ceaf106
f9fef8f5
0d07f90e
f307fef6
041e0002
0df8f8f4
fd06f403
1308f5fd
02000910
fd00fbee
07f108f9
15110702
f50c09f6
fbff22ff
001101ff
fbf9fcfb
f5ff0bfe
f2fa070e
06080411
f50d0cfd
07fd06fd
eff9fdfe
ff0bf4f7
ff060904
03fd00f4
ee0cf004
faecf5f1
1204f001
0afa06fb
1606fff9
fafefe01
f3190d11
f7f908f5
f6ed00fe
f4f61106
f700ed02
f7050200
0b09fdf5
fd08f7f9
fe03fc01
f208ff0d
fc080cf8
170afbf6
0011ed04
0e00f2fe
06eeee01
01060a00
02fdf709
05f600fe
0d040501
e8f6060a
0705090e
0306f904
eff800fc
f001fd09
0d11f8f6
f001fe06
020ff6f3
00fcfdf4
ff07f8fd
0bf7f615
f7fcfcfd
0efe04fc
07fd03fc
1402f7fb
0a0d07f1
120f0510
06061207
130e0005
0dfcfafa
0a010eeb
070cfe01
fc130004
ff0b12f9
f80008f5
f503f8f7
080b0bfd
02010afd
00ff09fa
020cf6fc
09050211
07f9ecf4
fa01f6f4
f7f60df7
0e06f710
020304f5
0bfc0100
00f6faff
0304f5ff
f80cfbec
00fcff08
fbfdfa09
ed0d0af5
f011ee09
f3f302fb
ebf208ec
0cf50900
f3ec0310
0b01fefe
f81a16fd
f905fffb
0ff908ff
00f90ff7
0d16f3ee
fff6fdea
1311f206
0201fa12
eafafd04
f7ff0e0e
0004fb00
fd03fcff
ecf6fc09
00f613f8
000b0802
f5e4000e
11fbf2f9
0706f0fc
13f60dff
03fcfe03
0b0303f7
fafef3f0
0904f0f6
e3faff03
0702f7f7
04faff05
01f5ffe2
0008f6e3
0e00f403
fef80901
02edfc0c
f4fc10fa
0aedfa0a
fbfc04ff
09feff07
0b06030d
05010607
0a0af207
fe03fe02
f3070cf6
ef140104
fd05fe0f
f30605fe
0efff6eb
0505fdf4
fcfcf909
f8f1fff6
fa02f7f9
0bfefb05
02f2f0fb
0c0707f6
050406e3
0a0703f9
fb04040d
02070a14
f0f20600
f3f5ff09
0d0a02fd
0a100dfc
0e0e01fd
f80ff6fb
fff60a01
04fa0409
09fcfcfd
030302fc
fa0af807
f9ff00fb
000600f9
f0f4f906
020503f4
03010402
fc110aef
100ce101
001300fa
05110210
08fafe0d
fffe0209
f5f3fe10
1204f911
fff00402
09fefd03
0406f0fe
fa00f306
fef602f3
f604faf1
fb080302
0306fb04
00050803
0efa0908
0500ff0a
f8ef0d15
08f2fff6
0efef4f7
0bfaf7f7
03110df9
03f800fd
f2fbfe02
0bfa0608
f310fc09
0300fbf0
06010001
01f015fc
0203fd08
ee171005
fffdecfb
0905120f
0700fdf6
fc0cfeff
050af500
0df40afb
f6feeefc
f5f4f7f9
faf90404
08010f04
fafefcf5
000404f1
e4f3140d
0401fdfc
0f09030e
000401fe
0dfdf6ff
fe0aeefd
fc09fb0f
1cf91004
14f7fb01
0af8f9f0
f7f3f6ff
0400fefd
0903f805
f9fcf60c
00f1fdea
fa04f5ee
0efd050b
07e508fb
050306fd
0107fffc
0c1000ff
0ffa070a
08fefdfe
04f60a02
00fa09fa
f7eefe03
ff0a0504
05070d10
1507f509
f90004f8
11f4ffff
060b0601
04f3041b
f5f405fe
140ef706
e70806ec
050bf903
0ae9fef8
080f0005
ecfe0504
0bf205fc
08f20508
ee06f3fe
01040104
06ff05f6
f80306fe
0af60f1f
fc0908e9
0d12fc07
fa010b04
00f3f9f6
f7fbfcf5
0411f7fc
ff00f8f2
07f8f90b
0bf90811
ff0dfe13
06fdf3fe
05f4f9fe
01ffedff
010613f2
030807fe
01f904fe
08fa0309
0afe0403
13f9fbfa
0907f806
04000d06
0100f1fd
fe001603
f8fe0cff
0d04f819
f5faf602
fefb0809
f8fb0305
140510f6
eef40d0f
010aeff7
050e0ef9
06fb0c0b
25fc040b
08eafeff
ff0df5f4
16f70902
05f3fafe
f9f90cfe
0a03f6fd
f4050302
faf512fa
070411f5
fb060709
07fdf2f4
fb08faee
f8ff0a0c
040a07f4
0ef2f605
0cf806ff
f207fffb
f7fd09f3
0404fc0b
0004fc06
fd00fefc
09fc0003
0311fd04
09fff610
0ef70b10
01050107
0b0cf413
f900010a
110507f9
fafb06fb
fbf91102
f8f5f312
060f0309
f8080e00
f50af9ed
0afe03ef
0d00000b
02f5fcff
01f8f905
0809140b
0af9fafc
f8fcf5ea
10130908
f504070c
0fff0afc
08f401f3
0508f006
0005f1fc
0403040a
04faff07
0af11bfc
ea12ecfe
0ffefffa
fbf7faf2
fdfef100
07fff90c
0b0f0900
eb0dfbf9
fd010917
08fc0aec
f10c020d
f6f8fc06
03010300
0d050903
ee010f09
10f6fb0c
fd11040e
04f9fcf2
f1ff0ffc
0901000c
f0ff06fd
080b0204
0cfc0cf5
ee060df9
fa05fb02
05fdeff4
0002f900
f106fd0e
f90a0ffb
f7f7f9ff
fc0805ff
fffd060b
fc11fffa
0e04ffff
110e03fa
0a0904fa
06f302f9
0c0d0cf9
0102f8fa
00f508ee
010df707
0d07fd0e
fbfd0304
02050602
11f504f2
f41408ff
ff06fff8
fefff7fb
0801f103
f2fdfc08
0a1509ec
100202ff
04fef4f6
110d01fd
03ef08fa
f3fa0404
03061500
08f4fbfb
f8f7f6f7
f8030902
06070000
f10dfcff
f300fcf9
f903f706
eefdfd02
fcfafd01
f206f8fd
050cf9ff
f814f2e9
04fee500
07000705
04010aff
0bf0f50c
f3fcfd04
0602fe0b
f6fc05fc
fdf500f5
180502fd
0500fef0
fe110906
05ff0304
030afc05
01160709
0bf801f6
faf901fc
07f8fd0a
effefdf1
f4f700ff
09f90706
0cfef00e
f705ff16
ff08f5f3
0ef8f8fc
0002fef4
f50efe05
f3e80407
130cfefd
0a050a0f
ff02f225
f4070002
000df6fa
fdec0106
08fc090a
0e0dfaeb
e7fbf404
09fd07ee
00f90bf6
0f0703fc
12fafd03
f8f60cfa
fdfef9f1
fb0d06fd
14050004
0cedf9f9
f306f7fc
05fafc01
ff06f6f2
ff0a03fc
f50607f3
fd12ff01
f0f8fd07
ef111314
09fb020d
fff5f900
f211f805
effc0610
110400fb
0efefff8
1502fbec
0a06f6e0
fdfd0af4
05fdfcea
f40503ea
ee030912
ff0bfdfb
0608f908
03fd04fc
ff06f6f0
fc0912fa
130efef7
f508f4ef
01f4e7ff
0a03f30a
fe08fa02
f003f502
010dfa03
fef3f9fb
ed10fc0a
000908fb
f2f2fe0e
f507fffd
e80811f5
0403fdf0
00f3effa
04111209
fe000205
13f01201
ed040214
08f1fd07
f90f00f9
f8f70904
e1f505fd
ece70fff
f7fe01ff
05f3e9f7
fa10ff01
02030df2
09f9fd0c
fcff0b01
fcf80609
fefd01f5
ed01f5ec
f517f9fa
fdfdfaff
fb06f3fb
fdfd04eb
f20606f6
0b12f6f8
fdf10710
04fb0006
0304f902
00f4f8fe
08050204
f2070300
f8f50eef
07f70701
fbf907ef
f904f4fa
e7060a04
fbeef104
f31008f8
fffa080a
f7f21205
10fc07ec
e400f5fa
f80703f9
1104fefc
f70505f6
13fafaf6
fd08f9f2
0b14f0ec
06fef802
04f80ced
effaf80a
06030104
fefefb03
100702f5
05f40306
0302f701
da0e0bf2
f9fb020a
f70e08f5
f30203f9
05f5ecff
f9020bf5
ff03110e
e8f4f701
03f90df7
0702fff2
100eff0e
e900ff0f
0910020a
05e6f1ff
fe06fff0
f3070802
05f3ecfe
0d03f9fd
e506ed15
0a080709
f8011105
1704ff06
01f902fe
fefbf00f
00fef400
19fefefc
faf00009
f6fef408
e6090100
f5010610
110803fc
0205f104
fd040000
0beb0dfc
0cfe1405
0ef6f0ff
070619f8
0c190e04
01f905f3
fa0109fc
08f500f7
0dfc01fc
f7effc0c
f709f7fd
fcfe0dfd
ebf4fefc
03070c0a
fc0cfff4
f613f9f9
f20afd0a
00f7fa0b
06080af1
fd05ff06
02f30d0a
fdf7071a
13000314
eaf3fe02
00e70efd
02ef15f4
0e021206
05f706fd
fe09f308
02f3040b
fd00fefa
fbf5f60e
0701fb09
03f9f6f3
0df60312
0a060d0c
f2f70108
060a051c
fc09070c
ff1001f8
f7fc0106
f8fd0907
0c0403f9
04fe10f7
02f5fa00
f7061904
03f6fef6
0afa0003
060103f5
04050904
fb02fceb
f8fbfe04
0a0ef307
15fcf8f6
ffeeff00
f8f7f405
03f503f5
f6040a01
11f9fcf5
0bfb0209
05fe0402
02f9f3fe
0302edee
f2fadb07
0102f4f9
f7fafbf7
02f70bfd
09190011
fafe0403
0e170806
0cf8ffeb
fe0303fa
f1090701
20050611
16fefd03
fbfe010a
fa06f0ee
fa06ecf3
fef00102
fbfff800
0103f5fb
ec0703ef
fafe0502
04f80807
04f1f8fb
fbf3f2f5
fc04f302
f500f6fa
03e60201
0301f3f0
08fbf805
02fcf7f7
fb02fd07
1004f7fd
0b0ffa04
0405f2f8
fdf0f8f1
0102f503
f50205f7
f2fbf7ed
2006fef0
17010702
0305ff05
ff060ef0
e3ff0602
f6fbfc04
0cff02f3
fb04fb09
f017fe07
01fdfd04
09f30ef3
f912edfe
0606faff
06f30a0a
02fb0408
f8110af4
f8030bf9
f9f50303
f60a06fb
1104090a
03f80904
fc0109ef
040ff6fa
f0fc06f7
fbfd03ff
0d0500f6
070717fa
09f404fd
f4f8f50d
fcfbfb04
fa030700
f5fb010c
080ff6f7
08fbf000
0d13f305
0a0409f5
e7fcf80c
f9f906e5
02f8fa0a
03e7faf8
00fafa0e
0103fafd
ec08e80c
ff060207
fcf61303
05fc0602
f8070306
f9fb0a00
16160afb
fc18f804
f8fbf603
02010a14
faf305f9
fdfc0afe
fc0c030e
03e903fc
000701fc
f8fcff07
f6fa0200
f30307f7
12ff02fb
f514f1ff
08f70efd
ffebfbf6
ee15fcf5
0afa0c01
05e607fd
05ec03f7
08fcf6f5
020002fa
fdfffe09
02f305f5
0805ed00
06060001
090603f2
0bf0fe0e
f0ecfa10
f20cfc06
05e90009
fe060cfc
fe0a00f4
070905fa
fcf4fcf8
05f5f801
eef7ff14
090b0f07
0e03fff3
08fef400
0406fdfd
0909f504
01f602fe
050205f1
0d06fc02
fd0b0dfe
00f30402
fe02010b
ff1008f8
01f508fc
fcfdfc0f
1708feec
0516eef5
02f707fc
f0f6fc04
05fafa03
f7f9fbf1
f9ec00fe
010902fd
f9f2f1ec
fdf3fa09
f9fc0f02
fde20500
f709100f
f0f70406
010b01f9
f00c0319
f5fd0a07
f4f6f8fc
fa00f7fe
0bf2f2f6
fcf7f6f9
0b040cff
06faf503
fd06f500
f1f3fefe
04f400fb
0007f6fe
020405fb
f5fa0f00
fe010807
0211fa0b
030df6f6
fbfaf7f8
fdfcf905
0900f5f8
02f405f8
09170bf0
0012f607
eff308ed
f8f70201
10010004
f8f7f907
11120b03
0d04eef9
f8f30300
fffafbf2
fe010303
fd0608f1
02f9f1f4
f400f808
fa0803f7
f8f404e9
fcf9f5ed
0806f9ff
00fd0e04
f90dfa0c
0400fbf5
0af401fa
17fa0104
03f8f3ff
01f8f60a
f305ee05
060cf500
f41000fd
090f0604
ff0d0cf6
f21df0fd
12fdebfa
0c0211f7
00fe0305
03fcf6f3
0319fc07
f90afc00
020dff0a
ffef0706
01ef0300
f8f20c0e
fefe04fd
160c03fd
02f0ef09
0509f802
e8000309
fa030700
f602f9fb
0708f7fe
08fa06fe
fc0a01fd
f117fd09
f70d07fe
02f70403
03fafe12
ede8effe
0212000b
0007f30d
f7f9ff05
09f3edfe
0bfa13fd
fe0dfa0e
f604030e
01f32600
fbf5faf6
07f9fdf6
f8020401
fdfe08fa
f801040a
010004f0
00f1f9fd
01f7fd02
fdfaedfb
fd0100ef
030ff702
0af90bff
00fcf9fb
f9f0f40a
0600f303
0304f609
fc02f904
06f4fe0b
08eff3f9
fb0af403
0004f1f9
05e608f3
fefef1f9
09f7f9ee
0701f7f6
0b03f5f7
ff08f306
08e5fffa
07100bf4
e703faf7
070405f3
fa03faf3
0f03fef9
fb02ff1c
0503eb06
08ff030e
0106f609
f002f1fb
fb0509fc
07090aec
fe000ef4
00f5fe06
0300fff7
0010fbfb
0a07f6ec
fceffd03
f704010e
03f1fdfa
06fb08f2
0dfd08fe
04f50901
ed120d18
fbee0cf7
f90cf903
f9070b01
fd0603f6
fbe8fd0a
f2040411
150805f4
f204f509
f300edff
040ffb03
f8f9fa04
05f7fd07
f60c18fe
0e09fd16
0009f806
f702fd05
fffaf5ff
f6f6f50d
11f809fe
0beefe07
f50a0c07
f801120b
e60308fb
0300ff0a
00fef410
eafa020d
08fefefc
f1fafdfe
08f70efa
0a02fced
07fafef7
fb1007f6
f811f6f1
effaeffc
f6fb00fd
080afa08
ff0004f0
08150502
03f8fd05
110603f8
fe0b0400
03f805fb
0103edff
fcfc0cfd
fef2030f
ff0e0009
0ef501fe
fafff20a
021af407
ff010104
fff3fff7
0c0200f3
fe00fc0f
fa081008
f8fbf100
000c0200
ff060a05
fb0c0707
f80200ef
10090607
f6f8f4ee
fc10f7fe
f3f506fd
180e05fc
07040700
0b0a0e01
f6fd0302
fffc0e0f
f8f8faf6
fdfd01fa
04fbfcf7
06000203
ed0705fa
fd0814f4
fdf605f8
03fbf206
f003f9f7
0c091509
14130301
15f60808
110a09ee
f9f20403
120301fb
fc000a02
0f0306fe
000603fd
f408fb08
f6020011
09fff5f2
0303f3f0
0712090c
03fffe0c
fcf5f304
0009f908
0807f3f9
080efff4
01fe04fc
fffffff5
01010405
0deb0717
04ff0bfa
e7f71906
0204fdfe
09040304
f70dff00
07060810
030503ed
fc060a06
030401f0
03fa0218
f6f7fcf4
11000405
01ff0403
f2fafbfd
08fffef2
fbf607ff
ff03ebfe
09fe03ef
0103f9f3
fbfd0af7
ff07f301
fa03fb0a
faff0708
f5f80800
fafb0df9
fc031004
fb010111
f90c0cfe
fcfbfaf7
18fc0af9
08020701
0d02ed0b
f30d06f7
fefcf70c
ff0af3f5
040a0c0a
14fef307
02f60905
f6f1edf8
04070dfe
04f9f3ff
070af802
e8f90804
fdfc01fd
f90d05ff
0d03f700
f80b02fb
fcf5feee
fa03f40e
01fffbf9
e902000b
feee0dfb
020102f7
fc0705f6
0f00eefb
fd050af7
ecf90801
f2050203
fcf7f403
090eff04
03f90af6
04010316
0106fdfe
eff9f9f0
f9080615
04f1fef9
0a0e0d0d
ff101b0a
f2f810f5
fcf4fd03
030dee09
fb14ff00
f3fa0704
16f4f8f7
f90b0df9
17ff0208
f0ef0401
fefe10fb
17f91001
f209ff0b
f5f903f0
f4f90c09
0bfff203
ef10f5fa
fb0d0406
071af306
00020706
0804ef08
fdfbedef
080e0bfe
f10a0803
fa0bf7fe
f1fb0409
f9f3fff1
f90309fe
f8f7ef06
09030409
0eecf20d
fd070f02
fffffeed
f8010105
06fd04e8
fcf4f6fd
fdf70200
fcf5e60d
fd0c1afa
ed08f3fb
010cf7f9
f9110dfe
ff1cf205
f702f4f6
06f10909
fc0d1001
10fffd09
fffbf307
f40cf508
0b10fdf8
f90312f4
f7e9ecfa
0c030609
fefa03fc
ec09f5ff
0000f707
06e7f205
07f91609
faf9f60a
04fcfbfa
f7fc22f1
f5051305
f11105f6
03f7f5fc
04040ffe
000aeefd
f507f5fd
0200fc06
f8f7fa06
f000fcf8
f7150cfa
06030def
0ffbfe16
09f0fdef
f9f8f9f0
030203fa
f705fe00
10071600
fc12100b
030bfc09
f611f7fc
f9f60f07
fdfbf6ef
ede80c04
fb06f607
0f05eb06
0601f4fc
05160305
06f1fdf4
06fe010b
0a160002
f70303fd
03020502
05f109fc
ef08faf4
f0fa07fa
fee7fcf9
0405f504
070cf8fd
ec120309
fa05f303
ff140309
010113fc
fbfdfc06
000604ff
0606fe01
f10f1308
01f6f7fb
06ed0711
f3120ffc
f1ffff00
fb0e0207
0d0f0509
09f811f8
fe19050b
07ed0505
0b05ff02
070efa0d
fe020a02
02010710
f604fafd
0302fef2
0102ed06
fc03fe0d
fb0df700
0cf6f7fd
fa0a08f0
06fe0306
05fdf8ef
e812ffec
0d0a03ff
08f1fd09
f7f9fbf5
20f901f0
15f8f3fc
fef701f3
00f6fd04
0bfef807
fe00f904
0b05f9f4
0a0f0501
05ff0c0b
fef4f3f7
0702fffe
040908fd
fcfdf6fe
fa02f016
10f3f005
fd0bfefd
030f0602
07feff03
05f4f901
fffc0902
08f6fe08
fcf8fa05
f807e8fe
1505ef06
01fb0403
0008fef5
000409f4
0cfe07ff
0209fdf6
0af709f6
090003fb
f803fe03
0501feee
0dff0909
fdfd07f0
f812fe0d
fef70207
02fe050d
0307ebf7
05e8fb04
f3ed0700
ed060d06
f8050e10
010a0119
fffff8fd
0502f109
ecfe0201
0efd1513
0dfceefc
0100fdef
f8fcfdef
ff10fbfb
00030af2
f90ffe15
f6f6f302
05f004f5
f8fefafd
f8fd0e00
0002040e
ee0702f6
16fce6fb
f8eb0bfa
f619f20a
0104fa14
08eff4f9
0bfafb10
fb1dfefc
0ae9fafa
09f90705
f002f704
fbf60600
f0fe0000
00050d0b
08f70003
00faf6ff
0af6f6f8
03fb0bff
ee08f8f2
fbfa0009
08eefdf1
f6f50ef2
f2f5eff8
f5001a00
020bff01
fe10f109
001709ff
0202fe07
0afc0ef1
f806f002
f9fcf4fd
fb0209e9
edf910f6
f2fc0702
0efefe0c
0d0b1401
0502f501
f819f0e7
0c110f00
070204fb
00fc06f2
05eaeeff
fb020eff
09ed0813
f80c02f4
060bff00
04f20a01
fdf50afc
f8ef12fc
08fa00f1
0d0d08f9
f01202ef
09e9fd0d
02fdfd00
0804ef06
07ed0af3
020300f7
10f0ecf8
0c0403f6
07050601
ff010cf8
0000ffff
e904060b
ecf5fe02
fd040f0a
fa1219fd
0806fdf7
09f6fefb
fd070006
08ff02fe
08eb0901
010b02fe
fd0dfa01
0df708f5
fd0cfef6
03f2f30f
07fffc0b
0507050e
fc13fcfe
0af5fff4
08f5fcf9
080f0e05
0107f902
f6f7f709
05f9fe02
01f605f1
fef9040c
fc06fb02
fd070a02
f9090608
fa010103
f9f8fb0e
f6ee05f5
fdf0040a
060e0afb
04070312
fffe0c0f
fe0601f5
f80206fc
0312030f
080ffa03
fff8eeed
0804feff
0b12faf5
fd020af8
fa0df8fc
00fff7ff
fa10050a
00030803
00080b10
f9e802fd
f4f306f4
05f5070a
03051209
04f90502
090906fa
f8030ef6
06010102
eefef7fd
000204f8
f6fd2406
fc0c12fb
f9fb0dff
feff0bed
08fa0bf7
04040504
fa00070d
0505f903
00f20e04
f9ec140e
e8faf001
02f404fa
04f6f702
f7ed0302
040205e9
04f4ff07
09fe06fd
fdf60502
0404fc0a
f309ff05
02e70010
f3f7ee02
fb08f9fe
fb0cf400
06fa0cfe
e9f6f6fe
f8f8ff04
02fffff4
0704f4fa
121103f6
fff1f5fc
f8050100
ec05f605
0ff0f306
140bfc02
e901f9fc
1516f402
ff09fe03
030c08ff
f9f6fdf6
07050803
0b14fff9
0309ee03
0700080b
09fd1604
fc03ecff
040602f7
f7f8f0f1
08fe0b04
f90c05f7
06e4fbef
f8080f09
02fbf5f3
f2030b03
0911e912
170bfef4
fdeb09fb
0ef906f0
f7010202
fdf81011
08fff50c
fc06e802
0b09fe10
f409f108
fef9fa04
f7f5fbfb
f8ff03f8
04ff140d
01ff0a01
fd00f901
f4070cf3
03f5fcf5
0e03fa06
04fff5f9
ec000501
f40208fd
08fc04f2
010c0608
05f4000b
030c0103
05f709f8
0507fa0f
f7150b01
fc040d0e
0206040a
fbf80a0c
ef0c10fc
05f60212
09fcfefd
ecfc07fa
fb0bfff1
07ebf6ff
fff2f1f0
fb1501f9
0df70104
f3faf6e3
070a0d09
0303f601
f8000d01
fb01ffe3
05f5030b
f6fc0701
0702fd00
0dfe0ef4
fffbfb0b
0c07f700
fffb08fb
ffe9f606
f5f30c06
0302fcf9
fffc0903
110401f9
f4f702f0
fcf719fe
f5e7fd08
faff060c
f10308f3
0f01eeeb
08e90508
0308fdfd
07f9f8fc
010f0706
0416fef8
fe03fd08
18fe0106
fcfcfa07
02ecffef
0cf1fd0e
02fb07ee
04fff8fe
f8f504f1
fbfb0aff
03edfef9
ef0802e9
f4050f05
06e6f401
fc03090c
fbf808f8
09ff02fb
0406fee9
0300fcf0
0b02fe0a
0af0e7f5
0205fc02
01fa1008
10ff070c
fb0aeef8
0a030fef
0208fcfa
0108f8fa
f8ed0800
01f4ff08
0a0aeff1
09fd0801
fe01fc05
0b001207
0703f7f2
f305f8f1
000f0104
f4f1fef5
0b00fe05
fb051b01
0a0a0006
e1ff0601
edf90c00
0701f3fb
ff08f2eb
030702f8
0e051201
fb0afffd
0ce915fe
04fbfff8
01fefdf4
ffef0103
f5fe10f1
f0f2f3fc
f90906f3
00040afd
ff0bfd03
07f61604
eef700f8
eff6fe03
06f007ec
f60bfef8
faf110fc
06fd1107
edf10d05
fa0af00c
00fff8fc
0af10ffd
0bfb10fc
1304f3f6
05f2fa04
04e606f9
ff09f8fd
0f0c0e00
f1fafc01
09f8fbfd
0ef40f0c
ea010312
eb0905f7
fdfc1108
0bf10104
f80dfd05
06090804
ff0c0500
0afe0f01
080efe09
0de9f907
1afdfce3
fbfbf9f9
fff3fa06
f9180207
00f5f4fc
fb0eff01
0100f4fa
02ef02ff
fc1000fe
f8070d0c
fefbfcf1
0813fa01
ff000af8
ff05fa08
02f50305
0ef1f7e8
f30902fc
fb02fbf4
0c0e06fb
06010604
fff80206
f6f3fcec
fdfe0703
fd0202ef
01f4f205
f6fb0c01
edfbfaf0
061100ed
fc0d0903
f6f80404
f6090d06
fd00f709
fa05f50e
05fdf210
01ffff03
fcfdfb02
1108040c
0105f704
fe17020e
07fbfef0
f6f9f1f9
0008fafc
f9fef5fa
100206fe
0103fa08
eafa01fa
080cf6ec
050efbff
fd04f905
07070602
eeee06fe
0b00f213
fa0412f5
0c0111fa
f903fb11
0801fa05
08fff6fb
010c0801
0909fff9
f80b03fa
1504060b
fe06ec05
07f4fef8
0f01f701
edf012ee
00fff8e6
f8010bf1
0301fb02
000405f0
fd0efff7
fe0e030a
0003fcf2
0611ff04
1200fffa
000c0cfa
fff4effc
0003040b
1102f801
f403f713
fef602f3
0105f406
f305fb11
fa07f715
fbfc06fa
f30a0e0c
04f912f1
f104f5fb
f51bff06
0803fffe
fd0cfdfc
0702f40a
0df70305
f50406f9
f4f803f8
f5080908
0909ed03
f80103f1
f7ff030f
f7fefafe
030f0900
05f7f50b
00fffd02
0901ffef
ff160500
f502fb00
fc0dfc02
fb0f06fd
fef9f607
01f6fef8
09f6fffe
fefe0911
0ff9fcf7
eaf60400
0cf70c0a
fc02fbfa
0a09f2ed
f4170504
01fb0709
0f0103f6
0e05f9f5
02fe0703
06fbfd0b
040bfdfc
fe0cf5f7
f80c2203
f0040d00
06f808fe
0afb06fd
feeefffc
fbf3f5fc
fa010207
f902f0fc
13f5fffb
0a0114fe
eafd0bff
03030d16
f4fe110b
fef90614
f3e90004
03f4040a
fb0c0100
f0071bf7
fff50d18
02f4fe04
e80006f7
0af901fa
fc000603
fffefe0b
0ff9fd03
ef0100fd
01fcfa03
f4fc050c
f8f6fdfd
0b04f7ef
02fd0ef4
f5fdfbee
09090206
fd01ec09
fd01fd07
eaf001fd
fff8070a
080309ee
0210020b
fcf50300
fa0efd0c
f805fafc
fc121304
edef05f3
ed02ef00
fafcfeee
0512f7f1
f505f802
03fd0203
fef9ff0e
0816f9fb
0ef111f4
091001fd
fbfe10e9
030df0fd
0002fdf2
f009f3fc
0e0104fd
f214fa15
f8ff0a0e
f400fa00
02f91d04
0106ff0c
f901f012
0507ff1b
fc050309
f70c06f0
040afa00
f5ffee05
fbfff200
ff0a05f4
fc04fc06
09f509fe
f1000afa
fcf3f9fb
ffeef90d
0306f605
f6f8f4f7
03fa07fa
0300feff
010bf60c
fc0d00f3
fd050110
fef7eafb
020bf70c
00f203fe
fbfe04f4
10f61003
02f20109
01e9fd0d
fffc0914
f9f8fa10
07040003
effffa08
07f90f12
0aedf902
0f0908fd
0e0a0610
0002040a
fdf6fcfb
f9ea07fd
01fdf90a
0010f902
030501f6
2bf81029
f6fcf708
f7f3f6f4
03fa03f8
0603f601
07100c0e
fbfb0717
0d01050e
161100f9
000dfe00
0dffff00
10f80702
0d0afcef
f5eef902
18f401fc
0d020603
ef0df101
11f4f708
02f40202
0e08e9f5
060600f2
00020505
02ecfb0b
ff02fa02
04f40212
07f5090c
fbf81408
07f900dd
07f8fbfb
fcfdf5f9
0b051103
0c09fe08
020a0c08
00060008
f3fc0708
f9020ff2
fd080eea
f8faf706
f609fff6
f9041306
0105ff16
fe0516ff
00fcfefa
05f20304
ef02e908
0b171506
050308ff
0b07f3f5
04020cfa
f40df4f7
f8fb1001
05fcfff2
fb030600
f9041205
f900070b
0a0710f7
0a0a010e
0403fcfb
0207f5f1
fa0bf9f2
05fffd03
160f0a09
fcf4fbfe
04f704fb
11fafdf5
05f3030e
05f9060b
ff050318
f9f5fff4
0202fb04
f800fdf7
00fd0c00
f903f6f6
fffd07f5
f3000cf7
0802fb15
0b0502f5
0ff90afe
0303fc10
f2fbeaf9
fa09ea03
0a0dff05
fd1804ff
f9020b11
0afc07ec
fa02f208
fdf0fc05
e3fa0af3
ffea0c01
f603040d
f5f3f7fb
010bfdfd
0209f2fb
0d04ecfa
f5f9f80a
02fd110c
0209f7f4
fe06010a
ed010dfa
f902050c
ea08f7f7
0bfeeff0
0604ed0a
f7fe01f9
03fb05f9
f8020003
f503fe08
031203f6
f4f0fdfe
030d0a03
f9f3ffef
02030cf4
0bebf3f7
010508ff
f6f6fefb
f5fc0efd
f1fd0304
180bf90b
fe11fffd
f5e9f703
0005ef10
f4000003
fffd11fd
f50ff906
01fcf1fc
01f00409
fffaf501
05eef515
0efe02f8
e2ed0004
00fc02f2
09fae9ff
000904f5
fdfb0906
f8020007
f5120402
f00412ff
040bfafe
fcff0901
f80502fa
fd05f6fb
0d0009fc
070b09fd
131603f9
f3130205
ff01f1fd
fef918fa
03f7f6f5
f50707f8
fa10fa1a
110601ef
01030608
f71a01f6
04f0f9fa
000d040e
04010200
051104f8
fbeffff5
0314f9f6
fb07f3f3
f303e9f0
ed0bfa0d
04fff30c
f6f807f9
010906f9
03fdf6f9
f70a0112
fffcfefc
09fe0704
0410fefe
fe04fc0a
0af4fdfc
06f9e608
0b02ed04
1209f605
0207fff7
fc0cfeff
fffdfcf9
110a010a
0202f4fe
fdf5f603
0e00f802
f604f604
060602ed
f9fe08fa
fc0c00fd
0afaf3ff
061a0ffc
fc0309ff
f1070e03
06f8f7fd
02ee00f2
f7fdf4fc
f7fc1210
ff05f108
08060212
f4e6f608
fef205ef
05f201f6
fe02020f
1504f40f
f906f7fc
1a020703
07f1fdfe
e8fe01ff
09fff2f8
01010408
fd090ce6
11f61508
0b08f709
f507feee
f4fa030e
f5f9ff07
06f906f8
0e060305
f205f804
060f0408
09ff1502
f5090bfe
fe07f707
13f90a03
050202f0
0d080b02
040afa04
030a05f5
0aee06f4
03000af4
130c0906
f909fcf8
fc04f50a
fded0502
f5ede6fb
fcf2f8fe
f9fa10ff
0cfc0f03
0300030d
10fbf408
fe14f1f5
f1001709
e50501ec
f9fa060a
09eefff6
fe0202e8
0ce704f8
0bfd0208
f500f9ef
0ffa03f5
f8fbffed
ff0609f9
eff500fa
f5f40504
fbf70d0d
05ff00fa
f600f204
fefff505
121afb10
1e08110f
0306f3f0
080dfdf8
0a08f401
0005f60d
fc040bfc
14ee16f5
0110f3f9
0bfffa01
0aefe8f7
f9f3fa09
0706fd03
0800fc0b
ff02fe01
0010100d
fefbf402
edeef604
f309fd08
f9f101f6
05fb0903
1316eff9
0cfc0fff
f5fd1102
03fdfcf5
0dfdfdfd
02f80af5
030bfd03
0ee30a07
0af808f6
f9f6150b
16110a0a
fcf0f507
fd04f801
f206fbfc
fe0001fe
fc0305fc
040afef1
06f50508
05f806e9
eb0710e9
f9010df8
07fb0607
0306f8fc
eef6f5fe
fc00fffe
00fa09f9
f2f30b02
ff0403ff
fb0204f6
fdf90be1
0c190416
01ff11fb
fd08f8e9
fe0bf907
0809fd0d
f40305f7
f302f606
05061805
0608fc05
0aecfd01
fb04f9f2
f7f1fb07
02011409
0d00fbff
fef4fb01
f4fcf4f9
0510fc03
f5f402f6
0cfe01f0
faf311fc
ff0e06fa
04fb0dfd
05e7f1fb
10f00c08
0305ff04
070413f8
0f00090a
09fcf6f3
0109ebee
f3060bf9
090bfef2
0002010a
f7eefffb
f20c0bfc
f31309fd
05faf10e
fdf4f70c
f50bf908
f7fa0507
010811eb
09f6f70d
fcf60807
f6fc0bfe
05f8ff08
fdf9060b
fcf9fd05
0512f0f5
fc0cfbfc
0e0cfb0b
060af911
00fafffd
ecf00104
0ffb0405
f901fc06
0dfa03f5
0001fe02
f013f902
0d010703
07100206
00ee0801
fa05f7f9
f5050408
0bf6f602
100a0e05
0bfa04f6
06fdfcff
f90201fa
f5fa02f8
0cff01f4
f80af405
e60bfe09
f201020c
06fc17f6
05090b03
f7f005fd
fc0cf10f
fc06f8fb
fbfffbf2
fa0810fc
06ff0aff
f9f3eaf9
00eff80b
14f8fbf3
0201fd06
f403f1f8
fdfcfffe
0705edff
f80c0df2
01070800
fbf0f9f3
0afd07ff
0914030e
ff03000f
fbfe0509
00faf600
0ff5080c
090ef7fd
eefd02ff
1004000a
f3f30310
fdfd04fa
ed0107fa
15ef04fd
10ff0204
09e8faf2
04f70c1b
eaeffe00
eaf109fd
fdf50cfe
ef0a0a09
1502060c
ed0209fd
fafefb03
0d040ef3
eff2f102
fefbf5f8
17fae405
0408f809
09fcf70d
07fdf213
fd0e010d
0204fd07
f6fa1306
0bf8fbf1
0cedfd08
0903fd13
f8f70413
f3020d00
f20205fb
f30d0700
fc01f103
fa18f6f8
010b070f
0a060701
fd040309
faf0fdf5
1c23fcfd
0f02fbf5
ebf902f6
08ebf2fc
00ed0dfe
fbf9fd02
fdf0fdf9
fdfc10fb
12090b01
ff04eafa
ebfd0e10
f2090806
02f9120c
04fd01fd
ed050afa
f9080713
0bfbfe0f
00f70bfa
0cf5fb00
13040e02
f5fef20a
0010010a
01050709
ef030808
0cf9f302
0d0d07ee
010ff4f1
00000002
fa0102e8
0cfb06f8
1502f806
02fd09f3
0e13030a
f9fdfc11
fdeff0f9
02f60a09
02fcfdff
f5070cfd
0004f6fb
0002ecf7
fe0df6f8
fefa06f3
ffed0a03
fc01ffef
06fc0df9
00fffd01
05ed06ff
faf8e704
0f0ff9ec
07130808
faf60a04
edfc0401
fb0ef0fd
ff04ef02
160cfdfb
0408ed16
0901ff02
f808fdee
0f0012f7
031906fb
f9fffdf9
0b0c01f7
0901ef0d
fdfeff15
fe050211
fdfd0bfa
02f50e12
0007ed1c
f70b040e
f5f0fc0c
f2f20bfa
08f007fe
fc05fbfc
00f70403
02050903
fa020ff4
fdff0507
090907f9
f90400fc
02ff03f8
06f40b01
fa080107
04020605
1202f1fb
040409fb
03fbfef9
f70ef803
03fd07f3
fafc00ee
02fdfbf9
0b060902
0002010f
fafbfa11
fd040103
050afffe
0a07f808
faf80009
fcfc04f9
030202ea
0805f504
0b0602f8
06f50efb
eff503fe
fdfbf606
eb00eff9
fdff09fa
fe08f2fc
fcfffcfa
f3fd03ff
0df4eff0
fdf60901
02050116
0205fffb
fefbfdf5
05f2fff7
fb00f601
06100c0a
0906fbfd
ff09fd06
fa01fef8
03fd0801
fd0507e9
f107fcf7
0507f613
ee0d04ff
fffc05f6
eb04f5f0
ff0efbfe
fc10fbfa
fd0cf906
fbf609f8
15090a14
f503faf8
08f9f7f0
faf7fffd
ffff0705
09fb05ec
0105f611
fb0105f1
fafdf9fc
f40503f4
f7f50a07
f9f9ff0d
fc1cfeed
04fdfaf7
fdfdfaff
0bfa0b01
fef80312
0a02fc0d
02ff0ef8
f40afcfc
02fb0501
0612ff05
0bfb02fc
0dfa03ec
0f10f9fb
f30e0323
0e05fafe
f70eec06
f807e9fe
04f40712
fd01fcf8
1101fdf3
fffb0700
010201f5
0c0100fa
ef190602
f503050a
f4f60506
f8feff15
fa0c0603
f00eef09
0bfb010b
f6fceff9
05f50b01
fbfc0315
08eeffef
0112fcf4
000effff
040f07f9
03f90af4
fafff605
fc050904
02f5ff04
1c0ef5f6
fd070203
f60001fa
f0050008
e9080e1a
f6070404
ff00fd14
eae90404
fbeaffff
f3fd0408
0709ee06
05031205
ff0a0bff
00fff20c
0c0a0a07
04f7050e
f6fe18f8
f30ef500
fdfc0505
080111fb
08fff906
ff1af40a
f9f6fb02
0200fe05
02f8fe12
060510eb
0bfbeff8
fe021d02
070d01fa
f4eff704
fc03f505
fe030ff9
0205f8f5
f807fdfe
f1f904f2
faf802f6
06060a00
0af0fe02
2004fc0c
0b0f110a
f602fa06
f9fefe07
fc13f2ff
ff000716
11ff070b
fe030d09
10eb0df2
f90603f4
0bfaffef
0a011516
00fbf901
0004f4f7
0300f60e
f6fb0ffc
0bf40002
0cff1704
f2f006f0
f4fafdf7
f90e13f4
f0000e02
f8f9f003
fb0607e7
0de4fdf8
0def0101
07f813fd
f9f7f7f8
00090307
ffff04fe
0400fff9
05f3f90a
f6020503
f60dfe0a
f60002f1
ffff00fa
fdeef0f3
00050bfd
f0040af8
feed0508
f011fc07
070af201
f9f603e1
f7fcf30f
edf503f2
fdf8f907
f5fffb04
070d04fb
09fd0214
f7f41508
f8ff0209
f618f1fc
f808f001
0205fdf9
f4e810fc
05f7021b
fb01ff08
0d05f0fc
02ecfc03
fbfb1b0d
f70a17f4
fbfb01f6
fef8f1fd
04000a03
0004fdf8
fdfd0007
fee1ff09
0df50412
0507f7f7
0c0e04fb
0df204f3
16f80ff2
e50808ff
030d0607
efe7060c
f900050c
ed0e0b03
fffef1f5
f801fbf4
edfdfe0c
f8f810f7
fd0700fd
000afc04
02fcfaee
02f204fb
080cfd04
f9fff4f4
07fc0704
fffd0e00
fbf70ff6
07f500f8
fbf5f910
ef09ea14
ff030504
0406f9f5
0208fc0b
fafc0411
f7fd11ec
fcff10fb
0206fcfb
fef704fb
f6f10702
f8fef4f9
00f9f80a
fbf2f2ee
fff40312
06fef103
f80604ed
f907f4f1
f7ff060c
0311f9f1
16f706fa
f101f602
010a06ec
09090000
f7f80301
0ef6fd02
0501fb00
fc0106f5
0afe0702
fcf702fb
08fcff05
0e09eff7
010a00f9
0002ee04
0af3ef09
f9f1f9f7
00fefdff
18f0fdf8
0304070f
f2f60afa
040509f2
e70cff02
ee00ff0e
00fc1c0c
06f9f505
0af41212
0600f5f8
fdeff403
f709f301
f71310f3
010f06f1
fefffefd
06f4fdfc
f9f307fd
0305f900
12f30808
fefbfc07
0d0c0215
fef50301
000302fa
04f4f6f8
12f607ff
1111050c
e0ff10f6
0e000302
fe0a0e09
fd0104fc
090af404
03f10404
f3fcf801
07fa0905
f8f7f0f6
ebf602f4
f70600f8
f8fdfaf9
f410fbf5
0802efea
f903fa02
02000802
02090601
ffebfc02
f8f9050d
f5f9f90c
f2fafb07
0efe0407
fa03fbff
06fdf208
0d05fef7
02010b0a
070e0405
fffcfcf8
010002fb
f9f903f0
f4f906f8
fafb020c
f50df5fd
0119fdf8
f90cfb03
f0fd01fd
0b07fc14
fd00fefd
f5fcfd01
0408f6f8
1406f2f5
0f0ff903
e7f9fdfd
05f913fd
f40c03fd
0016fe07
f6f1f8f9
fbf4faff
fff80419
ff0af9f1
f209fb00
fefb0bfb
faececfa
f2f30e00
00f7f5f3
08f8faf3
02030c03
f9f80408
f7fdf0fd
0600fbec
fdfd0efe
eafe0204
0603ff0e
f3030310
0000f8fc
fd0805fa
f8fdf9fb
fc04f903
09fe1704
ff0fed0d
04060200
fb09f204
020cf6ff
01000203
0b0200fe
dffdf8ff
fc000efe
fefbef04
fefbf3e7
02f90314
020905fb
0af702fd
0c0bfe03
fa09ee09
020dfb02
040405fc
fefff6fb
fb06fcff
03fb0ee9
02f90aff
06f7faf4
0bfefaf3
fc0d0018
0df10006
fbf9f113
04f7ff11
01fd0c01
010502f7
0dfb07e9
e9070606
00f71bf3
f1ecf6f3
0cfcf9ff
fb0c090a
f4fcf6ff
0403f807
0cfcf4f8
01feff0b
0300060f
fcfffa07
fdfefe0a
ff160cfe
f7fb0af8
f2f80005
fef5f203
00f9f80e
fbfef502
f00efa00
0b03f402
08081006
fff314f9
0c0002f1
14f5fee9
02e9f4f7
f8fe0a04
fdf8f104
0dfaf90c
f6fbfcf7
fdfc0300
fe10ff02
12f4f90e
00eb0005
fef105fc
fe020c13
fbee00fa
0006f00b
00ff00fc
09fbf5f8
f30a03fe
00f2fe0c
f412ff00
fa0b070f
f30bfeef
010900f7
0603fb0b
00030605
160108e7
e9fb02f9
fafffff9
0ef902f2
f1f2021f
f9fb14f8
ffff00f7
0ffdf90f
04fc0005
ec0bf7f6
fcf4fa02
02f80afe
0e04eff8
05fa0510
0c0df8f6
07e7ff00
000b1108
041001f9
f1040203
ff0b06f5
00fdf305
fdfcf9f8
fbf8fb0c
0cfaf7f7
04f102f3
fa05fc14
03060705
0b1503f2
0af614f6
13fa0600
fa06fd01
090b0ffc
fe09050d
0b18eceb
00fd03fb
fcf7f90b
eb0807e9
fcf3f8f9
0e001b04
0c06f3fd
0c02f108
070309fe
f90a0200
0eefe9f4
000409f5
050710fa
0efefe0a
04ff0000
0e050905
040b0bf6
07fcfe0b
f5000703
0cff0205
fc010203
faffe904
04e70dff
150c0601
04fc06fc
0f00fdfc
f90d04e7
0afcff00
0c0cfdf8
0a040108
f1eef200
fc0305f7
ef09f9f4
0f02010f
010201f3
ecf60c03
fc05fc0a
f6050104
120000f7
f7faef0b
faff0203
01ffff01
fff10116
110c00f9
f801f709
fa0107ff
f6f413ff
0304090d
06fff1fe
fbf5f9f8
fc0806f7
0ff304f6
000fe405
f008f8ff
e8080ff9
f307fa04
0d050dfd
02f50809
fb050502
0907f410
08edf1f9
04fdf6fc
fefa04fb
05f70310
0d06fcff
f7000cf6
f6f61cf7
fe0500ed
13fd06fe
fb14fd05
fb0cfef6
fffc07f7
03f70316
ec03eef3
15ecfb13
03121207
fb0703fc
0af8fd0b
05efef0a
0a0811ee
fa0104fa
f806f5fc
f9f2fe0f
050900ff
fb04f8ef
f702fcf9
08fdf118
06f20102
f4f8f5fa
fe0d020f
060000f6
0af7ff00
12060401
0301f202
f907f7fb
01f4f7fd
050907fa
fe020700
03e406ff
0810fff7
040705f4
ea05fbfd
0200100a
030702fd
f601f700
0908f8fc
fbff07fd
fa04f707
0709fefe
f5140204
fe08fa05
04ff00f2
f30a0406
070d09fe
fe06f5f8
fbfa0809
ff020207
fe1217f4
03fc0205
f30efb09
fd0410ed
0ffaf809
03fb010a
fbfcfaf7
f20aeff2
0dfffc16
02080510
04120aff
0403ef00
fafa0a11
f70b12f8
f8fd05fe
fd020cfd
fbf60b04
00f20a0f
03070e02
fcff02f3
ff04eef8
030603f5
020b0007
060500f4
09eefff2
f6ef1004
f9f20af6
f6001109
04fcf5f7
edeefd0b
0cf70403
17f50e10
14f216fc
08f4fe04
fc0af8fb
1205f5f8
f6fe0202
09fafc02
fa050503
04fb0004
fb0c010a
fd05ea07
f90f0506
01fa080c
11f501fe
090710fd
01060601
02110408
0a01fd0e
02fb07fa
fd03fbf9
fd050af7
0af2fdf7
fa1203fc
000a0807
fbfe0df9
0b030609
fdf60b02
05f403f9
faf70705
090402f8
f9faf60b
fbf30d03
06f3fffa
0e05fa16
fefff902
050a0202
f1f8061d
ffffff07
f40911fb
f4ff0211
05fcfefe
ef030bf7
f7fff702
ecf90bfd
fdf905fb
fd07f912
fe10f4ef
fe06000a
03fafdf5
000bf908
f802fb15
fef2f405
02f8fbf4
04fdf4ff
01f000fb
020b070b
ff0809fc
f815fd12
f1010405
f3ecf30b
0ef5f8f2
fcfe07fc
fcfb0af9
02fcfcfe
08fefd0c
e9fbf508
01fa0907
0a05e8f0
01f702f4
0a01e8ff
e7f60f0e
02030702
f2050600
07fe04ee
06060efd
f507f102
0fff0203
ddf20f01
f4ff10fc
041104f1
0501ff01
faff0200
01f00314
07ff07fa
0d0d0905
fc0bf60c
08fe020d
06fd12e9
ff030500
0b10040d
f1090202
130707f7
010bf411
fffdfbff
fdf70b03
fefd0402
050203fb
f304ff14
0e03ff17
f90309fc
05f2041a
faebe904
f7ef09f9
fe0f0902
02fb0c06
0ef40503
08f90d11
08f11307
0bef0c02
f408fafc
0ffefa01
f80a02f3
02fb0c06
020009fd
ff04fdf8
f8fa0bfe
0fff01f1
0b04f808
f414f5f7
fa05fdff
09fc1208
fa040b05
fbeffef1
0a01f301
0af9fa00
fff3fdf5
f0f905f9
03fcfcf6
ee0016fc
fbfd0e04
fdf40d09
08f81102
f8fbf007
040dfa06
08f5fffc
f401f407
03050c01
0501f7f9
0af60a0f
130df310
f7f60dfc
f2fdf1f5
f300fe03
f708fc03
06fd00ee
07f90004
e702fb05
0be2fb08
fbfdfefd
f80608fc
f0eb0a16
05fe0505
051300ff
f6fb03ee
fbef1118
fffd04f5
0501fd02
e9071003
fafffc03
fef2fc09
f5fb0bfd
f90807fb
f90905fc
0e0411e8
13fd13f4
fb020300
0808edf7
fa010104
0f0d050f
0712fd10
fb07f212
f00306fc
f80515f9
0603ff07
040c17fc
0d07fafe
05f8f4f1
fc07140b
05fbfe0c
060bec06
fa17f7f9
05fef903
07ff0109
0ef5f9ff
050efe06
ffebfe00
fd1a0809
01010a03
fffcfc02
fcfe0a08
f616fffa
13080c06
0205f2ec
09010e08
fe070802
f6fe0312
fe011107
03fbfdf6
0c080cf6
fff801fa
f3f60704
05f7fefb
05f608f9
000417fb
ed030217
ff04f106
ff0101fb
02fc0603
f5020802
0b08060d
0002f700
021d09f9
02fbf5fa
f60402f8
0cf6f801
f1f900ff
f5110208
0af2f8fa
f3f7020d
091402fb
fe0d0300
02fb0a04
0304ff08
09fef501
f81005f9
06fffc01
100203ff
fcfe0a02
0a02f802
ff120a08
0c10e901
020b01fd
f0fcf801
f1f702f5
0e04ef01
eff4fafd
fbfffa09
f402f9fb
0f04fd03
fa07f706
07000401
100ef900
02f3feff
090f000a
faffeef7
08fa0007
03f1f8fc
f708f2ff
fc1210ff
fc0105f0
080b020a
fcfa1606
eff3f6ed
00f3f513
f900fc0d
0dfeff01
10020805
01ed08f7
0ff9f5f7
03f6ef0f
04fef1fd
0502fdf8
effbfa06
09f904e5
03f8e907
fe060b04
f509080a
080c050f
0afbf4f7
f8fd00f3
07f6f5ff
ffeffeff
fef6fffb
00fe0709
f7faf807
081bed02
fc0afcfa
f1f80bff
f7fb03fd
f20cf3eb
fdfbfa0f
1706f1fc
1eff0808
19f406fc
fe050809
f5fd0a01
0ef60a01
e5fdfdf8
09ed08f2
13fe0915
fdf0050a
f20c02fc
07f9fa00
00e50507
07f3ff11
f00cfefc
f2fdfcf8
faf3f8fd
02071214
0c040001
fc0bfeed
07fcfc05
00020407
0df3080f
08eefffe
01ecf916
08ef07fd
11110a00
fd0e0f0d
fd0d02f7
fafcfff0
0af1f5fe
fffd1101
070b02f6
07f6fcf9
08f605f8
0cf60606
f0f40715
07fe0bfb
06050901
03f4000d
02030dfe
01f5f304
fb09f301
fe050401
010a0612
f7f20701
f813fc00
080606ec
f4ff1105
0cf5f209
fbf80cfb
13ec0600
fbfb06f2
fffff4fa
0215eefe
fffb09fd
f9f802f7
0c0ffbf6
0004fbf3
0b0cf408
fef1f2ff
0b0406f9
f3faf2dd
0305f6fb
fff4ffe9
faf4f8f8
e8f6f7f5
05f800fd
fd0c040a
fa010ff7
fc01edf3
fee9f509
03f9fdfa
eb05070c
f302ef02
12060607
0c0b0f0b
0108fc08
fc09f9fb
040104ff
f4f907ef
05fc0bf7
f9f709fe
06fc01f5
10f30400
0b02f900
0d000efb
fe11ff14
fd150306
fae800fa
0bfa0205
040b0601
ff120cfd
fafb0702
0afa0707
03010100
ffe9f2f6
0cf2ff05
f7040405
09fd010c
0102fb14
0dfa07f6
fb16fb07
08ec0ffe
10fbf9fb
0b15f905
0fff09f4
f205f807
fb01fb02
07f808f1
0106f303
08ff040f
0bfef005
03f800fe
f70d0807
f604070f
0ef9fefc
08fb01fc
f4ed0107
040d040c
10f920fe
0df5ff03
16fe07f7
0f01f608
14040708
fc0df203
ff0404f8
f80bf810
02fc0705
000015fc
06020d01
f3fc0ffb
fb0f0af7
f003fc02
f2fff30b
f107f703
f70b0e03
00fff808
05010ffe
1806f8fc
0aff0a0c
02fb0107
09f00102
0201ed09
020719f0
05eef7fd
07f4fd01
02ed070f
fd060be2
03f208fb
0603000c
fe07f604
00f903fe
fe0e02fb
0805f5f7
1505f503
fd0b0407
08000d05
0efd08fc
f1f80b0d
f2fc000a
0208ff0c
0b050603
fc0e0809
0bf410fc
000c0108
050509f0
f20b07fc
fe0701ff
01fbf31a
f2040700
fb1801ff
1318fdf9
f4fe0dfc
f5f2fd05
fffbf3fc
020bfb08
02fd0304
1803f304
010aff02
02150314
f801f201
fa01ebf0
07f8ebf4
f6f6f9ed
09ffebf0
0cfdfeee
0b120cfb
0500f5fe
09f31814
f61611fc
0700f301
f7f10704
f905f7f4
f8f806f9
02fd0008
edf904f6
fefaf2ff
feff010a
0509070c
f70506f0
fd04f60d
01f41101
08f70df5
0af807f0
09fee70b
f0fefe0e
f906e606
f6effa08
071e011d
ff0cdef7
19fef6fa
030c03fd
070303fd
020cfa01
ff0bfa15
08ff0709
03fbfd07
001306f5
040ff110
02f6fc07
080415fc
fa08080c
07fe02f7
f40aed0d
0612fa00
fdf40bfe
fdf308fc
050b09f8
fd0604fd
00fe0bf2
00f0f2f8
03fcf017
14f80314
f9eafc01
fcebfcf0
080004ff
fe11f300
fcf40ff9
08f3fdef
feff0d07
01050403
03faf8f6
0c08f908
f90714fe
010a05f5
ff041207
0de9fcfe
0efd05fa
070608fd
1709f412
f90a1009
00f1f80e
06f2f10a
f8e90a12
ec02fd02
fdfffa15
030203fb
f30001fe
faf205ff
01040aff
fdf713f6
ef0efdfa
080c1309
0013fd03
0204060c
fe08fdfd
17f5fbe6
0b01feff
020b0101
0605fd08
00f90300
fe02fcea
0402020e
0015f0f3
00fe05f9
10f0ff08
10f5f7ef
010e06ff
f503fef4
feeeffea
f5fef301
03f3f20a
070c0307
09000cf8
ff0103ed
f0e80005
fdf609ff
f9f5f302
04fbfa0b
f8fcf00e
f0fc0513
030904ff
1614fef5
fefc00fd
01f8fd0b
040df609
ff030706
edf1f604
f301f9f7
f6ffff01
09ff01f6
ecf9f20d
0df6fb06
fb18fdf3
0300fff6
f80ef712
e904faeb
ecfe070e
0ff7f0fd
020a09ff
03fafd09
f3faf6ff
0a09e40a
fc05fbf8
fb1102ff
021805fc
00f50e01
10f9fcfb
1103fcfe
14ff0203
0902f2fa
1d06f214
f407fcff
0006f3f5
f2fbf5f1
0eff09f6
01f600fd
0ff60306
05f0000b
02faf100
05f5fbe9
fe0c05f7
0e090801
03030001
0f011d0d
0c0cfff9
03090cef
0ef803fb
f2fa14fc
f3fbfaf1
00f60910
07f6dff7
060f0309
05040efb
f5f30bf3
fd02f3f8
ffff0202
05ed00ef
030e0fff
faee0601
fafc0a04
09f7f90a
04ff040b
fd040cfc
0a0b0cf5
01faf002
f2f3fe05
09070ef5
f7fe0800
f4fcf816
f7ff1409
e9fc0408
fc02fa01
0cfa0bf0
fffc0cf8
0507f303
10fe0afa
0b0506f8
02000af5
ed040003
fcfe0a07
00fdff04
14fa0504
f6fdfe04
fdf5f802
080100fa
f511fdfc
0508fcfe
ff0102f3
fde80a08
00fef30e
0b1414f4
08fbf620
02fb030f
050cec0b
1afa0dfd
0afef407
0306ecf3
ff110f00
0408f1ec
ee06fb05
0afff00f
faf200ff
f7f3f807
f8fc0213
1a071105
0112030e
090bf8fb
10fefafa
02f4fbf6
16ea02fd
0b170c02
fafaff07
fce8fbf6
0d0b00fe
f900f0e4
050600fb
0b0a00ff
0d05e901
040a0709
eaf804fa
f1fb0415
07020600
0311eb02
f9ee0701
fe0ffd0b
15fef6f3
f1fa08fb
f6ff00fc
fc060c04
fafffd0e
0317e7f9
fe05fdf8
f4eaf208
f705fdff
0306fb0a
0202eb02
ec020de9
07ff03f3
02fd14f7
fef80b0a
07fe0403
180d0604
07f904fb
000a0d07
081afc0b
0bea07fd
f501fc09
ee1b0209
ff0df703
01f8f50b
0b0a0506
ea08f60e
040503fe
110301fb
0508fefd
f3ee0700
0cf70800
02fdecfb
f404f903
1000f5ff
04fb1205
020110eb
f800effb
fefdf4f3
eefaf5f9
09f6f4f7
17fb06f3
000ceeec
ecfb0305
f705fbea
05f50a01
0f00f915
fc040f03
fb06f3ee
f70d03fb
00f5f8f6
08ff0006
ef12fa09
080c010b
fef9eff1
f5fefe0b
12fbeff9
fa1109e9
fbfbfcfd
0e0c07fa
05f10103
020302f2
010af20e
fcf30102
03fffa0b
ed100013
050d08ea
f80105e7
fe0304ef
f204e706
080a0800
090a0af6
f90505fa
0b0106f8
f3f0150b
fc0401fe
fdf6fd11
ff0802ef
fefcf80a
0afaf711
faff0403
130af700
f1010c08
11040301
0801f706
08f505f2
00fa0111
f3f50405
f7fc08fe
0700f6fe
06060afb
fafcf809
09fb01f9
010b0a06
00020201
010b0601
fd00fa01
f7fa0bfd
03fa06ec
030bf800
03fe0400
ea03f9f7
01f6f701
f00e020a
fcf209fa
faf8f303
00160c0a
0608f5fc
eaebfefd
0ff80603
fcf704f4
060306fa
ff10f60f
f907ec0d
ff0b07f5
f6fcf6ed
fc09ff0e
0b0bfafe
f5fa05e9
10ff04f2
070efc0b
0b08f0f4
0afbfe06
04f907f7
faedf50e
f7fe0903
f0f7fffd
080e0606
1200fe03
f807091d
02fef30c
f0fcf8f2
0ef4060a
030d0906
0510fc03
f70f04f6
0109fffa
fc0907fa
0705ff02
07ede6fb
f8fb0103
030e12f4
edecfc06
04f6fa08
0cf3f4f6
fbfff9f8
feffeef6
fd00fd06
fffe040d
05edff0d
03010a07
0601ff0d
0409fd0a
0403fc03
f801fb0d
0503fd05
0dfd0703
02fafff7
ee0807f2
08fafaf9
100eeff7
f5f9fd0b
f0f80412
0803fef8
fde9fc10
01f314f6
04f603f6
1104faea
fcfaf900
fffa02f8
ecfd0cfd
fd18f809
0804fffc
00ff0cfb
06fffd12
ed14f200
fc08080d
fa060604
07f30ef9
0cff10e8
f00bfd08
0d06f60c
010f0a02
fb100df4
0000fcfc
17eff60d
030afdf8
fc00f0fb
13fefef0
0601fa0a
0afafc0a
fd05f8f8
fdff02fc
fc08fd04
fe0d0005
00090003
0afa0304
0df9f8e9
faee0703
fc060111
08010af6
0b06f903
f70af8fe
08f9fef3
fd0306ef
f21a07fe
0804ffff
010602fa
0b06fa02
08fe0002
08ff030d
feff0cf8
fa1508fb
f60703ff
ed0b17f1
1006fd05
04fd07f1
07fcfef4
fdf3fbe8
f7060300
fff4fd00
fc03f0ff
0607f2f3
fdfafbff
0707fe0e
08f405f4
fefbf8f9
06f8feff
fdfb05f9
06ecf3f9
0012fbf3
f80309f6
ed0100f5
00fc03f4
f8f1f4fb
f405fa09
01ed22f5
fb0bfdf5
fb0afcfd
05f7fb14
f6fa0501
07efeb0f
fdffedf7
00fe03f5
02e90c11
08fb0709
03040409
060f0df4
1401fef6
0f0c0aff
0503f6fb
ff0af8fa
120601f9
1f02fc03
f70ef917
07e9f2ee
fb041104
f7fd0705
f6fb0201
f7fc0b0f
070a05fc
f8f6f9fe
14f1010a
fd101215
f801fa04
0f00faee
f506f613
090dfdf0
f8fc12ed
f605f3f5
f404f904
f5f003ec
e8faf60a
0af51002
09f302f5
fdeffd1b
0bfeeff8
ff1e0a09
ff00f60a
03fb1efa
02f2f907
f6f3020a
0f0cea0b
ff100008
0102f304
01f60df6
f604fa01
08fefafd
f408fa10
14f902f6
040bf500
04010706
00fb0803
ffff11fe
07f9f5fe
0afc070d
05fef302
ececfb0c
06fc0509
fcfb0008
fb0dfb0f
15ebf710
0501f605
03f6fe14
08fdee01
f6f4eb07
13f80501
01f9fe06
0f0907f9
18f8f4fa
0eee08f8
01fef9f5
0101faf5
e9f5100e
f30f05ed
00f9f617
0cfcedec
0efceb04
e609f109
0707edf7
fc0bfb0d
ff00fbf4
effe020c
f6faf400
f509fc0a
f30002fa
05e90b07
04ff0510
0a0817f8
0301f100
01f207f9
0203f803
07ecfafd
f9f4020e
f807f302
f4f0f1f3
05f8f1fd
0af616fa
f8f60af8
1002ff04
11f805fb
f8f7f906
fe040703
0a10f409
f7f201f1
f9fbf8f8
09fae705
1bf40707
0c0000fe
fff2fb08
f609f9f8
f908f8f1
0afff90a
faf9f90d
fffceffc
02010007
f8effb02
00060a0c
0e04fbf4
f20408fe
f5f0f8fc
f50a0004
0efbfdfd
f6fcff01
04fa09f9
08fcfc03
18f4fefb
0f00f2f9
0701f2ff
0df4f2f6
0af50d00
07e7fdf7
fd02ff10
f80dff10
fcf004f3
f30b0eee
fb050000
fbfdfaf4
06f61403
0e05fa04
09fa15ff
11010505
ff01ecfe
06fb0e06
03f8f604
fffe080b
080106fb
f608ef06
fbfefb04
01f80303
f909fff0
04fc0afe
060c0008
e500ff08
080afff6
e803fa08
0afb11f8
ef01fa01
02fb000c
08fc06fc
03e8ed04
14f6fefd
fd080506
fcf7fb08
0cfe0a07
0906fe0b
05fcfa07
0c0109fd
05fa09f8
1206f200
f409f40f
1906090b
0bf00af8
fd0403f1
02f1fbf9
fbf40106
130dfc05
1a0d0afa
0aff0b0b
08fd051b
fe04fff2
f1fe0b07
f8f80505
f0f907f8
fc04ef01
f5f701fc
f8fcfd08
050cf707
0d1507f6
11ee03f2
f4000203
010cfc05
0ef9ef0f
0303fb01
f3f3f801
030a02fd
f7fdf40b
06fa03fe
0616f705
f0f00a11
0bff0ffe
0fff13f2
09fefe0b
02fded00
09f3ff10
f8000d07
0315f204
04fbf8f4
fc08ef04
fdf40c01
02f1fa05
0e1ae70c
07fdf701
0203f9ff
f709f6f5
060100f8
0807f6f7
02051df2
0503fbf7
0df3f014
00fb09fc
010e040f
0f05f403
08fff7ff
0611fafa
0a0a0607
fe0cfbf8
0b07f419
0604000d
f711010b
fc0c01f6
fe06fa03
fefc02f5
02160309
fd190903
07fffd0a
01f20af6
06fefe06
04fe0907
f4e5fef3
0b030804
0408fd00
ff060803
0ffa0800
0100fe09
1407f4f6
f1fd0600
11010e03
19f10402
0a0705f5
0910f3f4
f3f50bfd
fce80607
fb12fa01
f3ebf00a
03fff809
00fd020b
fbffef02
0c05fc23
110401fb
0601f908
0e030004
07fde60c
0a0300f0
ff00080b
f6feed07
f7060bfd
fafaf504
0511edf3
f2f7ec12
000af204
04fcdf10
06fbfefc
00fa0509
f5ee090f
f1f8f7f6
0becfd01
0306fd03
fa0603f5
f800fd0b
f3f4f004
fafd0009
f300e715
ee04f608
fbfb0a00
f30206fb
fcf9fdfb
f6f3fcf9
0204ee07
ef05f6f9
f7f704ee
0503f503
06130303
0a0b06fa
f312ef03
01ea0afa
0312f2fd
f20109fa
020d05fa
f50f01fb
fcfbfaff
03030210
05f7faf6
11091306
fd010201
07f500e4
f8ecf809
fbfa12f7
f100ff03
020df5f0
04f4f0ff
02f6e302
16020906
02030900
faf1f3ff
0f02fcf7
03f403ed
0601ecf5
fd0009fa
fd050902
fefa0d01
fdf2f806
15fa0107
01fd0b01
f6fc0cf0
09f9f1f5
f2010b07
0cfaf600
07fa0c0f
f5f60915
f8010c07
f8080bf4
fa03f402
f6f2ef02
0406050b
ff011609
03f708fe
fe050e04
01f9f1ff
0f040ff3
f9fb06fb
ff04f804
1e0efc03
0904feee
12fafe03
0100ffff
fdfff5f4
e70200fd
f9efea12
04f602f4
0bf3f70c
fb00eb12
fef503f5
2506fce6
16fff9f8
0e04fcfd
06f3f1f7
0301fcf8
fd00fe0c
11fe0afa
fd09e1f6
0103fb08
fe070a0c
0e120303
0301ed08
000bf500
07f8f712
00f70ffb
00f4f9f9
1104eeee
fbfc2413
05050b00
fc0e04ef
f70afbfe
070afaee
02fa02f8
f7fe0efb
0eff04f5
fffdfcf9
0205fcfa
f40404f9
fd040ff7
0e090f01
0a000b04
ebf303fc
fbfcf9f8
030aec08
0800080f
00fef9fa
ebfd0101
090cf603
0bf00102
ec0cf5f5
0b120a00
0e0405f5
f103fe10
03f4ef05
01030511
fbfe000a
0200f6fd
12060008
ff080bff
fe010a0d
f805ecf9
0a050af3
020f0106
05f80000
15ff06eb
f9ec06ff
fdf60b01
0f0703ff
06f8eb05
000704f1
020afe0a
1200f9f3
f8fb00f3
05f70308
03fc11fd
060210ff
fafbfdf7
01f71023
fa03f6f9
f60c0cf9
f712ec0a
11f508fc
00f600f6
fffd08fd
ff06ea02
fcf414ff
1000f70f
f31500f5
09030406
03fafaf2
00050ffb
0bfbf404
f904f6fe
02f4f21b
fff606f8
05f50df7
0afafd0d
fcff0207
0209fd00
f2ff02f7
1a250405
16f8f500
fcfe0213
090913f5
06f1fe08
04faf506
03fb010c
02ebf9f9
fdfe0903
05fb0c09
f0fa06ee
03ed0cfc
02f301f6
ea0bfc00
080b17fd
f7fafaf6
14ed0ffd
f0f8f406
fd08fcf6
00fe06f3
05f9f4e9
010a05ff
fcfa0305
0cf7fd0c
02eef4ef
f3050406
fc0ef9fa
09071101
f601f900
020b0203
0afb09ff
0c070b04
fef5fcf5
110304f3
0a01fa02
fffc0603
fa010bf7
fbfd08ff
10fe17ec
05fe0eff
02040602
0613f50b
f9f8f9f9
fbeefd0c
030308f4
01ff0c18
f8f3feff
0305f613
f90b1413
ff0202f1
05000418
f7010e05
f9f0fff1
f3080f01
fa09fff5
ecf5040a
f6f50cf5
f50508ec
0606fa01
f415fd04
0b0b1a09
f6ff0906
e90b0008
f9ff04f3
04f2f9f8
04faf7f2
120f1108
0b0af807
0df600f3
f0f30afe
020402ec
07ebf201
0707fb02
f601f202
f7f605fb
f4f40506
02100714
f9fe0ff9
fdf9f51d
fe010902
fb1603f5
0cfd02fd
f9f00200
fe1b04ef
fdfd130d
fd00f509
ff0bf10f
effaf5ed
fc04fced
fbf3fe0d
faf8f2ff
fdf7f7fb
03fd010c
08f902fe
1300fbf6
03050afa
f7fcee06
01f70201
0510ecff
fcfb03f7
fc07f10c
f40bfa00
fef7f7ff
f9f00d06
fe07f502
0f05f2f3
04f30a00
08fdf2fb
0f0903ec
f1fafcf9
16ffff04
190e0205
ee030405
f9ff0206
fc0afcf5
02040106
08fc07fd
05f5f103
0403f4f4
0bfefb01
07000af5
01060903
03fcffe4
f5fb12f4
010b0701
01ff0dfe
0aedfcf4
e80408fa
0405050b
08f80402
f4f1f4fe
f3f80306
fcfbf5f8
ff0b060a
f60402fa
090b0506
11f7f40f
f61feff7
fc040109
0401fb03
ef0af8da
f90203fc
1d02fdfb
0607fbf7
0607f409
04f5fafd
f8fcfd00
0cf906fe
0bf509f0
fc0ff807
fefb01ff
fcfe05fa
fdfa01f8
f3ee0404
ff09f80b
020eff01
f7f6fff9
0af9fdfc
fafa05f8
f9f507fc
f6150bfe
fff51107
0afcf40c
03f1fd09
f8070e06
05f0030c
fbfeed01
faeef800
02fefa04
fc010c05
0ffafe06
f402f9f3
fcf0f6f3
ff090005
16fb01f7
0afc01fa
f8fbfbfa
ff0301f3
ff0af305
f6030bf6
03f110fd
f8f2050c
08ecfc0d
fff20f0d
0e050a01
040c0b02
07fe14fb
fbfe0910
0d05fcfd
0000fdf9
000209f9
080d04fd
10faff0d
fcec14f1
faf515f6
fd0cf8ee
02f0f203
f4f11101
fb0a00ff
ed16fb00
f90af900
03040a09
fef4fdf3
060e11f9
f5f9fff7
06f8f503
09080e01
eb01fe00
0606f9fe
f705fd0e
f901f601
fffb02e7
fbfb0902
0a110ffb
08e61706
fffafffb
eb0c0000
f10813ec
06040bf7
0bfffdfa
effe0606
000d0d07
010c05f6
f4f9faff
f1f8fbff
0c06f8fb
01fcf600
fb02f812
f800ff00
01fffa0f
faf701fe
02070cfa
00000cea
f7f804fb
06fdf0f7
fffb0dfb
00f0fbed
14ed00f7
f006fd0b
03f2fffb
effb05ff
f2fffaed
0dfcfb06
ef0af5e9
0502fdf9
fef60807
0ffcf7ed
fafde90b
0509fafc
ff02fdff
fef002fd
ed0200f8
040008f8
f0fdfbfa
f7f8f80f
06f1faeb
0afa04f6
06ed0f03
f8f802ff
0300ff00
f802fff3
020ff500
f4f025eb
ee0df80c
02010601
ee0405fd
0eeb0afc
08e40405
0009000c
0af70809
04fcfd01
fffdfffe
1f001006
ff08f311
ea080af4
f607f817
f7020804
0b0714fc
05f70bfa
18ff040a
f7f6fd03
06f60afb
0e00f207
15f905f5
f305ef0c
02ffeaf7
070207ff
090601fc
f8f5f0f9
fafc16f9
0306fff4
0501f6f3
ff100615
fb03fcfd
fbfde70f
120ff307
fafa0bfd
f705f203
fb03fd0a
05faf60a
0bfd06f6
fd05f4ed
04020100
ed04f105
14f601fb
04fefd0b
01020ef9
f1f9f6fd
eb040bf5
f2faf3f4
ff05fef1
ff0bf4ef
0700ff03
fc07ff0a
0ffafdf9
fcfd0411
02f2f007
fa0ffcff
fb041aff
08edeff5
0501ff04
fd010512
f1fcfdfd
fdf5fdff
05fb04e8
0bfdfbf8
1301f4f4
02f20b06
f5040002
0ff5f005
1d00ff00
0bfe1202
070a0508
fa0808ea
0e05ef0b
0dfdfbf8
fd0707ff
05010005
0eff0c0c
01f1f7fe
f1eefc0a
03f80809
0404050a
f4f50b11
fd05faeb
0cfc0603
ff0f0312
0906fb0c
030004f4
0afbf4fd
0c01090f
fdf1f90d
fd02fb03
fefd08f9
fe0b0205
e7f50c07
faf6f8f6
f7fefe0b
05ff06e6
fdf601fc
fc05f403
eefd01ee
00000810
0ff8f500
f9f5fe0d
07f5fe04
09f5f4ec
f91413e7
02ec0210
fd081101
100708fc
04f8fa0c
fffe0518
07110109
05fc081a
eef7fbf9
ff02f6f7
fb000001
fc04f7fe
f4fc05f5
02f5fa11
fc09f9f9
f40f08f6
ec000b05
f9fcf3fe
01fa0b0e
09010606
0d07ffff
f90305fd
0d04fcfc
060c0702
03f9f9f2
08010506
06f7f70e
fcff02fe
0ff91404
fef2f5fc
090d02eb
05f70b07
04000a02
0ef8ee12
0a08f503
021cf8ed
f4f5fbf1
06f5fc00
fbff0602
00ebfcfb
effafcfa
fa00f103
fa0e0d00
1107f20f
0ff4f718
07f6f511
02f9f2ff
02f703f6
02fe05fd
0b01fff7
00f90406
f9000902
030201fc
0af8fafa
17fbff09
050d0401
f6ee1003
f301fc06
f0080004
080bfb06
03f702fb
12f3fc09
f3f1050b
f3f3f6fe
f90af7fe
050c00f2
f0f9fe08
fc09ff03
fe01f8e9
fdff0400
0efafb09
ffff010b
f50209f8
07f2f818
2008f506
04f90dec
03feec05
ff0b05fa
02fd0cee
02f9eefd
070bf6f1
0c0f01f3
0201fcff
fe00ffff
01f5fffe
f8fff7f1
f9fce6f4
03070001
f1fcfffa
fff604fe
fa051119
fffe030e
0df804f9
0f0700ff
0c01f603
080301fe
f303f10b
ff030c09
fffbf10d
01000402
09f30804
fb01fefe
01fa06ee
0204ffff
fd0dfbfe
12030608
01fb000b
fd01fa03
0ffc19f9
fef802fc
011306fd
f9f304f3
fef3040d
fb0307fd
f705fdfc
f3041104
18060410
06f602fd
08f6fa05
05120306
03f601fd
0303f30d
fb03f8fd
12030dff
f6020ffe
f9fbfffe
f6050702
fafd020b
0afe0205
f8ff0004
02f604f7
f3010712
e7090704
00fdfb05
0300effe
eb03000a
01fd04ff
04fefb06
0504010a
06f30a03
fdf7fa0b
f3150105
f901faf5
04ff0205
fbfdebf9
02f80e09
00f4fefa
ee07fafe
f900ff0f
ff020102
0104fc00
f50217fd
00fef9fa
0006fa06
10fb0cf5
0605080a
fff71908
fa0f06f4
fb000900
fcf0ff0a
f8f70200
ed04f80c
ff05f301
0a0400eb
f6f30000
0b1609f9
01fdf8f5
0008f7f9
0e0110ea
ff010cf9
01050c14
030403fa
fcfcff03
fb0eff0a
05fefefb
f40b0fec
03000404
02f80302
fd02edfd
01fef602
f104f9ff
0bf9f104
f40304f4
07fefd0e
fc01f002
05fc17f2
fb01f308
ea0b01fa
01feff03
04f707ff
120701f9
fb0c00f9
fcf90404
fbfd0109
fffffff5
02fcf818
f10209fc
060318f5
ee10fe0c
190005ff
fc0703f4
ea191207
f8f901f1
f0060708
fdfdf500
020100fb
fbf40209
fd0dfc0b
fb0702f8
f9ff0ff2
fcf9fcf9
e6000308
fe030beb
06fafc00
0bf70405
0109120c
ee04fc10
f3ff0211
f3fc010f
fe09f709
14faf810
f400030a
0905020b
ff04fef8
03fef60d
0b120a05
0a0a07ee
f7fe0809
0df8f906
f60df006
03060c01
f90c00f6
eff70909
fe0a0d07
fffdfb15
ef08fbf1
0b09f5f5
fcec01ff
fc130a04
07f9f408
f8f40cfa
080b111c
fc05fb09
030902ff
f7fc0206
f8f9f4fe
06ff04fa
1a06fe01
fcf80802
120103f9
fa0e1d06
080bfc17
f1faf606
fbf2f6fe
04030905
02f5fbf9
f302fe11
f106ff01
fbf706fc
f50f11f9
f800f8ff
17f5e802
feeb1509
fa04f601
fd07fcfe
05f30a06
f911f40e
fc0610f9
0303f714
0e05fd0d
f7fa01fa
fc06f903
01fffa05
fc07fe11
f2fcfdec
0fff01f7
f6f80900
0bf20201
fc0efb0b
04fe0ef2
f402f8f9
f90614f0
0a0301f6
fef8f411
1310f6fe
f0fb00ff
090a06f7
f4f705fa
f8fdfdf4
0c08f910
02fc0b00
06fcf705
fbfef803
fd070bfe
0400f8fe
13020c0b
f4fefc09
f20006fd
fcf7fd04
fef8fcfe
fb0d010a
03010906
0d01f105
eefdf5fa
01fff4f7
fff00bfa
f60303f8
f905ff02
010b0306
06f30401
f9ff06f7
f3080b03
02eeef04
050d00fd
07f90a01
16f2fbf1
f7040bf4
0beef505
eef902f4
02fe0dfe
e9fe0f11
f402f3ed
f00e0600
0dfcebff
06f707f8
f604f6f2
0a0609fe
effa0403
f6ff0f0f
f4fb120c
0bfb0401
f1fcf6fe
0cf703f7
fb02f90b
fafdfaf9
0e0d0c08
fef711f8
0d0405ff
ff060113
fbfe03fd
0401070b
050f11fc
f805f9fc
f4fa0ef4
fbff0300
06fdf905
130e0af7
fcebf8f3
18100801
0c0df40a
00f1ff0d
f706faf8
0500f90e
03f6f406
0bf8fd04
01fbeb02
09f4f5fa
f8ff04f6
03fefffa
080708f3
f9f902f8
050806f6
1007fa07
0604fefa
06fefd0c
06f005eb
f404f9ff
0de6f2f6
020aeaf2
00f10209
f20cf900
f8f50d11
08f9fc07
130a03fe
06020afd
07fcff19
fbf4fefb
fafd00f6
090afd01
fafbf8fe
f5f8010f
f1f901f9
f40ff605
06f7fffe
fbfc02f8
fdf6fb0e
f4f5ff0b
191405fe
02eefe0d
fc160bff
fff4f9f4
1d0dea0b
0a0601fd
02fef904
fe090207
f7fcfb07
0903f604
0cf9eff3
eff7ecfc
fffc13f9
fe0601fd
f9010ff4
ff01f405
fef7ffff
02eb05f7
000205fd
f9e40b01
0eff05fc
fbfe0300
00effaf3
ee010506
faf80304
1904f30c
01faff0c
fd05f701
f90b0103
fff1fff8
060ff005
090701ff
fdf9f802
fb04fc04
05fbf8f8
0304fff6
00fffb0b
0a00fcff
08ffee05
00f6fdfe
00040909
ff00ea06
f7f9110d
01f60ffd
fff705fc
fe0301fb
f505efff
09fef900
0c02f7f7
f3110bfe
0005f70d
f1f502f3
ff0303fd
f7040df7
fb030af9
fc07f1f7
faff04ee
0105f0f5
f4f8fe08
ff00fffb
0cfbfc11
10fdf2f2
07fe010c
030006fa
0402e8ed
1303f914
ff060d08
0d0907fa
0e06fbfc
fbf2fa05
f9040109
0dfef2fc
f80103fb
01f1fbfa
02010500
fd0015fa
f5fe0afe
ff150109
11fdfa11
04fd01fd
f2011403
07f70ce9
04f30001
06f60efa
00fff7ff
fd06f603
f1fdf901
05f60504
09000a0d
ee0307fa
190e04f1
f005f405
f1f803f6
0bfa060b
ed08050d
130bf804
1003fb00
0d05f000
0e020105
f8fdfff5
fd0500fd
fe12fc0e
edf90c1b
14f602f5
0c08f704
0cfdfb01
fbfe08fa
08021515
0beef8fc
f7f6fbf6
0008f8f4
05f4f6f5
f903f70a
f70514fa
0cef12ea
0b04fd0a
04f10d09
fe1102f6
00f70506
fe04f308
f4fb0cf4
fc05f7f9
10f5fd16
13f309f6
0f030618
0100050c
1201f601
eb03f7fb
00fc0611
fafd04ff
07fef302
f6fc0506
f70e0510
02f2f4f5
f3f3ff01
00fcfc0f
00fffa00
010905f5
f20cfaf1
f1fbf8fd
faf4fd05
fff80309
05fb0204
f6090af2
0b160405
07f6f3ff
ff0f04fb
fe06fa04
00fffd02
f801ebfc
02fdf00e
13f8040d
0d0200fb
09fe0c0a
01fe0a0e
f9f5fefc
f80d030d
f1e5f1f6
1002ff12
fa09fe10
fbf6f506
0501fd04
fe0cf1fb
fef70603
0bf200fc
fbf70401
f5f6fa07
0ff9fcfd
f20efff5
f6eefb0f
f60013fd
fffb0909
f9f5041f
0d0af7f2
ecfff90f
f8fcfdfa
fdfdf4f8
fe090cf5
0201fd09
050205eb
00090d01
fffefcfd
fc17fc11
f8f5f700
0902f513
07000408
0304f6e6
01f8ed05
08fd01fc
f8f708ee
0c09f609
0f100e04
fb0a0dff
0cfdfef9
fffd0809
fdf411fa
f705e9fd
0ffcfcfb
0afceb09
07fc0007
0b16f900
f80703fe
f5170a0c
02fc0f13
ff05050d
f90c0afd
11f5e804
01f3f0f4
0405f9fe
0c0feefa
01ea0b04
ff0feef6
fa0cfbfc
fbff08fd
f0f204f3
0109f205
fa020bf6
0710f7fa
0f13e800
fd0efdf5
fffc07fc
0ff302eb
01f3fefa
04fb111c
00eef703
0efc090c
00fb00f7
ff0af919
0208f7f7
faf119e2
fc010cfd
070708fa
f6f6080a
fefb01ff
110c0108
fdf700ea
0cf3f809
0b120dfc
030a01ed
f1161303
fa02ef06
05ee16f1
f40503fb
04010005
fbf108fb
faf2e807
1106f7f6
f706fd11
ef0002f8
04f708f6
0b14fbf3
04fd13fb
f403fefe
191e010b
fffdf1ff
0debed02
fd0a08f5
10f402f7
000f1101
fefe09e9
01fef708
f1fd03f8
12060013
0706fffa
f2fc0a04
f407f607
00f70d0c
fafe02fd
07f50efe
06e903f9
f305fe04
0ef9f7fe
eff9f3fd
fdfc10f8
0bf4f807
fb10f904
0affeaf3
00f80305
fb04f7fd
02fa00fd
0d08f80a
f2050b03
08fdfb09
100a04fd
02ea01f7
0cff0bfd
04fc0700
091800fa
f8f9fffd
0afaff12
07f2fffe
0d03020e
07020d17
fefffcfc
fc0301f2
01fbf8ff
fefd0601
00f7fb00
030efbef
0b03fd00
fb0702fd
02f90af5
13f7fa04
02f705fe
01fbf70a
07fe0701
070514fb
070506f4
fff9fbf5
0806fe01
fbf1fe16
0ef9ff04
12fe08f3
060301fd
fc0afbec
fd0614f8
05050202
f1010306
fbf9fffe
2bf816fc
f4fa00fc
0405fbf6
00f8fb08
07010100
080305f0
0108030c
0f020903
0800fe09
f3fcfef9
fff90602
0afdfbf1
f6fdfb0b
0af60afd
f3110ced
f90809f5
03fe0910
0601fdfe
02040d0d
fbeef7f9
eefcf802
f205f302
f3fdec04
04fc1400
fcff0b0f
ff0df106
0107090a
030cfef5
00f90c01
08feff01
e80ef4f7
06f7fd0d
05020b0a
07e3070f
010907f8
fa06f60f
07000a08
f2fc0305
f9fb08ec
01faf7f5
0afe0efe
0ff4f9fb
010c03ff
fdf012fa
050201ff
fcf3f911
f9ff04ed
020af5f8
f80001f5
06040ff9
0e00fcf9
0002f504
16f0f9fd
f20cfa11
f113f7f5
05f8fc02
fef90dfe
0dfd0409
0a0d070a
02fcfcf6
01080704
01faf5fa
10fb0d00
fe081403
f7fa0100
0804fdf5
04050c07
f0f6f806
fc010909
04f504f9
09fd0201
040ef608
ff0109f7
0100fdfd
f3fced03
090906f6
05fc0705
060b1000
fafdfffd
110e03f6
0408fefe
f10708f0
00f3fb05
fdf005fd
07fbfe0e
ff09f60a
0302f2f1
08fdfa09
ed01fbfc
0af104f5
f5ec0605
f9f90209
f4f4f9fc
0315f909
f707f8f7
f0050817
0605f3f6
f410f6f9
05fcfdf8
0706ff04
f702fc05
070204f5
050304fe
07f7f3fa
06fdfff9
0afb02fd
fc0aeeeb
07f802ef
f501f910
01f6fefa
0c02ff02
f5f9050e
140d180c
eff8f408
f0ff1208
0307fff2
fbfdf3f9
020005f8
00fc01f7
fa0f00ed
e103f512
0e0af9fc
fcfb01f4
f3effdf7
03fff815
faedf7fb
07f9f912
fd001c08
03fc07fd
09fb00f9
01f2fa01
11fe0612
eff807fa
010df8f1
fb020511
fbfff8fc
f61511fb
fff80402
01f8fc00
fbfef2ff
0e0c06f1
0504fc04
00f80905
fefef6f3
0811fc05
09f3f6fe
05fbf70e
fbfdf402
08fb1105
0807fefc
01feff00
f80a0cfe
07f40cfd
fb0ef607
07fa0105
fbf1fcfc
f2f2060a
f1001113
0cfb0a07
fef70702
0efafce9
fb06ef00
fff616fb
fa0715f4
06fbff00
07fe15f5
060810fb
f8f80bfe
f3fa0d10
e607fbf5
07edfd13
ed0afadf
0906fa04
eb0cfdf3
ed050bff
0b16fdf6
fef4f4f8
09fa09fd
0604fafd
fdfc0df7
f313050b
0807edee
00010500
f3eef306
f111fafa
10fe0604
fbf4fd13
fcfff707
fe081511
08f5f3fd
ffee01fc
f704fb01
0d01fd12
07f3f6f9
0df5f10e
0002fe08
f8ee0b11
08f9000c
f7fd0803
120bfe02
fb000712
fd0df7fc
0e0317f1
fee90207
06f8e7f8
0008f805
07fcf4f6
07010707
0300f8fd
1102ecfb
f608f9f6
f5100606
fcec0405
f3fbfeef
fa0812fa
fe0e1500
fbfe0700
14ee0c02
01061001
fff6f7fb
f9f90002
f9000207
030a00f1
03010bf3
f506f207
fff500fc
f005f40c
02f9fd08
0401040f
00faec06
080609e2
fa070a0d
07000b05
02040904
f40e02f4
0a031109
10f0fef6
ff02f902
02fb0d03
0e09f407
feff03f8
fdff0006
fa170006
05080c07
00f605f7
fceffbf2
1af6f60b
f008fcf3
f903ec0e
050b0005
03eafd08
000b08f3
eb05ef04
0cff090e
04f510fc
f509fef0
f4050605
080ef603
05fd0808
fbfa0b1e
fcf40a06
fef80205
fefbf5ef
f804f710
f60a02f3
04fdfbef
f8fa00ec
e6f10002
f506f50e
f0f7f8f8
edf615f2
ff07fd04
0b03f604
f50704fb
15fafeff
00f510f7
00050bf9
f9ff0504
fdffeffa
ff08fb05
10f8f7f4
fe04fd07
f8fcfd06
160c06fd
00fbfef6
f8fcfef5
f8ef00f3
f6f50409
0b040d09
f505f608
0c03fbf6
13fcecf6
03090605
05f5f00e
ea02ff0c
0601f4f4
fffcf8fe
0b101e0a
03fa1cfc
f50821f4
f1020117
f8ff0303
f8100dfd
f7fbfa11
fb11f600
fe0f1204
0cf8fffb
f80c0bf9
fc13fd01
f6f6f110
0bfd0b0b
de0afd03
f5050118
f90c04f6
fa01f90a
00f5f9ff
04fb1603
0efc00fe
06f2fc0d
fbf80af6
12ef08f5
fdf8f40d
fe05fbff
f80107fc
f40b03f1
fc02100c
fafd0bff
09130b02
02081007
ff08e9fb
030801f5
fff0fbff
000afffc
0d03f6fb
fbedfffb
0504fa11
020b0419
18f4080a
fcf6fafd
f60e03f2
05f50bf0
fe0b0713
f8ff0619
f3090cfb
00fe0b01
04f1f7fe
f007f106
fff5fa05
0108ecf8
05feff06
f2f8ea07
03f10c03
fefbfff6
fa010801
f600f9f6
f90efcff
f9170701
02f3fc03
fd1bfdf5
fc0e0601
1009fb06
fcf70800
00f40919
070cf908
0e080500
0b0df209
f80b00fb
fd00f9f9
05fff7f4
09050600
f0fa0b0d
f313fe0c
030c0f0f
14fffd01
00f3fffb
100a0ff9
0606fdff
f8070300
140b0000
f71409f5
f5000104
ff0c0b09
fff90a0a
02fb140d
f2f8f8f9
ff08fcfd
0100e900
010efef8
10fbfd0d
0203000c
0205f6f4
09f908fe
100203fd
fb080e09
02040df6
f5f3fe01
150d0afe
f60f0f09
041002ec
0af50e0a
10080afe
f2fe0508
0ef708ee
0cf0070a
f7f60107
fdf90af5
f20b0800
fefaf60c
faf304f8
f90b130b
08fcf9fd
fffd1906
010eea07
fd06fff7
0408fafa
fcfef5ef
f2ef0003
00f71d12
14020a0d
060cf304
07e7f700
0500fc1a
e1ed03f8
090700f5
ec0403fe
0604fafb
fb02fdf1
f6f604fd
f7f3fa08
fa11f9f9
00fd0602
15f504fb
0918f613
ffeff707
0100f90d
ed05f2fb
f30a07fa
eb05f314
edef05ee
fdfc080f
03fa0701
0a04fcfd
fef2f006
07f809f4
fcfff213
fd07fff0
fd01f308
1508fbfc
f3eaff0b
09fef7fc
ef11fe01
f90df112
13fe03eb
fdf7f30a
fd040b05
000f0005
f0fcf905
0ef6fb00
f404fcfe
0504fe03
0a00f305
03f4fafb
f4f800f9
ff0f0d0a
0000fbff
1000fffa
1700eaff
06f00506
04f80bea
0cee0107
fefcfc02
130f02fd
09ecfbfa
f9f60d05
ef070801
05f70a00
08fffbff
0700f30a
fef10204
00f6f2fb
f6f60f07
110dfbfc
0efb0406
f7f711e6
ef04fd0e
f0f2fef4
fa09fdf4
fbf81004
f50416e5
01f50ef8
02f9fbf3
020bf2f9
f200fefc
ff0301f2
0809eef9
f7fc03f5
f5f2fc04
130305fe
fff5110f
0d020ffd
f8f5ef0c
f9030101
0cfffb0d
0809020b
07ff0006
fffcf805
f6080002
f802080a
01040400
f5faf8f9
f7030cfb
08fc0106
04ef06fc
0cfbfff8
f100f7f2
dffb100c
f20105fd
ef0800f5
1cff0af7
f90c0b00
f5f709fb
f50df707
f5040dfa
05f0ec05
18e8fffb
00040805
f609fcfe
f1f5010d
eef1fdea
0c08ebf5
f20301f0
110af9fd
0f080c06
05fb01fd
000007fd
090e0502
f20800ff
0b0900f4
f5e8fa0b
f5000fef
fc0908ef
02f4faf3
100cfef4
f9fffafe
07ec0af3
030507f1
13eb0105
fefe00f8
f0fcf2f5
00f80a0c
03070116
0614fd07
020c07fc
07f80705
08000209
ee070aed
f102f904
fff6f700
f5ebf5f7
ea05fd0f
eefef9f8
f00d11fd
fbf6fd05
f40504f7
eef4f601
fc06faff
00040202
0003fbfc
11f90a00
05010de3
f31be808
0df40102
07e20204
ebfbf702
feff0501
15fc080f
0e06031c
fb11000a
f8fdfe04
11f8f808
020cff06
f6f102ea
faf40a07
fc03fdf1
0f08eb09
f90bfb05
f10d0f03
fff6f410
0f0907fe
0804f603
0e0a04fa
f902fc08
f2021610
03f8f602
fc02f903
06fb0efe
09f905fe
0404eaf7
0301ff08
1400fdf0
040500f7
01f6f9fa
07f2f510
f90802f6
08030bf9
ff05f2fc
08faeff6
f804f900
08fe0903
01f509f9
1002f704
0405fee5
f3ff0e0d
ea04fefb
fbe800fe
05000008
f9f000f5
f5f30d12
f8fdfafc
0ff50413
f704fe0c
13faf5f7
030d0503
f904fa08
0c0b06fb
fc0b070f
02f9ff05
060cf4fd
0c0e07fb
fe05f50d
fe0b05fe
05f908f3
ff070d08
f9130900
0c04fa05
f304fb12
f4fb03f1
00f914fe
f70efaea
fff8fbf6
fefd04fb
fbf5f2fc
f2070df6
fffb02fe
00fc0a08
fef3ff00
f003f416
ff01ff17
09faed02
0dfe0efe
19fb01fc
ec07ebfc
0509f615
f80b0cff
0805e202
0b0409ed
f1fb140b
f9f20107
fdf80408
020607fd
000309fc
feff11fa
f706f8f5
f6fc13e6
f50104f8
03f9010c
f9070704
11eced07
fa140609
040406ec
f805f1fd
fef3fe17
070ffd07
f307fbf4
090a0cf3
08fdfe05
0a150002
feff0701
ec080400
0c04fd05
fae20304
0a08fdfe
f7111303
13fafcfe
ff040f09
f9feff0f
f803000c
f10bfa06
fdfcf104
07fffdfc
0e040304
0303fef7
0bfbeff3
0a0602f2
0b04f202
0af8ff06
04041417
f80d0806
05f702f7
05ecfd0f
fdeb0bfd
fd061205
f80c02ff
0efcfc04
f701fef2
14001603
fe01faee
040aff02
fc020b01
0eff02fc
02f400fb
0009f7eb
f90af3f6
f3fbf700
0c02f7fd
04fc0b03
fbf5effe
0ff3f301
f6f411f7
05f3fb06
06faf8f9
000200fe
0409f9f3
0313f801
08fe020b
feefff05
09fffe06
ff02fef6
0a09fe10
06ff07fa
fdf7ff0d
fefe03f9
06fe0900
0502fefa
fbfff30c
17f4f3fb
09f50f09
05fe070a
fceff702
03fb12fb
030a05fb
08fa08f8
0011f90d
f5fb090e
f7fdfe00
030c12f9
0901f0ff
edfbffff
08fe0802
0004fc02
fd08f40c
eb0805ed
07000001
12fafb11
0bfe00f5
fd13f808
f608f7dd
04f1fefd
f602fdf6
fbf4ff13
fcf7f407
01fcfa0f
fef3f602
fff30108
050804f3
03020804
f5ef0602
ef07f8e9
03110215
fafef304
fb06000e
f9160a08
11fd0406
07ffed03
150904f2
0ceffb01
13030aef
0e03f6fc
fef508fb
09030403
fb0401fa
f9fc0604
17fef7f6
fcf8fe0a
ef0209fc
02f60bf6
fbf9f004
03f9ee09
010310f6
08fc0107
f3fdfb00
0006ff08
08f8fd08
09f900fc
fa081003
13fdf601
0c0305ff
ff09f1ff
03eff2e3
10f8eefa
1d1201fa
fe07110f
0b0aff12
0406e509
fc01fafc
020ceffe
fefffa0a
fffc0105
fcfcf3fb
0401f10f
01081107
fa0301fd
13f6e5fb
060d04f0
03f2020f
0d0df906
16fde9f5
11ed0202
0b12f8f2
fff4fe01
f0f304f9
0504f309
051206f6
fbfa0707
f9fb1101
0d07f60a
19fd01f7
0afa0502
09150612
05faf317
02f50904
0dea02ff
14fffdef
0cfb080f
f7f6f707
07ff05fc
05f1000c
fd0c05fa
03f6fb00
fbfa0704
f910fef2
18040507
0107f80a
0603fc01
fcfc01fe
fdf5f0f3
fbfceffd
07020cef
fb00feec
f7fc0dfb
fafa02f8
ff0df3fe
070cf6f9
fcfd08f5
0203f1f7
f414f3f7
0c110615
010307f8
0df3fc06
0efaf5f9
07f0fd07
18fcf8f8
09f614fc
0cf8f7fe
fc06fcf7
f2fdf4f9
fe16f70e
09120209
fcfb02fb
f500f6f9
0c0af8f1
0dfe0402
16040107
f6fc0115
03fffe02
fb0cffec
fe000418
08fa03fd
13f9f2fb
f70cfe11
fdf60300
fffd010b
03f809fa
030505ed
07f5f707
01030001
f905f9f8
01faffee
0303eb00
f8fbf2f0
02f605fa
0806faf8
fdebfdfc
fd13ea0a
09fa0406
fe0c0100
0ffbf908
fd0506f7
04f40201
fa000a0c
f8fefb01
060d0d0d
fa0501fb
0eeffa06
f007f918
10f60c05
03fe0203
f902f8fd
fbf80cf5
edfcfb0b
f7f7f8ec
0600f410
0001ff07
fdfa01f9
04f7fb07
05eefc03
0d0f07f3
001808f3
fc0b0002
040ff605
fc07fbfb
061a020b
fe010303
f1070bfb
0b0bfd08
fd0ff8fa
fcfbf6f0
05f102fb
f6f9f409
fe01f9f8
f915ed0a
ee040506
fefdfdff
f5fdfb01
fcf60304
13f9fd0e
0203010a
03fff8fc
f6fe0c05
ea05fdf2
00fb03ed
fa07090a
ff070200
f2f80cf7
fc050c0a
f2fdf301
06090f01
f90705f8
f60b0508
f9f80cf7
fafe0506
09fffefa
f8fa0802
0009f504
fd0804ff
071401fe
f9fc0613
060cf905
fe0dfb08
f803efeb
f6120110
0a04f8fe
08fc0901
0413fd05
fe0106ee
15ee0501
f004f5f9
f5fffd00
060ef707
00fffd02
02110a00
fa09f513
fb0407f7
f1090a06
0804f10e
09020101
15000d00
fffffa01
0b07fbf0
f9f201f7
0aff01fb
eaef110c
fdfcfbea
f0ff0607
08fd04fe
fcf70bfb
03042007
0af90507
f7fb0200
f4f9fd02
fdffea00
080809f7
fffb0a02
02fbf5f9
0c04fff5
0b08f405
ff0010f6
ef0ff906
07fc0dfd
f2fdfe02
04020304
ebf2f707
fffa0403
0b050411
0df6030e
100401f8
f706fff1
080ffefe
0b0de800
0604e604
07fcfff0
0700ff03
000ffdff
0810fefb
04fc010d
0affef00
f6fffc06
fa030009
05020aef
0b1e0e0b
f9080507
f9f0fbfe
0403080b
fd0806fa
fe0f0404
f8f910f8
09e50103
0b0dfbf1
f6f7fdee
1bfbfdf7
f50af206
08060003
ec080a0f
0c06fc0b
e8f50b03
fb0703fa
fe090ff9
fef8fe07
f4180bf7
ef010df6
070cfb09
f9fef90c
08070208
130705f4
0108fefc
10fef00f
0208fdf8
fc00f10e
fa040505
f906050b
f106f802
08f5fcfd
0109fa05
1107f5f6
00f6fd02
fe05dd16
0ded03f7
fc05f30b
0d060204
0bfa0ffb
070406f3
1a06fff7
04f50707
0e000307
070afbed
0d0100f4
f81103fc
0706fd04
f0feef04
efedfff9
ef060c0c
feeef816
fcf7ed0a
fb0bf8f6
09f4f508
f60102f7
fc0bf20e
f60ffffc
02f703f5
06f80405
07f90907
0b0f0104
0711090c
07f60205
f0e3f8f4
fcfeec09
0d17fbf3
0700f7f9
f6f5fbfd
0706ece6
07e9effc
f408020a
0a0d0502
0105f6fd
f902f40e
fafefeff
f6f2fd02
06f60003
f3fc03fb
f0fa0411
fb02fa03
feeee6f6
020708d8
ff0df8f6
06060208
000d0ffd
fbfe04fc
fc0407fe
f20df516
07f00d03
04faf800
fe000df7
02faf312
f9feff05
f91f001f
0a0a06f2
020c02fa
0a0616eb
eafa0afd
000ffe0b
06f7fbfa
fafb01f9
26f406fc
f9fa00f9
ee02ef03
05140ef8
f70afcec
16f1fb0a
eef70215
04060505
04faeffe
08f608f2
fc010b11
faf00b01
100c07ff
13fbf1f0
0ff906fa
f2edfef7
f6080406
000702ee
fc05fb03
1100e70a
f107fc0c
fafa0806
0c12faf6
1bfdfbed
06fa0902
0701fb03
ed0d030c
09f100f4
050a04f9
fdf70303
f8f3fdfb
f4f6fffc
f9fafbf6
fd04f9fc
09f9effd
fd02030c
f50701f3
01fbfa0f
0509fb12
0d1c1500
e40706fb
0804fdf8
040d08fd
0bfafd05
fe0bfe03
05fdf5fb
00fb0007
f3ede206
0dfcfc0b
0001f704
f2f401f1
0303feff
fa02fa01
00fef8f8
000df60f
050b0802
fe050309
fef5fa08
fbfffce9
fb0bfb01
fe0dfaf1
03ebfc07
0dfdf0fd
f90b0af4
04010211
0dfaf6fc
f9080009
0200f509
f3f2f105
0bfc03ed
fae6f400
fbf205fe
faf604f9
f9f108ff
f709fdfd
16faf008
0df10afe
fb09fc0a
f616f2f5
f7fa07ff
ff06fe17
03090ff9
fdf40106
03080409
0f02f200
0afbff03
07f9ff0c
01f1f7f3
0df50c07
0bf2f7fd
01fdf3fb
07f8f808
0003010d
0403e7fe
ed07fcf2
0bfcfb04
0c050000
f5050c07
f1f60003
eafafaf8
01f4f4f6
0eff08e7
010402e5
02050801
03fcfa05
e90902fe
fc0cf00e
010022f5
f1effe0e
0303fe12
f90f090f
f0f7fcfc
08fe05fa
fdfefafc
02040bff
0d040306
fff903fe
04071107
eefffd04
fff50a03
fa0b0bfe
00100306
f80600f8
02f403f6
fdf80501
faf8ff0b
f90cfafc
11f9ee01
f4050904
070bf706
0d060af7
060cf6fa
f204f9f9
0c02f305
f8f60b11
fffefb00
fe09f4f4
fcf4fefe
06fcfeee
1c010706
f507ff02
ff0401f8
03070a04
060608fc
fef4fafe
11090e08
05ff0000
f4feeef6
fc01f8fb
fc03040d
fd0bf0fd
07000408
04120608
0ff9f709
10fb0604
0808010b
000c05f3
f1180201
0102fd08
fdf60df6
080a060e
0301fe00
fe040cfd
0ced1d0a
0b1cfb03
eeff0409
ff090405
ee0800f3
0c1801f9
08f606f8
0bfef509
13f6faf8
eef7fd03
08f105fb
03f60505
00fef009
03f30105
00f80609
f30108fc
0d0cfd01
0a01000d
12050df4
f7fdfbff
fbff010a
0100f019
0efcfb04
f9f2000a
06f50dff
f5f4f803
fff7f5fe
f30f0cfc
f50c1000
f0fff902
f20905f0
06ff08ef
080a0306
07f8f801
0104f4fe
060d00f5
070cf9f5
f90ffdfc
f5e30a03
ef07fe06
01fd02fe
0309f9fc
000ff916
fd020b08
0c0314fe
f3fdeb06
03090316
040df2f6
0916190a
05010afd
f70401fa
f7fbf005
f201f8f8
0aede410
fefb0303
f706fc02
04fcfc0c
fb000f02
f4f8fffc
fee5fc07
12ff0202
f20cff02
0bf4f8fc
0203fffe
ef07fcfe
0f01fe04
fa04f607
14050202
08050401
ff01fbfe
0af10a10
fefcf8fd
0bf90202
f4050710
1403ec04
fe00f802
f7f9e724
05fbfc01
0204ebf9
f8ff06e9
0c0304f7
04072103
0b09f002
0c15f00e
0df3faf4
0af6f507
03030df3
04f50afb
f809fe11
08ff0316
0afd0500
0a080804
f6fff4fc
f5f505f6
030604fb
f5e9000f
0bedfbf1
f909070c
fafc09ea
fdfbfefa
02f0fb0c
040e160a
07fd05fa
080210ef
0a05ecff
f60ff407
fdfd0018
04010009
0101ef06
f90c050c
faf605f9
0907fa03
0100000d
ecfef9f4
03f504fa
0cf51005
f80f0f08
0e0309f8
030c070d
0df8fd06
0bf006ff
050cfc10
f2fbed0b
edf6fdfb
eff1fbfd
ec09fcfd
000b0cfb
f9ed030a
f911f70a
010111f1
01fb1115
fef108fe
0cf9fdfa
fdfa0e0c
060b0cf1
f0fef8ff
0503f8fb
04f90d0c
13010af5
fb0211f5
f00405fe
0dfcf815
0af70600
06f601fc
050bfd11
fb08fb0c
08100711
0306f30a
f3f4f9f7
08ff10f9
02fdf9fe
fbfff1fe
04f5effe
f20816f7
fffa0c05
ff06fcfe
fa02010d
fe0dfef8
fbf2f6ff
1607f510
02e9f50d
0100fc10
0ef303e5
f3f300fe
01f70af9
f7fa07ed
01fcf602
0a02ffe9
050e06f9
0913fdfc
021d0714
05fc0305
2003ff06
04fbff05
fffdff04
01f803ff
0ffafd0e
0a08f6fe
fefefc09
f70a0a03
1201fdfb
fced0713
f10201fe
fe09000e
01020004
f60405fe
ecf81608
fc01f206
00f2f3f5
00f80409
12f2eef7
02f9fb10
06f80a02
080306fb
f6fd02e9
01fbf6ff
0dfbff01
08fbf5ff
07fb1df6
fde7f9f9
140700ff
fc0cff01
04010d04
ec090cf8
0af3f3f9
00ff070f
fdf3f4ec
f00d200b
fc0dfef5
09f8ff05
03fb0110
f1f7fdfe
00fc09fd
0f09fa07
f404fcff
f701fdf1
f9fbfefe
f2fc0501
0ef501fd
0810fd0d
0605ed09
000102fc
effe0102
0409fbf9
03f90b00
fbf9fcfa
06010005
0705ec0e
04e9fdf6
f60507f8
f20300f8
fcf1020a
0107f1f7
f3f1fc0f
f0080310
09f90a00
16ecf30c
07fb15f7
fc18f50c
ff0dfd01
02fcfc09
f7f0f606
fbfff7fc
fdf2f900
f408f9fb
05f6f902
020a0314
0b01ed02
f5fbfe09
f10009fe
0ff4fa01
f904edfa
01fc13f8
1a0afd04
f20c0407
eef901ff
ea04f6f2
0100010f
090219fd
02eff703
fdfd0402
10f60004
f8f90200
000207fb
f40305fb
fb0afe06
f5f80008
0806effe
0c0300fc
f8020003
000300fd
0ffb0a14
f6f004ff
fa0404ff
fd0ef609
fcf6f4fd
fcfd05f7
05ef0201
09fefffa
faff15fb
07fbf8ff
0fee0bfc
ff0008f8
17fb0f03
e0f50e06
06fdfbff
f8f4fdfd
f7f800fe
eef30006
f5fafff8
fffa0206
fa0400f2
fffefdf7
0bff00f8
e6f6f601
020909fc
07fe0201
e6020108
0afc0a06
0c0a01fd
0204edf0
ff0405f6
fc15f000
f60d00fe
fc00fffb
f5f50df4
ff050bf8
f2f10610
0001f105
f6fc06fe
020af5f5
f0030909
fff9ff01
f5fc07f1
120d020f
0b0df411
fef6070c
04ff0110
f7f80800
09140203
04f411fc
fefa080e
00eb0807
02fb0710
f2121206
f009f1f5
f9f90fe7
0006080d
00040600
07ff08fd
f9f5ef09
fdfd1101
010608fe
03fbfb0a
1afafbe9
f8fc0705
000706f8
00f40b01
02f4010b
0003de10
0a0008f8
fdf5fd04
fdff0000
0a00fcfc
fffa01fd
fdfffe07
f20aeffb
070512fc
f40201fb
0fedfc05
fdfe09ff
060c0006
07f80a03
040110ed
0af30bf6
08ff010b
06fe05f6
f8fc0a04
000101e9
ecf903f3
0101030c
0301f4fa
fc13fc0e
1115fdff
01f5f704
05fff301
fa000613
0112faf0
0fee02fa
fafa03f1
050af9fe
10f0f7f8
ea1202ee
0212f8fa
0af81405
f801edfa
0cf9fffd
f106fdfa
faf809ff
fff5f8f6
020f00ff
021010fc
00f004f4
0eeafd08
f1fefeff
0df408f7
fe0cfe00
f7fe14f6
0114f203
1007f110
03f013f9
fd05080d
f91d0c16
fafb0cff
0c0efded
f60b15f9
fb02f30d
f406010a
0309f7f5
000dfdea
f6f5fef6
f8f9ff0a
fdf40103
05070bff
fa0209f3
fff40a0a
0a120709
130606f8
0203020d
05fcfdea
fc03f608
f0f5f004
fd060207
f50b0efa
ff120bff
0bfc02fc
f8fb14fe
f90f0bf2
0f02fd0a
fff8fdfc
0f070500
07f106f1
0bf0f7f7
03f901ff
00fef206
01fbfaf9
05f60b0d
05fd0701
0c01fd12
1b20fa08
f0eff906
11f20604
0bf30bee
0af101fa
f5ff1608
0505fcf8
ff0df701
f208f7fc
fe0708ff
011303fe
fb10ecfd
f6041a01
fb1bfd0e
fafa08f5
0106fb00
f800f70c
fa0e03f7
f80f09ff
02fcf70f
00ff0106
f7fdef0c
010506f6
f00f0502
0004fd0f
fcec04eb
05f403fc
fb0009f6
fe0a0804
1004fe01
f80b030b
00fd0402
f0f6fa0b
faf6ffec
04050000
03fdfee7
08f108f1
0c1afa08
01fffe01
f50ceb02
030011fa
f9060a13
0c070105
080cf500
07f6040e
f7020303
06f0fafb
01fcf4ff
0a050a0a
0401010d
d902effc
f5fd0002
faf60705
070100ee
0af7fc06
0407f700
0d0a0504
0002fef7
00f204fb
fdf60a0f
f4fcfc0e
0005fd09
f509f6f1
080108f8
f9f80303
f002fb02
140308f9
08fafbf3
f90e0114
08f6faeb
fff7f9f4
07fe15f1
0403ffef
0115fe0f
e910fff9
0607fe01
0507f907
0209e803
ff010cfd
010e0702
f4f610f2
05fb01f7
14edf3f6
f8f3050f
0b12f6ff
faf10012
f002fb0b
0704e5e3
0000feea
f904f900
02000a06
f8fbebed
fcfd0d04
f5ec07f7
fa08f912
04f8fe07
fe0a04e9
f409f9ef
faeff4f8
0d01fc19
03f503fe
0708080b
00051606
eff60a0b
e70010fe
04fef7fa
0ef5f909
f4f915f9
fbec160b
fff4fa02
f4faeefc
f8fb00f9
05fbfdfd
e812020a
01f112fa
07fc06fd
f9fe02f6
03f5fff7
f60d0000
0504f2e9
f201ebf9
02ed1305
f9f20303
050a0200
02fa0304
05fffb0b
fd05f4f0
0ffb0ff6
06fcfef6
fafff50b
02060cf5
f806f509
f6fa0cf0
ef01f903
00fa0314
08f71105
0505090e
f6fe0dff
19fb05fb
ffebf50c
01fefd06
ee05fff8
05fdfef5
ff01f0ff
04021603
0e07f700
f0f7f60c
faf6fa03
0dfd08ff
0107f908
0dfcfb09
0218fd00
fefefbfe
07eb0df2
fff903f6
0703ebfa
080e02fc
14fa0709
09e9fc05
14eff2f6
f90004fd
0af70ffb
fc0503f2
00fd02fb
f2fcfcf0
01fffbf6
fc080400
0e01f2f4
02fd03f9
fb050405
fdf607fe
0b05e3fd
f612e8fa
04040402
02fffcfb
faedfc00
f3fef817
0807e1fc
03fdff0e
00fe0d10
f6f40906
0215fbf9
03f60dfd
fefcfd06
011604fb
f3ff0406
00080901
f506fb04
021309fe
fcfcfa00
f30404fb
fa04f309
fe080301
050a04fd
f2fef3f3
05fefb02
f0f60af0
0a02fff2
f8f50407
e8fc0e0e
03feff00
07fdf4fe
fb02faf8
0006fb06
02f7f5fa
0bff14fd
fef8faee
f30ff20a
fafe03f6
fefbfffb
fa05110b
ecfffff0
0104fe0e
020004f4
0d0004f7
fd0d0313
fe0c0c10
f3fc0efa
f8fa0003
03fd0014
f8fdf9f2
0cf208fd
ff00eb0a
17121716
01050506
0c11f601
f308f3ff
fdf80a0b
0a0afdfe
010f04ff
ff020607
06f5fdf7
f811f7f6
00050603
f9101304
01f7fdfd
f5fafaf2
04f80905
f017fff3
09f30508
f4ee0001
0103f3ff
06ef0af6
09fdf8ff
160700f6
f9fefd0f
fa02060a
07fbfbf4
fcf8fc15
fb06f005
070a020b
0005f804
f100f9f6
ff0e0c0a
01090cfb
ffec0a0e
effff306
020304ff
0ef8ff00
fc04f9ef
ffff07f1
070003ef
f7fd0fff
03f9120b
f309fe04
fafdf30b
f7f9f3f1
06fd0cf6
05f81100
0214090b
05010907
fff5f014
fbfafdfb
06061ffa
fe02ffe9
f6fd0ef6
07090efc
fafff8f3
f7fd0a0e
f0fffe0a
01fa0419
09fe0407
00fc0404
fffe01fb
0c0000f8
fb0cf903
fe05010b
080ffb08
effe090a
fafb0f12
0014080f
fa05010c
f4f3000a
0c0308fe
ff01f5f9
e7020316
ff1409fa
060d04f4
fafa020a
fa070bf5
120bfef9
fef7f5ee
02080600
00020003
020400ff
050506f7
f5140efb
f40602f5
0204fbfd
f91dfb01
fef50ef9
05fbf601
fff7fbf7
f8010002
0dfa0901
020700fe
060310f2
0af80103
f80d0d04
18f302f6
f8f8030e
0805f205
090be511
f1000d02
10050703
fe00f7f1
13fa04fa
0bf5fa02
f8fbf4f8
16f9fc06
020bfb01
ee0ffffe
f4fd1002
0ff70801
ff0709f7
ea05fa0c
070110fd
fc170d01
05020307
fefd00fb
f70104f6
fa04fff3
13060805
f50dfd09
f40d08f4
12001201
02f8fc02
05f00f04
f8ff11f9
00f8f4fe
fee8000a
06f30df9
ff0508ec
f404f2f6
f80afffd
1304ec0b
f6080108
02f6ffff
fb041203
fff6f402
06fbf7ef
f701f8fa
010901f3
ff01f005
f908fbf2
f2fe09e5
090c0800
f9fff7ef
f9fe0111
070903f9
fd1a0711
0b050201
14f80900
00ff100e
fffafbfc
ff09f805
0d060af2
07f4fdf0
f5f0f606
f9fafa07
01e90105
fbfa08f7
fafd0e02
f600f501
f808fd08
fdfefffe
f1fd0b0b
fc05f0fd
fde5fb03
fd05fa05
f4fbfdee
fffc0e00
10121b00
0aff0903
13ee0e00
fbfefded
01f4f4fc
0afdfef9
e8fe0704
0aee1104
00f8e805
0206fc02
0a0cf911
020505fd
11f80df8
06fa0af8
f7fdfa10
f7020cf8
08fd06fb
ff0206fa
03010a02
f4fa0dfb
fb0f100b
020203fb
f210edff
0310f90a
f708050e
01020206
fcf7ef07
f9f80106
0604f609
f301fb07
f8f809fa
ff030108
fa00f2ec
fbf708ef
ff03030c
f2f8fd02
06fb070c
000e0afa
0100fefe
020402f4
020905fc
050702e6
f601fe0a
040807f9
f711fe12
ef050e04
11f405fd
f80a0a09
02fe09f8
f4020a10
01f0f1f9
0e0c1100
ed0af900
fe0f20fc
f9f4ff0b
effa0302
f5ff0709
0309fb06
ec040708
1113fafc
f9000506
fe070ff6
eafafbf6
04fb071a
08f4010a
f1e507fa
ff0607f0
08110306
09f918fb
0704f600
04030ee9
fd0e02f8
020615f7
f6fb1500
0ef209ee
fe0b03f7
fff3ff01
080b010c
f505f20a
05050607
f70a0506
13fdfaee
f9100502
0f07f506
090ef208
f806fbf5
0d01f80a
0d090701
f802fb0c
ffff0310
00fd0015
020dfe01
0b110000
e703f5f0
f8f50d07
fe05fc10
0003fc05
f9050aff
12f408fc
040311fd
fcf8fffa
f9f6f3f2
040df6ec
faf7f6f2
fcfcfced
00001204
00f7fdf9
01f713f5
01120502
0cf60700
faf803f6
f6ef0909
f2fa0402
08fffffe
fe08f607
08ed00f9
0bfe0afa
07080503
ff060df8
14f3030c
01fe07fd
fc11f8fa
0ff703f2
02f305fd
fa080208
06fc03fb
0efbfcec
080403f5
fb0207f3
04f41b10
fbf6f800
020f0f0c
06fbfa03
fe01f910
0806fdfe
f6f1f90d
edf8edf9
0c00f701
0a04f60c
0716fb01
0209f70e
f9080606
07160103
f9fa010d
090100fd
09eb0111
010b0002
fff50500
f80afb03
f80c0509
fa0e0efc
f0f80205
fbf2fdf5
0dfb0509
faed02f3
fff7f304
080004f6
f103180d
f90304fe
0ff21900
f1fd0a10
00030807
04050b05
fff605f9
0bfc050c
02f70d00
01fd120e
00010600
fef6fafd
04fc0805
04f7faf7
fafcfa01
06010200
fbf301f9
11190202
03060605
09f303fd
01fefcf3
04090d08
ff17fdff
0ef507fa
f4f3f805
02f60f07
0c0513f7
f5fcfffd
06fcfffc
f2030a05
0b070407
fefffc03
09fc0600
fbf5f6fc
fa080904
f105fd03
f409010e
fdfafdfd
00ff0503
f81106f9
edf1fc02
12f9fe0d
0203fd07
00030bfa
fdfe0008
0efcf5fc
f1fa04f8
fcf8f504
fefa1100
02ffedf8
fef50cf7
f2020b0f
0cf3fef0
fdff03fc
fbf30b08
f904f4ea
ef00f2ff
020719fd
1509faf8
f6f6fff7
0b0200f6
030b0106
ff01f604
e9f4ff02
05fbfb04
0808feea
100d00f8
01fa03fa
f3fa0b00
fcfcfd02
fdf7f614
fff805fb
0200ff0b
d5f70a0c
05fefb04
fcf80701
ff040bea
f6fdeaf5
0507fdfb
edfaf5fe
fc2004fc
e20cf700
00130a04
0cf10203
02ed0501
01060807
0c04070f
fbeb0301
f7f9090a
041a0012
f10b08ff
fc100cf7
f6f4050d
01f402fa
f90000fb
f50cfff7
0c1000ff
e80709fe
07fafcff
00fb1201
fd0ceef3
00fbf2f7
fff4fafe
fbfe02fe
02fff602
0ffa0b10
0208fa04
faf60200
0b08fd08
f3030211
f0fb04ff
01e8f80a
09fb0116
04f60ff7
fc10fbf3
0b020afd
05fc07fc
f702f9f5
03f7f10c
01f0fafe
ed07fdfb
07fe07ee
0bf80909
010000ee
00060a0c
ff0402f3
0701f309
fcf7fef8
03f90a04
fdf8f812
f917f005
1bf3ee15
f901fd0b
ffe8f703
ecfc02f5
0606f2f8
fff90100
f9f4ff02
fbfb0afb
fe09ef0c
1100040d
06f4ef04
0bfc08f4
fef404f8
0204fbf9
05f1f90c
0bfcfbfa
0403f90a
fefb03f7
08f80d01
0704f413
f6f3eafd
0d03f705
fe170901
020903ed
03fe03ec
0afa02f4
0ff4ee03
09fef602
06fe000d
0701f909
09050008
fff2f404
eaf40aed
03f2fa07
f1e6fdf3
0bf903f4
e30cf205
f7070cf7
f502f90c
fae205fa
0000180a
fe061204
f9fd0308
f6fcf50c
0104fbfd
f7fa00ee
f507030a
05fd0401
f70afaf2
ff05eff5
04f50108
fdf807ee
ec000415
02fa19f1
16f7f3f8
fa140500
1001f711
f9f506f0
000af5e6
00fa09f4
f4fefdfa
03fe14f3
f0fce40f
eced05fc
fef602ff
fc0504f7
01fffefb
0bffef04
080ffcf8
01000102
ff0306fc
06f9f0f9
0bfe0c0a
fe0bfdff
fffff208
f6ff0702
03f4fa06
0500fcfe
fc04f515
f3fe15f5
fffbf912
f0f90b02
ff0305f1
06f604f8
ff0a0df2
00f603f5
fe000808
f5120a0c
0e0503fe
fbf80902
15f316fc
f5070402
f0fe0a02
0a060408
03050400
ec12f9ed
fa04050a
1506e616
e3ff060e
ff0c0afe
0d0206fc
ee010106
181002ff
02fffe04
0afd03ff
f804f4f9
060f0403
f1051500
fdf90207
f7fc0209
01f2f01b
fbfd02fa
04080df8
03f70615
f4010c05
f7070ced
fa00fef9
030e000d
fc09fbf8
0b04fcf8
080e02ec
f8effa01
fc05eef0
0318ff02
eefff30a
f7f8ff08
feedf0f5
e9060703
f404f805
fe000709
f2f5ff02
f7edf0f8
080cfd0a
020204ff
fdf9fcfd
21f700f2
fa000001
0afb03fd
fb07fee9
130903fb
07ec0300
f8f9fcf8
0a050807
01ff02fe
ea13fafb
fafafdfd
0702fe13
04e801ec
100cfeee
f4fa0501
fa0efff5
08f7f40c
07170303
04020009
0004f209
01f3f6f4
0af0f404
fefafa02
e70efcfb
fb030afb
fd0b0afc
fdeafffe
0f01fff8
01fcf906
050409fe
000c0ffe
07fefdfe
0005fd01
0afe01ff
050406fc
fcf5fd0f
00fefc06
fc080afc
061016fa
04f60c03
f90a0bfb
fffaf1ef
1600fef2
fa0307fc
ec060a06
0807feec
fa0a1003
050a0306
f90203fe
0014f7f8
fd03fdf8
0607f600
110bf3f6
f7fe03fb
faf10ff7
080e09ed
fdeffefd
060912f3
fe0bfdf2
11030318
03fcfd1b
040f0efc
fa04fa09
ff080505
19eef302
fbf101fe
04fd100d
03fe09fd
f8150a17
0a0804f9
04030407
06ff09ec
f9f7f6f9
06fcedfd
ef09ff0c
13fff2f1
ecf60902
01160e04
f70dfa04
fd04fb02
02fdff07
ef0cfcf2
f700180e
00f30e02
feff0a06
fc020801
1300f8e6
03fefb03
03fe06f9
f8040408
fdf3f900
0703fb08
f902fff8
0a0e1516
06f3e7f5
fe010408
03f90600
f216f7fe
ededfb03
f6fffa01
fa0ff00c
07fb07fa
0bfbfeff
ff0f01fc
140102f7
f9fbfaf6
18160306
0c0b020e
fffaf6f8
f100f0f6
f80dfb03
09fff00d
fa0905f4
f2fc04f3
f8ffedf5
060dfaec
11ecfcf4
fe070a0a
fcf9f200
f7fff6f5
01fa1203
08fbfbfd
f9fc060c
00f0fa02
0406ed0e
0408f9f0
fc0b0513
02fefdee
fe01f4f6
fb09f70c
fd000206
03fb0e05
09f80109
08f8f9ec
03f60605
0ce5eff4
0c09ef0b
fcf7fa0a
f714fc03
ec0df400
f2f109fa
040802f9
f806f00d
070eeffe
06fb15fe
04f40bff
f807200f
f3f002fb
0808fd04
fff50ae8
0501f20e
f9fe08f9
0bfd1315
fb0d00f4
fbf5fffe
fe0900f9
fa000104
eef7fefa
fb081807
f8f7fc05
f807edef
f8fe14fc
040c04fd
0df0f40f
ea140913
0afefcff
fb021400
12080d09
fcf80808
000bf5f5
08f1f610
04f80808
05f6f504
f901f6f2
fa0b03e6
09fb0703
f103f507
000b02f8
01fdf001
05f8f4f7
faf90d02
fdfc0309
fef001fe
0212e50f
0af8090c
060306fc
edf3e9ff
f9000902
fafa0b07
1007f7fb
0becf7fc
faf902f8
f1f5fa09
fd0afbfc
15050202
f7f8f50c
fdff0c09
f600f8fd
040708f6
f0091302
06fc02fa
0c0ae6fc
020ff9fd
0f010bfb
fdfb0604
0b0b0f13
f9fffffd
ff07fefd
09f2f60e
050bf900
0306f504
0a0a000f
fbf5fa0d
f6fe1409
1404030e
eafef608
00080508
04f005f8
0cf31406
0efff706
0006010a
1bfa01f6
fcf308fa
0cf80b06
f60603f8
f4fb0410
f804070c
ebff03f9
01fb001a
f6fb0103
0efe0907
fa051004
f901f5f2
00fbfe07
06f20103
f4f802f3
f802fe05
08f802fa
05180317
ff14fefa
f70608fb
fc0af2fb
fafe0102
01f6fd06
0b0df708
f8ff0efc
09f9fbf8
040305ea
06fc1205
10ee09f9
040dfdf7
fa09f6ff
03f2fa08
f50e03ef
050bfef3
030ffbec
fef60f02
06fe0e13
f8ee1ff8
09fa01fd
fbf70cf5
07fa05fd
0a06f7fe
060afe0e
15030111
ee05f70a
fc0209ed
f40d0608
fbf6fbf3
10f50601
f117f7fb
040a030a
f2030303
1002eeed
f6ff00fb
0903000d
f7011617
13ff07fd
02fafbf6
fb120403
04f609f9
13f70803
ff0ff3fa
f810e5e3
130af70a
1105f803
f803f803
07000702
e50c0316
fd0bf0fd
0217f5fe
fef6100e
fef807fd
02fbf9fa
0bf80dfa
f20606ff
0403ea0f
f0f60706
0afa12ff
0303fc10
10fef30f
f9f911ed
fd0402fc
f8f4f90e
070105ff
fdfe0912
fa04ee0f
09fd09f5
05fcfffa
fdfdf60e
0900ef04
17eefc1f
02f4f403
f506ff06
0101fbf2
fe0a09ff
0bf000fc
1006ecf6
fdfd05fe
f9f003fa
f40402ff
070801ef
fb07f800
ef04ff14
f5f505f0
faf802f1
fbfafcf5
fd03fe15
0310f201
0206f30a
0903ff05
f0fc0709
060af9f1
f50002f4
e1ff03fe
1005f7f6
fb1504ff
fcf8ec07
f4fb0104
140218fc
f5faf401
11f0faf3
01f900f8
f3050b04
f3fdecf6
040ffc16
03fe01f3
fafafceb
f8f20c05
0b080508
fdf902f3
0510ffec
0bf9fbfc
edfcfdf2
f90610ff
00f0eb0b
fdfafcf4
06f9f80d
000a0a07
0601ffee
0a000314
f61004fc
0306fd01
fbfaf712
0c03ebf6
f4fffd0c
100afbfe
06fe0d03
0403f401
f61509fb
090b06fb
0113fb0e
f9e404ef
02fae811
faecf305
0c0506ed
00fd0006
0b0805f5
04100a00
06f80307
1d03f5f3
050ff307
09110605
f8f70009
07fe0308
03f005f8
0ffc0c04
f3040cee
f8fffcfe
09ff0df7
fa000203
f3020707
fc0f0a1a
f2050608
fbe504fd
070a0e07
0409fdff
0806fef0
ee0503ee
f503f5f8
fa0c08e9
fe150c15
f1fce506
f3030403
00fb0efc
0501fff6
00090201
e4030df8
1cfbf4fd
030305fb
fcf8fef4
090efb09
01fd010a
f5f312f3
fb0d0ef5
f5eefd11
fb09f0ee
f906f6f3
fe17fc14
030612f5
fa020100
faf10b06
fd03faf6
0b03f107
0601fff3
0901fd04
0405030c
f6f100ff
01e2e602
0805f0fa
030517f7
08fa00fa
0df306fe
030908fe
fbf3fff8
f40afa06
06060f0a
f50e070a
05f805fd
eafe1203
fefef004
e1f2faf3
ff0d0302
fb0c04f7
0203ff0c
0bfe09fd
01f2fafa
0d02f7fc
070efe04
0ffa02ee
04f902f9
f60803e1
f1fef20a
f40b1205
fcfa07fc
02020f01
fe010315
fef3fafb
fb04f3fd
0b14fa01
fe0906fb
0afe01f4
0509f502
f1f3eaff
ea01fc08
19100dfc
02051202
05080bf5
140ae90f
1507000f
1515150a
ec0b0e05
040cf707
1cf3f3fd
0800f8f9
fef5e7f8
f9f8fefe
04f8fb03
14fefcf5
fcf6f800
160c0700
0410ff05
f4f6040a
050304fd
fa02f303
0cf9eff1
08fe10f9
ff080404
00eb0408
0302f6f6
f4ff0902
f5ebf902
edf5fc11
eff50200
f3f8fc02
fef70902
060ffe02
f108f902
07180805
fafd0fff
09110dfe
f8f5fcfd
02f4fbf0
faff150f
0302eefa
04f40afb
0706ff05
0aeff3f3
f101080f
fb1006f7
e7fd0606
ff090104
020b01f7
02fdf708
f0ff0cf4
f506f9fc
0df3020c
f6020405
faf3fe0c
000b000b
0cfa1209
07010a06
0805f100
05faf203
f5000809
f30b0207
f018f2fa
0ef6f1f2
fc0201f0
f8fdff00
14fb1aff
fef50a0a
f8f00100
ebfc07f3
05f7fbff
0cfcfaec
f807fffe
fbfb03f4
fefdf7e5
ff010402
fcf5f401
03f6fd02
050bf703
fc000ffa
f10a0707
080f1912
f20afbf7
0c0bfd00
0c0408ff
07fc0cf9
080e04fd
0fff0508
01f9f5f9
f8edf2fe
02ef09e9
f8fbfa0a
f600fdfd
fffafaf7
ee010403
feeffa1a
fe0907f9
fcfafb05
f1f401f1
fef607fe
07f6fc07
07e70312
06ecf50b
fe02f1fa
1bf4f005
17f6f702
f30b1007
fefd01fc
0afdfffe
0718fffd
1009fc0b
060000f7
fff40506
fc060e06
f0fb11fb
f80d01ff
fe000506
070e090c
f7fd0cf0
01fffc0b
02fe0303
ffeae605
f40a02fb
12010309
0906090b
0e090304
01fb0b00
02fcf4f3
f501fb16
0d00fdf8
f60cf108
120ffd03
01f9f608
09fd01f9
fc1410fe
fff80ef7
f30b0407
fef907f7
03f00200
070702f4
050a07eb
fbf0fd12
06fe020a
f9000801
f30c06fc
0220fc02
fffcf402
fbf5fdfc
fd13eb13
fcfe0a06
fdf8ff04
f6f5f206
03f3ed08
071203fc
0f0c05f4
fcfcf509
03f310fe
f301050d
fffc0502
fdfcf9f5
06fbfe0c
0102f9f3
050bfefe
0ffcf6ff
14fe07fe
01fa0b0c
040cf6fe
0d1905f2
f0f4f201
080dfc01
f8e7fc0d
1604fefe
0cfef3fe
daecfcfc
02f906f9
fdf01201
01fbf7f2
f6100cfe
fcfdf0f3
0eec00f5
02fa0aee
021305f3
040703f1
fe0b1604
fffeff01
ff04f0fe
0cf7fbfb
0d08feff
fcfe0109
081b03fb
fa0a06f4
09030101
fef8fff9
13feffff
fe02f9fb
fa140113
fefa0507
06011802
09000405
efff0900
06f4010d
14f5f8ed
08ff0cfa
fdfdf404
f5fe02f8
fdf6f6f7
06fd00fd
04f900f0
0510f9ed
fe000501
05031308
05040800
f007f705
00f90a13
fd1200fc
fb0bf507
fd0a00f7
03f5fff1
0ef7f6fb
f5ff08f4
ff08f5f6
f5f8ff0e
0a1003f6
0cfaf608
03fdfb11
eaf6f8f3
ebfcfd02
0d000606
e500f9fd
f8effff3
05fefa10
060ff90d
15fd0bfb
060f0006
060af3f4
03080005
f9f5fafc
f707fa08
00f80d15
f2eff90f
03f000ed
04f90410
04f80cf7
071504f1
ef15fcfe
fe0a191a
0f0d08fa
ec02f9ff
04020bf8
f30a0008
000305fe
f70304f9
0102f3fb
f4fb02fd
07fc0cfd
fcf9f202
fff506ee
fdfafa0b
06f20300
f408f5fe
02061203
fff9010a
0111fd24
f9f412ef
f9f1fe09
f00301f9
f6fbfbf9
01fb0001
f0fcfff6
04f50610
eefcfaf6
15f90c00
020ef6fe
0d0ef5fd
0a0c0a0f
00fa0001
01eafa0a
0aed0e13
ef000bf6
07f4f403
f1f7e9f8
f90b1107
09f9f401
0de913ff
f2f7f208
fb0110fb
ec0f000d
0af3f600
06fb00f9
fafcfa0a
0a02010c
09fbfdf9
ecfd08fa
fcf2fef1
f70004eb
f9fef80f
fb01fbf9
faf50501
fcf80cfc
f51000fb
08fb0807
f7f3fa05
fd070208
fc0c06f5
02030015
f107fffe
0b1005f0
090506f5
fd0dfa03
0004f6f4
0302fafa
12f9fcfe
fe130603
f8e900f1
05f506fa
fcfc00fb
0502f610
030efdfd
f21305fb
f7f6fffc
faf8f303
fe00eb06
faf003ef
0bfb07fb
0af70701
000a0306
0df900fe
02f9f9fb
f3ff02ec
f5040cf5
03fb070e
f403fcf5
10f3fefa
130b05f5
fa170e17
fbfceff6
04fff706
15fdf5f7
f9060906
f8fc01f8
f6f3f3e2
06f905f7
ed0b05f7
06030afb
f6010101
fcef06f3
f909f607
00f3fd0f
fdfdf8ff
05ef12f0
03ef1508
1804f2f4
06f7fd08
f8f706ff
0a0d01f2
f8f8fbf1
02f80cf2
050beffd
0012f800
fdf902ff
fc04fdf2
0b00010c
f7fbf405
fd0df800
ff020507
f905fff5
05fcecfa
f0f604ff
04fa0a0c
ff0c00f7
f0f00d00
fa0d1101
0517000f
fbfbeb1c
040d15fc
040108fe
fbfafc10
fcf70e05
f2090ff2
06fdfc07
03061212
0f0202fa
08030506
f3010507
eefd0a07
e8fcf7e7
fbe8050e
fc0bfae9
0804f800
01f3fbe5
0101f7fd
09fe0902
f7fef3f8
f7071405
fa0dfd03
0210fe07
02fbf80b
ed0cff00
fdf20b15
fa0d0b02
11f5030d
eff9fb13
010c0afc
f40509fd
0601fc06
f5150900
0903040b
f3eb040e
fff80af8
fd0e03fd
f305f7f9
faf90ef5
030ff60c
faf60304
0009fb01
05f003ff
fffcf0fc
f604f0f8
1af4f90c
100702fb
0bfdfc00
0007f30e
f0080101
0a0d0600
05070cfe
01f50412
f8fcf0fd
0a040afd
0b0d0004
fb06050b
f9f7ff06
faf1fc0c
f8fbf8f6
fced07f4
02fcfde4
e900f10a
1207f70c
07f50c0d
11070f07
fdf4130a
fa0e040d
fdfef8f6
10f40800
f806fd0b
fbf80cf1
0200fb04
f20b0802
07001301
f908ff12
1c01f403
13f4f4f9
00ebfb02
13fffbf6
f8fb0efb
fef9fdf6
fff807ff
fef30307
03f808fe
ff07fe04
f609ef01
f4f70af0
0300fc01
f2f41000
12060dfd
f5fff801
04160605
03f50002
fafaf700
06020708
f400f2f4
fefaf707
ebfc020a
04f3faf8
0018f501
f7f803f6
ec03f91a
08f90c0b
0c02faff
e50a0403
f402effd
0b11ff04
f5fd010c
0b0b070a
ebeafeff
041412f3
f301f20c
0310f60a
f40d0400
0ff400fb
05fd07ff
fd040506
0f0105ec
f40ef6f5
05fcea0b
0301ec01
fd0609fe
0612fd07
f4ff0af5
00f70cf5
07f9fbfc
f4f8f408
fd02fcf3
07050bfa
0a0c0eff
fafff4fe
06fb00fa
05ea0512
0a0bff00
081515fe
f7f60308
fef2fc02
01f90bf9
160dfe05
ed15ff04
f7030a07
07f811e5
0aff0cf4
07000bf9
050e0cf9
04fbfa01
00030105
0a090efd
1004efff
f8f604fa
05010b00
f611fbf7
0401ed04
f4030b19
1307070b
01020e0a
03f9f8fc
07f2f3f3
00fa05f9
fafafded
01110dfc
08ecf4f3
faf81500
150310f4
07fc0703
fb04f415
08fb0309
00010202
0e020305
f5101311
f4100806
0ff8ebff
10f7fffc
05010905
f10affff
fa010308
f9e6f8fe
07090701
fafff10b
07070003
0301f701
0205fdf2
f601ee0d
f7eff105
09fb07f5
f9041a04
fefdfcf0
f40803fd
e9f9fbf2
f7f9fe0d
fd0801f8
07f7ed0d
f80b0ef9
050bfdf5
fc010e00
00f7fc02
0c0910f5
fafa1af3
06fcfa01
f9fd0f14
f505fbfb
07f802ff
0603fb10
05fb0ffd
fdfc05fb
0ff3f30b
03fffc02
ff02feff
ecfef416
01070f08
021305ff
f4fb03f4
13110d07
f502fb12
f2f6fe04
0000fafd
fd00f9fe
0f010009
06fdf203
00f90101
0df3ebf2
0c0a110c
fffcde04
ed05030d
f70b070b
fefefdf8
fa03fefe
0cfb01fb
ef04fbfa
edf90d05
01f40306
0907050d
04050508
000d0a05
0cfcfb09
fb03f102
ff07fe03
07fb00eb
0b09faf9
eefc0402
05f90e06
fbfc0604
00ff0413
f8090908
f3fe10fa
13f20e06
fafd0f0b
fefb0103
070602f4
f707fffc
fa0107fa
f5f70202
fbfffff9
05f20205
e9f604ef
fc0903f8
fa010b0e
f8fbf512
ff0003f4
04fcf309
fbfa0d01
0700f6fb
fe0ffaf3
fd0e050d
00fa01fc
04ed0b02
ff0aed0c
f80409fd
05fd0d0a
fb060d00
fd12f510
faf7fbfd
07000901
050c09fe
f4f6f600
ff0e06e7
f0fd09f6
f9fbf802
010602ff
04ff16f4
f904ed02
f50df909
1012fcfa
0905fe00
fbf7f308
e60102ee
fa050200
08fcfdfe
ffff0af2
effd0704
f6fb01f2
f6faf7ff
0a04f6eb
f3fbf1f8
05f0f5f6
00070000
fff70506
05e7fef5
f301fd0f
0806ef05
fd080bfe
faf5fd03
08ed0a14
f606fefc
fa05180a
f50bfdf6
08150216
01010202
0dfbf204
010301fa
fcfef600
fdf30201
000cf707
f7f6fe03
0010eb08
01fe1404
f703fb08
f7f0fcf6
ff03f903
fc07080b
fbff0809
ff06f603
0b080f15
fcff06ef
06ff06ee
fc09fd03
04e9fffa
0a09f7ee
f912f512
0afdf900
f6fbf8f4
0e1100fc
ff04fb00
fefeebf4
ff0c03f5
080b000b
0c0ee407
ff0303fa
00001207
0206f2f5
07f10903
f8060504
fff1040f
07ff0b06
130a0e09
ff0b0cf5
ee02fafc
f20af70e
0201feeb
01fe0911
0605fc18
fef8fefc
0c02fff3
0efafbfc
f7f6fa06
000dfdf9
fdf20103
ff07020a
091200fa
08020005
0e04fb08
fbfd0001
19f300f7
00f2fc02
0006f504
f8fae602
fc06f9f2
f0f9f409
02070409
01ff0f05
02f103fa
fc00f800
1109fcfe
0d04fcfc
fd0afef5
09fdf9fa
ef07fd07
f100f7fb
01f1e3f3
fd0706fd
fc10f502
fff7fbf0
050cf000
06f603f4
fd02f7ed
fd08f7f9
fd0202fa
f6fafd01
00fb0007
05fb01ef
05ef0105
ff0201ff
03fffe00
fffaff09
0af615fe
060703ff
fe0d05f7
070df806
011402f1
0201fc06
0e0e04fa
07fc1204
fa040500
120bfd02
03f90a03
f8f9fd05
f00afc00
00fc0716
10f40d0c
1e0cf5fd
f103fb03
070806fe
f110faed
09071510
ee04f4ff
0bf80312
fcfbfa0f
fc0f060d
030d12fc
0e060103
fafd0bfc
03fbfff9
f402f8ee
03fe07fa
0a02f7fb
00180cf7
f2010a04
0d0d01ed
0afd03f1
fef8fb05
0b0c0b03
fbff0ef8
07f5fe02
f704f805
f2f5fffc
0602f30b
fafb0600
faf30afa
f2fdfc07
050805e9
07f21212
11f704f5
fb0f0c07
14070c03
f5f511fe
01071418
0a000309
0401fc03
fc0500ee
fefb04f5
01f9e60b
01e90512
f7020afe
02fbf003
fdff15fe
f2fef710
fbfc0305
f608f40e
10050802
0ef8fc0b
00fefa0f
f7f70f02
f9080aff
f4f0060f
0e050f0f
0404f3fe
fefcfaf7
fe0ef800
fa07faf3
f708f4f7
f8f5fd0a
0101f20f
03eafdf9
00040ef5
0207f910
f3f70509
0c07fefc
fc03ff01
fd04ff02
00fffffb
f90ef9fb
faf618fc
fefdfcf9
0412f101
02010cfc
0b020609
030208fa
f60cf6f6
f810fcff
f605fc03
eefdf9f6
08e5ecf9
0302f9fc
f70901ff
ef04fcf2
fef403ef
0002fd03
03f2ff02
fc0eee02
1bf104fc
14f606f1
1118fc0c
0c03f900
0afbfdfb
0302effe
0b17fbf6
050d09f4
ec03f5f5
f608f303
f1f1f6fe
fef806f5
fcfc05ec
0bf40711
fa02fff0
080f08f3
f3faf4ff
0cf3fa14
fff108fb
190305fd
0af1fcfe
f00007fa
eb00ec0c
e11106ff
fdf5fdf2
0a06fff3
fd05e805
e811fa00
06f0f8f3
001107f4
ef08fc04
03fee502
f8fe00ff
000ff305
fcef0d06
00effcfa
ff0bf901
faf2fdf9
f7011012
1a04ff04
00f3f507
0205fe04
16f90304
fcf20000
10fcff05
05fdf607
0b0af5fe
13f50104
04fb0602
0d19f5fd
f0fa0c0b
fe05f803
0e000102
fb0302fb
f5020603
0117f9fb
f103fbf9
f30a08f9
f00204f8
00fe04ee
fcf3f7f9
07fffd03
0602f6fd
f2fafaed
fef311f6
0e16fe04
fc0af41c
fbfa1101
06f8fe00
06ff110a
fa00edff
f5f404f2
0efb0705
0904f5ff
070103f7
fc010dfb
ed08fcf7
0000fdef
fbff1302
fbf9fb08
fa08000c
05eb0af7
0cf807fb
070cf9f5
fdf60aff
fff10a02
f4f6eb01
f50200f9
0801e909
fa06060b
0015e9f6
0200fe02
0afff7f2
fafaef0e
f1f2fb0e
0d01f209
0911fc0a
fb06ecfb
0cfe030d
fc0bee17
f7f4f5fa
effdf802
fafefc02
0800050d
0b08fc04
fb000dfa
f90002ff
f1090402
f40203f2
f901f201
000607ed
fafc05f6
0502fbfe
fd08f601
04ff0b08
00fd1508
00f518fe
fa000efe
f7fbf10c
fb040304
0a110c01
ffed1410
f8fd0cfc
fa09ff0d
feff0502
fb020d01
ff0101fe
f40104ef
e6f0fd00
f201fcf8
fffe10f5
f3fb00fe
fbfdf806
fe05fc04
f5f701ff
00f4fced
0bee06f1
f9edfe0a
14f8f60c
0ffffb0b
01fcef0d
01fe09fc
f00002fc
f9130104
10090506
00f806f5
f9f401fd
03fb04ef
ff020602
f807fef5
03f6f908
05f3f50c
efff09f9
01f3f8f6
ecfe05fc
ffe50a15
f9ed01fd
eff50907
0508f80e
f8fa01f9
02f51200
15160709
f5f2f7f1
0afef7fc
fdfffb0d
f80b0507
fe1602f9
0b0104fd
0df10402
06effcfd
05fa0102
050c05ef
f1fc0c08
fd0506ff
11f7ed13
f209010c
03f5f6fc
f600effc
10f401f9
fe15f500
0004fff5
090bf8ff
060bfe0b
f600fb04
fff500f8
0bfe0d0a
04fdf6fa
05f60b00
ecfc1207
02fc0802
fff61603
0e1906f7
04030501
020d09fb
06f4f106
f904f4ef
f5050311
030903fd
05fef2fc
fd0aff06
070ffcf6
0efe01f6
010a01f6
16040eee
f90e0602
e2f90f08
0bfcf206
09fffef0
05ee0dff
fa010101
fbea1506
0b000400
faf80006
fe11fe05
fdfa00fe
f308f8ea
110713fd
f6fe0103
f514fd07
0109f7fa
08f20511
f6f601fd
0e02f9f3
ebff1605
eafd0409
f305f20d
f101f611
13fdfbfd
faf7f9fa
0d03fdf5
f602f90d
fe0200f9
fffbfef7
f8f30dfe
f80207fa
fc00f3fc
fe090800
0ff6fa01
f9fdfee9
f2090bf9
00fc070c
f2fc0feb
f7f90109
fbef0108
f5000af9
fdfce8f3
0308ec0c
f609ef0a
fefeff03
00fffd08
030006f7
fbfefd02
f7fd0309
f8f804f6
15050604
fee9fbf4
0cfafb1b
fe0d0400
0201f808
0ceefbf1
f2070604
fef9fe14
fb030efa
fcfe06fd
01f30209
f40507fd
05ef07eb
03f004fa
00fa0805
fbfbf409
fff9fcf3
ee00f102
08fdf505
fd0df8fb
0aff0300
f008fbf9
01060b0a
0308ee00
f312f7e9
03fff9f9
02ee0102
0516fffd
f8fdfcff
02fe00ec
060effef
2df9fcfe
04fefff6
0afdfb00
0beefb13
fe0d08fa
02fefcf9
13070303
f5fdf609
fe0112fb
0bf40b02
f50803f4
070802ff
f7020dfb
050300f5
05fcefff
0207e813
f2020702
0efc0c02
08fefefc
0605f905
fdfb0412
0bfb03ed
1012f4fe
fd050409
08f0000a
f2f2f9fc
0cf3edff
01fd08f1
0dfa0001
08f7f510
08f9fdfa
0d0b0d07
0afdf8fe
17f80016
09010709
05fb0500
ea040cef
0cfc07fb
0f02f709
04f50803
0b07f8fa
f300fbf3
fb01eafe
fd0af703
00f20309
f1f80903
fc010b03
030af915
0e080107
04fffb05
f8050005
f70409f4
f6f8fb0b
f906fa03
01ecee07
02f9e80b
f9000df5
f70203ff
fffd0701
1121080a
ff0101ff
eb000204
06000811
0afc02f9
03fa04ff
0a00fbf9
0302fefc
070f0700
fff502f9
fc0efc04
f9fd16ff
f901fc01
0dfcf6fd
fdeafefc
fb0b0613
f005f9f8
0e13f8ff
f9f01101
03f105f8
f4f80afb
120ef9fe
f401f9fe
180cff01
f007fdfb
00060419
1300020e
e1030af1
0a0efdec
edee17fc
faf509eb
0bf8fe0f
130ef604
000cf4f8
fa01f108
fb0008f8
0b0509f7
ff08f510
0bf9ec07
040b06f3
ff060ef3
0c09fdf8
091510fc
fc07f403
eafc0600
fe03feea
110cf8f2
fc040704
f7faffe4
02070109
fd040004
09f7f9ff
fe00e112
0210f80f
fef404ff
0af70107
f7ff0004
0a070cef
03100000
f9f606ff
fb030503
fc0df3f4
fdea02fd
f9fa03f6
00f0ff07
ff020efe
0216f801
fe0100fc
ff06fcfd
1301f8f7
0e0001f7
fff9fcf8
1208fc0a
fcfe0507
01f0faf3
f30efbfc
0f000e05
01f9f9fd
f706fdfe
fafb01fc
19fc0205
1006fcf5
04f8f102
160a0705
fd03fe0b
f8f9f5fd
0106fd06
fd0313f6
fa13f900
0401fd05
0c0014f9
0a13f6fe
070205fa
f80707fb
07f906f0
0003fe0b
01070302
f0f7f209
f5010708
fd110dfa
00fb02fa
0cf6fb05
09ff1814
f7fafff8
00f70d09
f7f502f3
02fd0a06
02f4fc11
f601fcef
f7ef0bfc
07fcef12
040eeeff
0701fefe
f8f800fd
0c01fcec
fd0903f8
ff0402fa
020a08e6
fc0efd05
03f50a0e
fcec070f
01e70407
f105f900
01f2fd08
f6fdef0d
080308ff
f40afbf8
ee03fa01
f1010bfe
fcfe16fe
0c0cfffd
03fdf8f0
ef14fafd
fff20d02
05fef6f5
04110b0a
09f90b07
060afa07
f70f02f7
f40be7fe
f9080613
00f21bf8
f706070a
fb010cfa
f5080ffc
fc05ff10
0b0206fb
fc11f2fa
f7070b04
fd07fefe
f90ff905
00f7f800
0300060d
0608f5ef
fef71102
0709f3f6
f0fa17f9
0f10ffec
0cfaf00d
f202ff03
070e060e
1304ff02
0b03ff11
fff9f700
05130000
fff9fbf7
ff060cf4
0606f901
f8fefaf8
0a00fdfc
ff08f5ff
0516f40a
0108f607
fb0800f6
1409fbf6
f2fd08fb
02f1030b
0f08eaf9
1201f3f3
fb0203fd
f3fa040d
02f9050c
0c000b08
ff0e0305
12001708
00f5ebff
0d05ebfd
00090afc
e8fd0315
06eff706
000bfa03
01f5fcfe
f505fff3
faff03fb
f70e0cf0
fdfeeafc
0802fd0b
05fc11fa
00fa0518
0df3f000
020ef7f2
fd08f1f7
f60af705
fbf3fefc
f5fcf41a
01fe05fe
fa03fdf2
ed15faff
f7fffd09
fef20201
10060502
020beff2
f70204ff
0600ff07
f6fe0801
fefe1bf7
faf601fa
010f000d
fdfcfa0a
fd090803
0a08020b
04f50500
040ae8fe
06030100
ff0007f7
00f9020a
040effef
fc00fe01
fc02e9f0
0101f3fa
1700fcfd
0ffe0103
08fe13ff
05e405f8
0a0404f9
f4ff0b05
05f40405
ff06fa00
02fbfafc
1004f801
fe000806
1217f40a
fb0ef8fe
07fe000a
0601fbf3
fb08f606
0510f500
fb0aef03
fc0704fb
f308060b
03fe05fe
020efef3
0909f4fb
0401fc06
fefdf801
00fbff03
120815f4
ffed0aea
140006f1
06010805
0ced00ee
0afb0905
0c060800
0202fffe
f70605f1
01000101
0aecfa00
fd03fb0b
01fc0006
0201fb05
01fe02f8
09f708fb
fff30cfc
f40c02ef
01150808
fe0b02fa
050d0ffe
1607f3f8
030100fa
21fffbf0
f6060401
16f407fe
0609f505
02f7eef9
fa030513
faff09fd
fb05fefc
e7fffff9
fafff7ff
f2fdf804
090cf8fa
0902ff0b
05faf90c
fb0509fc
0300f5ff
f4ec04ef
eaf3f8fc
080af106
0504fd02
0b07fa08
fb0cfeff
08f6fb02
fa06060a
fefaf9ee
f7f4fffd
0608ee15
0c0efffe
fa06f305
f90807fe
fe00fbfa
f109f10b
01fd04fe
0705fefa
00fe090b
f101eef1
010c0702
f706f600
08fb0cfe
fdf7f916
050d0402
07fc1002
f9fe00ef
03ec0208
02fcfc03
0203fef0
fef5050e
fe09fa07
f400fe07
f80f07eb
030f0505
fb0af806
1cf8f609
04f3f401
07f50301
faec030c
f906f7fa
0bfcf8fd
f3040af9
00f8f9f7
0208f313
010f0002
fe04f905
01030505
fff7e6ef
0efcfcf3
040f0105
1cfdf8ef
ff070ff2
f403fffd
ff0000ef
fcf7f20a
11ff09f8
0b0403f7
feff1509
070202fc
ff090307
06fc00fc
f3fb02f9
f5ff0d05
05fffa0d
f40e05fb
1003f7f5
fbfa02fb
fc030d0c
fcfe1406
0bfa0604
070cf3fc
04f8faf6
f709ffeb
04010dfd
f5f9f5f4
000a0efb
fa08fc03
0af40801
0af00302
f8071707
f6060dfb
fe0bf4f9
05fe08f2
f2fc18ff
11fffcfd
fafb01f4
f6ffff0a
f1ff0efc
030cfc0c
0df8fa0c
0df90609
01eefcf7
08000604
0002f7f9
f40209fe
fb02f9fc
fdfbeffb
0df51206
09fc0304
04f30500
f70b0409
f313fd05
0d091604
fdf306fa
08ed0f16
faf8f9f5
eb0efd08
fd06f709
f100fa0f
fb0cf708
fb01f503
040201ff
0504fe0a
0a09000f
f30fee03
11070c05
effcfc03
05f501f1
06fc0af8
fd00fffe
fff80e03
f1f6fafe
17fefcf3
000dfc0e
02f90011
02030503
fa0ffd00
0f07fcf6
fcfbfcfd
04f0fcfd
fd03fef2
fbf702fc
08fbf302
0c02f503
0b02f8f6
07030913
0af6fbff
f70cfeff
0807fa07
fcf6e1ee
0a0bfffa
14fbfa0b
fff7fe0f
f7eb07f9
06f8fdfc
f306f2f7
fa0b00f4
140204ff
0a13fff3
09fe03eb
0e0cf3f3
f513ff02
00fe17f8
edf9f90d
f6f4030d
ef070f0d
010b100e
0103fd05
0bf4f001
0709f8ef
04090204
fd0dfd02
0df805ef
f9f7ff0d
fbee0914
fd04ff0e
fdfc03fe
0611f801
12080e02
fe04f7ff
0af302e9
ee03fb05
08f8effc
01fc040a
fffe02fd
0201070e
feeb0d06
03f9f3ff
03020603
f8081703
0a0a03f6
e6f5f9fc
f9f90bfb
f1040708
ff0104f6
fa0601f8
03f50304
07fe0301
13fa00fa
ebf9effd
0a110ef7
fef80ae9
fefdf713
fafffd0a
030c17fc
02fdf9e8
0f01f802
f60204f6
0c1908f2
08000002
0a001bfa
f2f8f2f6
fbf7f5f9
fbf4ef02
f5fefa03
ff03f900
00080201
fffd0ef8
0d0b0cf4
0100f4fc
f9f30c10
fc14f503
fe0704f3
eef6eff4
00eefa01
09f60ff8
e90700f7
0400ee07
0a091011
ffe8f30a
0502eded
ffe8fc18
0319f916
03f60102
f7f1fe13
020601f1
0be802f8
12f801fd
ed070e01
f9fcf9ef
e1050200
02eef100
fafeff01
13f80afe
fff609f8
eaf905fd
03ff03f7
010c0305
02f2fb03
f703f80f
0104ff04
07f90006
edf70b0f
fb1901f2
fa09fd06
0d040505
f6ea07f8
09f8fb08
f608000f
0102f3f4
1a020a00
000af6fd
f9fe06fa
fdfd27fe
f61904e7
0607f4fd
fd1cedfd
f6fe0507
f5f20900
f1f1fef0
ff09fff9
0208030b
17f8fc0f
fff7f90b
fb01fe14
08050bf5
ebf30105
06ff0bf7
06fe070b
0901fc00
060b03f8
f9f9fa01
fdfbf6fd
01f7fbf9
f9f6f2f7
11e00df3
01f2f2fd
07f70700
fd0010ff
18000a0e
f8071ef4
05fbfde3
f6e8f1fb
040009f8
fcf814fb
0311ff00
e9fe01f4
0aeb0b06
0efafc12
fc00fded
040707f4
f203f007
07fdfefe
ff0df8ff
eefef602
0d0d04f9
ee0303ee
f90f030b
08f7ff04
e6061202
0307fa09
09fdef0c
0af805fe
0a05f901
0501edf0
f3110ff8
ff01010b
03ffffff
fefe05ef
f811faf6
ff00000e
070f0602
ff1105fc
ef01110c
08f3fcfd
f6f703fa
fcf80306
fc13f412
fdff11f5
fa0310fa
070f03fb
f001fffc
110ffbf6
f9ffff01
07050e09
f8fefff6
0ff205ff
110301ec
0a05f9f6
0d00010a
020501fa
02fffc06
fb00eafb
01fe0001
0416fcfe
03030b06
05fe050b
fdf8fcfb
07ff09fe
fc0bf2f7
fdfeeaff
05020104
f9fd10fb
09fef804
fa07fc05
f702fd07
09fd04ff
f808f013
03fef0fb
ff0602f2
f307f6f6
05f4110c
fb0604fa
10fc0b04
03eb0ff2
0c0702f2
f4fafc0c
f4f3fcf9
04f9fdf4
000401ef
fe010108
fff00ef8
001404f8
08f9fde7
fcfb0317
fc010d02
020504f8
08fdfe04
170a0406
07ff0b09
e2e4fd0b
0006f5f8
ff17f7f4
06f9f9f8
fcfc0706
07fe0c05
fdf90e02
1c040504
f7f5eefa
f0f7fdf8
0afbfef7
0e0af80e
fe0705f0
0e0904f3
fe0402fd
f705effe
fd0b0004
fcf5fa03
f5fb0c08
fefe0fed
f8fd0af4
f3ffeef2
1206f9f9
fa05f708
f902fbfd
030bf50e
f3fe05fa
fcfd020a
f1fb07f4
f2ff02ff
100afcfb
f50d07f6
0505f409
090d0903
f7010d0e
ff00fc02
08fefffe
00fef908
fdf30c02
040c0208
0a0af908
040805ed
0f040003
050ffbfc
01080f13
13ef0df8
0be50ff7
0511f600
f909f901
f6ff0808
f9020105
faf60f0a
fff9f9fb
0b000609
f612fdfe
fefbfdfe
fa070314
f10f0402
f6fbfcfb
f612f0f5
06f7ecf5
ff04fcfc
0d0309fe
f5f10307
13e71408
f80001fb
001cf9f9
eff0fb06
01040203
f206fa04
0cfc050a
06000c10
08fc0406
fe150f0b
2014fc02
ef1104ff
0308f406
0feefffd
fbeffef3
07f9fef8
fbf00807
0a060bf0
f7ff0afc
04f40301
0c0cf5fb
f807f906
07fe0c0e
fe1004ff
080bf400
0dfdf9f6
05fa0ff9
0e080002
03f9f90d
fdfa01fe
0aeb0404
fe0801fe
0112f50f
fb0608f3
f500f1ef
04090406
0c10f300
0505fbfb
05fbedfb
02070b07
16f90907
ff01f6fd
0501f811
f200f70b
f3fe0802
0b03fd03
f6ebfb0e
1009f105
f7fd0104
fffbe9f7
fdfaf5f6
050d020a
0e16041d
f90907f1
f80607ed
ff030000
f5030106
040707fe
00fcf610
0efa0203
07080af3
f0f5f110
0501ec10
0e031210
0dec0dfa
fffdf40a
0802fbf7
0b070a07
f3f6fd01
f809e9f7
0bf90a15
050308f0
0b07000a
1502ee07
08fefc04
0d0b0d09
0306fcfd
120b0efd
0a150705
fafff8f5
f501fa1b
fd00fa03
0408f903
eb030501
06fbf501
000306fc
0ff1fa0e
fc0703fb
0f07f110
ef0204fb
08f2fc0c
fef3f9fa
08fa07f6
08000210
f30b0305
0505f7f6
0a0003fb
0a0cf9ff
0008fdf2
030afdf9
0c15020c
e711f6f4
0c07f309
fd01ff12
03fafdf3
14f8050e
f8f6f401
ec0d0209
f5fff0f0
07f7010d
09fc0ff1
fd16fb03
100403f7
fb0efef2
f3f3ffff
0407fdf5
f4fe0011
01f7f5fc
10f0f706
fa08f304
fa0efdf6
0bf60a07
03f510f6
f7fc06f6
f5081a0c
0ced09f8
0a0003f8
f2050307
01fef6ff
fbfcfef2
02050a0b
f9f905ec
05f7fe0a
09fa0c08
020602f0
110204f8
fc0a0405
f5fb0300
0306ffff
09f0f30e
100301f3
f9000917
fd01fe0a
05f7fa0e
fdfffc0a
fe08ff01
0ef5f406
ff05ff0a
f7030cfd
06fc06f6
18060ffc
040207f9
fd0a0ef4
0cef10ff
f8020809
00f7fe05
f6070cfe
16fd04f0
080c0d00
f6050401
03fe0af1
07f40605
fbff0300
fa080004
fa00fefe
080901f7
f4ff0efd
f3fd030e
0500fdff
faf00607
fdf70412
fef8fdf7
f9090604
0f000d00
f6fbfdff
06030d06
f109f4ff
0408fdf9
09000207
09fafbf2
f516f5f2
f10404f4
00090400
f9fcfcf8
0801f6f7
03e3fbff
010207f5
faf8f50e
000b09fd
f003060b
00110c03
0b04fbfb
02fef8f6
f7f90405
01fe1208
fcf80ffa
020603f8
02ff0900
0b0a02ed
e8fd0c00
060701f1
f9f9080d
effafc0d
010305fc
0d0205fa
0bfdfffd
f1fafffa
f5fdf909
0af2fffe
f8000708
11f70603
0cf7fcfa
ffed0af2
fc06fdf7
08020a09
e9ffec13
fc090203
0a0a0510
fcfc0201
0703ec0c
030b0bfc
0409fc07
17110afb
070deef9
0efffd04
f50600fb
00fafef8
f7fdf5fb
00fcf804
05090700
02fc0eff
fffde6f0
f811f900
f8fdfbf9
05f6fa0b
fae4f2fd
030503fb
040ef9f6
ef01fc05
0cf7f9fe
02090107
f7fa0bea
03f218fa
fa041609
021405f2
fd070311
140e0408
f402f4fd
03fafa14
fa0109f4
f10f0400
f409f0ff
fdf9fd00
f50df502
0e160608
fff60c01
03fdfefe
fa010bf7
ff081306
0cfa0300
ff0afd06
080317f6
f3f31310
06ec010e
eefaf804
06fef8fc
fbfa1208
f211f3f3
fa07f802
0dfa0ef7
0308fef3
110a0c00
fc0603f5
0b0cfdfd
fcfb00fb
fef90df7
04ebfef6
0efa06f0
fdf80bec
0bf60efc
fcf3f6f9
fa020b05
fef1fa06
08f70c00
04f405ec
ff191305
fff90401
0504fe00
fb01030d
ff05ecfd
fa0b0a04
05f9030a
01150f12
f704fc0c
14f70d0b
fefa0007
f617f9fe
0c08f90a
0e11fc0b
0103fbef
eaf40905
f8f00004
15f82106
02ff0303
00fdfaf6
03020501
f4040816
1201fd04
0c07fe06
0bfd01f1
f90402f0
00fc0007
04020d04
ff10fe0a
0a04fd01
f806fb06
fbfcf50c
fd09fef2
0914f704
020107f2
0504fdf1
080106ff
02fdfe00
15e9110c
0809fe06
0cf4fe00
f512fcf3
ee0a0ff9
01020bf8
f5010cfb
050309fd
03f9f801
f5060711
0c130c0c
ff13f9fd
fe0ced02
f0faf6ec
06f9eb09
ff0209f3
080202f1
0301fcfd
fafd00fd
f7fe0104
fefcfe00
f70507fb
1507fef2
f6ef0900
0709f5f1
f1fb0308
fa08faf8
fa000009
0606f1f6
13010808
faf8fe00
0b000310
effa0007
f001f40a
0902f20a
07020eff
031afcfe
f3fb0dfb
fefff308
09f210f7
fa0308fa
0f080a05
e7fafdf2
f803f7f4
04160e01
f5fb0bfc
08fb0703
fff0fcfe
fb0e060f
ff0508f8
050602fd
02fb0a0e
f9000afc
02fa000b
0808f9f2
1800f8f5
06050afe
02fbfbfb
fd09fdfe
f5101611
0afe0502
03f1fbf6
010e00fd
fcfd02f0
070304f7
0b01f6fd
13e01a02
fa050afe
050c0a00
f4081011
0012f106
f206fcfa
09f005ef
0408effd
f4ff0902
fc040afd
fa0605ff
0f09fcf8
09120df9
fafee001
fbfd06ec
01f702e9
0302f208
faecfa05
f5060ff2
f604f8f7
09f3edf4
f5e9040a
010d0a0a
f2fc11fa
00fe0e07
06000501
f7081500
07f1fef7
f8e7f306
f60502fb
05fff6ee
02fb1918
15ff0df5
00f908ed
0f11f8f7
03fb111e
f8f60ff4
ff01fe01
010cf8fd
f11bf2fb
fdfb0fec
07f2f307
f105fe00
04fbfcee
0104f4fe
0dfd01f6
0ef6ff02
fd0103f6
f1e71104
050bf6fa
0502f4f4
fd06fdf5
fefe02fe
02fd0cf6
170f04fa
0c03f900
f3040a06
f0f300f6
07fe000a
0c08fe0e
0f0908fc
06051107
f6010200
f7030102
09fb0804
0901eefe
fa11fef0
140f0013
0009f302
fcfb0606
020511fb
f6090bf5
02ff05f7
04fb01fd
eef80701
f802e8fb
03e803f6
0dfbf90b
f9f104fe
f501fd06
0b1bfa0c
fe00060b
13fffeff
f6f80114
fff300fb
0807ff05
0bff000e
020c0dfd
fa09faff
fefd05fa
17f40607
0714000b
010b00ff
f80106fa
00fd03fb
f4fbfcf5
fb0cfd08
09ff0006
00fa03fd
010900f5
fdff00e8
f3f71212
f0f3fffd
fce60508
faf913f1
06f402fe
f312f704
fcf809e9
08040f05
11f70301
fd020503
fe00080c
f5fdfaf7
01f30101
fc0603ff
e50301f8
f6fef507
f9f7fffc
f50bebf9
07110211
fcf5f904
090b0607
01f3f304
f3020105
fe0c0bf6
07081408
0af1f804
fa0affe7
fff4f805
f8020506
f4f1f308
1100fdf2
fb0100eb
edf70609
ffe700f4
f20dfc04
f50aee0b
f3fb0d0e
fdefff09
f7f7f608
f7e7f7f8
08fcf40d
02fc0afb
000b0d08
130a04fb
02f9f70b
fbef030d
10fef20a
00fcf304
f5ff0007
fef4f3f9
0af7070f
10e7f7f8
0608fbfd
04070cf6
fe0f0910
f6150606
0007ec02
f5fafefd
f60bedf0
f8fef4f4
02f8fa06
e8f5faf6
000602fd
fc0801f7
f9f305fc
0ef00cf3
fd020bfd
15fef2fa
f6faf5f1
05040905
fef8f9f4
ffedf9fc
050b0509
07f5fff9
0c0208fd
fdf504fd
03fb0705
fd070504
fb06f800
0209f7e5
fefefdfa
07070afe
08f1f804
070112fe
02f1f705
f0f91707
fa07f8fe
f9040905
13f1ff00
f407fafd
f7fa0afe
020afdff
fef900fa
f30beef9
fa031003
fcfc0e0a
f5fa0302
02f80317
f402f103
ff1301f4
110dfdfc
0713fa00
00f1f505
080100ff
0a030d08
07fc051b
0afa1b0d
09f90ef4
fd13fff4
fefb04f7
fa0602f6
03000df7
ff0b0115
090bf703
ff0dff0f
fef6e70a
f9ef1107
091af502
030ff8f0
ff03f7ed
010104fe
fc0e1103
e9eb0c1a
ff13ff1a
0705fb07
f8010ce6
f4fc0404
02f7feff
fc02f20e
04f2f6e7
0308f511
e905fd0b
fc0712fd
11faf1fa
f8f8faf5
fa0dfb01
03f6ff17
fd14ff17
f3fff8fd
f5f4f7f2
f6f9ff07
050d0307
f3f5fef6
16fc100a
0401fa0b
02050b00
080304f6
f9050efa
030cfd11
f50cf7fc
f1100807
ffe9f8f1
f3050107
fff505f9
fb0afef4
ed09f308
f912fc14
13140ff2
fb06fdf3
00fc040d
eff5f70f
0ef817fb
03fafb01
e2f50105
0604f10a
0f08fdfb
eff7f707
fbf7010a
040a12fa
f9ffee0e
01e51115
01fe08f0
000af2fd
ff11f30a
05f50403
fcee0905
0a0706fb
fcf915f1
02f6f1f5
05f60e03
0d04020a
02f203f3
12f302ff
f6f4070f
f90902f3
ee0003fd
0df1fafd
04fff801
eaf70ffb
06fa04fe
0505fbfc
fa00fff5
0afbf7f3
06ea00f7
0cfe06fe
fd14edf2
f6010709
fb10f8fd
fa03f5f9
04e60efe
0b05f6ff
fafe0704
fc0ffc0d
fa0d0205
f3f3fd01
fb050900
f902fa03
1300f6ff
fa02fe04
0100fd10
07ffeefa
0f0e040e
17fef403
05ed0e03
03fa01fe
ff0102fa
05fd000a
0bfdf6fc
0bfdfef6
110502f5
0bf601f2
fbfa12f8
ff0711fd
0bfef7fd
f5eff103
00f0fc05
08fcf9f7
fb100904
07f50cff
f1010eff
fdef05f1
0205ff0d
0105f802
0e04fd0a
ff12f60c
0a020609
f918fb0b
ff061014
ffe6f5fb
00f2edff
fcfb090a
f4fffe0a
0d03faf8
fc0dfd08
fb03f812
0203f3ef
f704f106
0104f009
09081207
f3f70308
06ff09fa
eef4fff4
100f0bfc
0c020302
f3f005f8
faf90409
08fe0810
07fefff9
0202ef02
ef01090c
01fd0c00
02f20114
00f8eafa
0015f904
0df30800
02fb030f
f6fa0905
040400f1
f403fa07
f3faf40e
ff06040a
06070df8
ec0706f7
fd0b020a
00e50bfd
0a1109fb
f80e05f4
f6fffffe
0ef80e14
01fef2f2
ff0cf109
f5faf0f9
000907fb
0efbfb07
04f8f2f9
0206f309
f7040ef8
0af8ffff
f502fce4
f507020c
0bfdfbfd
ee06f7f4
0a010a01
000c0bf5
12ed0df7
f5fcf50c
03fbff07
ee1502f7
f2f2f306
fe04f0fb
00f6f6f8
0209f904
16f50002
02ff0401
00fe03f6
fa0bfd03
060b000f
f80405fa
080b0608
f5f6f705
09f20f02
fbf20001
09fd0ffd
faf30305
fd0aecf6
07fafe0b
09e1080b
100d0304
fb1af6fd
05f9f7eb
f6040600
fb05fb0d
fe070100
f2fffc0b
01040cfc
f8f306f0
f707f5f7
110a0408
0c01fbf3
fc00fe1a
f307ef03
07000005
0afc16f7
070ff708
ecf5fef3
0afe0ffe
fffc03f4
0c00f504
fe04fdfc
ef000b04
f40502fe
fd060205
ff0afffa
10fcfb0a
1a0209e1
f7fd1701
ff1c00f5
01f9fbf8
f30a03f9
ed100604
080bf008
f8f805f8
fcf60705
fefd01f3
110305f2
140705fb
00fd0212
ff010605
f60201e4
f407ff05
f4fefb08
fbfc0d0a
04fee60d
0e0d020b
fef907f0
04f8f3fe
ff0904fb
110209f9
f712ff00
000afa08
0d020303
fa1400f4
000cfa0d
07fd03f7
fbfff3f2
07f9e8fb
04fef9f4
ee0902fb
fe080cf9
f506f611
03fcfd0c
f806f800
05f9f319
f7f6edf9
03f80802
08effbfd
fef2f6fe
050ffcf8
0401fa19
09070202
011005fc
18fffb00
12fff9fc
eff709f6
02fcf505
fe0105f6
fd0aff0c
fb070704
f8fafc0d
fd050502
04ee0404
080913f0
0205fff3
fc0d090a
f8090800
0ef7f600
fcfdf7f2
01f6f4fe
fbfef6fd
0505feea
f9faf3f7
08fb02fa
fb06fdf5
f2fff40d
fffe05f4
02f8ed0d
fd1508ee
f81110f9
f9fc03f4
f7e8fef2
0a12eff7
ed0af50f
0ffafbf4
f7f4f80e
feffeeff
0bff04f3
ff02f719
00f60911
11fc0908
fe01fc04
060004f4
f6eeeefe
0601fe09
1b0ffce5
05060df4
02f4fafd
0df402fc
f4f41204
09fdf6f1
02ff00fe
ff10fc0e
fbfefef5
f902effe
f7f6fd01
effe21ff
ff030cf7
f7fd0a0b
11ff000f
06f60410
f9f91803
fcfbfbf9
f1090011
0a0908f6
f7fe1508
f9fc01fd
f7000312
fdf902ee
16160bf6
fe081809
14020105
01fafe07
ff03fd0f
f0ee0509
fafae8fc
05ee150a
e9fcf900
05fb0c07
fefbf207
f20312eb
04faf5fc
0b06f60c
f2fb0e08
09f8fd06
050cff05
05081004
0302f506
fd07fd00
f3f3f804
f808fff7
f51dfc07
ef011408
fbfbf6f1
f8030309
fef8fc07
07fe02f7
0907fdfa
0b1203f4
fd08f304
fbf3fb09
f2fcf409
fe06f506
eef0fffd
f1f20eff
06fa01fb
07fdfc0c
f800f5f8
fc0215fb
f7f607fd
01fa1502
fb0c07ff
02faf50d
06fb04f2
06f8f800
f9f907f8
05ef0dfe
e7f1faf6
fb0a12f1
0105ff06
0901fa07
fae2fa09
151a0afc
1003f9e9
01f6130d
07fd07fe
0af50ef9
060500ee
fe01f011
00fcfaf0
05f50103
ff11f4fb
f50b13f8
0308f700
e8020605
14f70603
09f5fdff
0e07fcf7
f8f6f601
f90cfefc
000a0805
fe090101
020105fa
0905fb08
010af309
e7fa0315
f6f90716
f7f503fa
0afcf5f4
ef0908fb
11fd1708
0515efee
fd00e806
fefcfa0b
020909fd
f6f0fcf9
00010303
0000fb01
f3fb070a
ef07f20f
00160afd
fbf60df6
01f105fb
fefdf1fe
ee0cee18
060f0306
0ffaffea
f4060e0a
f9f1faf4
0201f4f0
fbf7ebf0
f5f101f0
1600ff02
0f020606
06f609fd
0d0908ec
0a0cfcee
09fefcfb
04fe0108
ff040107
f8030211
f2fd09fe
f219ed01
fe03faf9
f10c1bf7
e802020a
ff0004fe
f802f302
0003fff5
fafd03fe
f6e210f7
02f310f8
07fef6f3
fc000d06
0000f900
0704f917
0204faf8
03fe0aff
0deff4f6
0ce908f7
fd0518ee
f900fd06
f60bfafb
faf802fa
f7fef7e1
f5fb1103
f0f7eb01
0203f70d
00180bfc
13f9fdfc
f805f902
00fbfc00
f7fa0a06
04fe0b01
fb020801
f6030504
f701f9ff
fd05f7ff
0b05f8f7
0fedf3f7
0f0b04ee
f6070c07
03000afb
f50507f6
14070cfa
02070400
01050b01
08f80bfa
ecfcfd03
0407e801
faf20009
f30cff00
fa08f9fe
0204f5fa
08fef309
11f510f6
02ff0615
06040b01
0b17ff06
05f50000
05fa0c06
fe0309fa
eefef70c
0efe0bfe
eee2ff13
04f6fefa
0d0e0103
f70508fe
06fc1112
e303fefe
0bf503ef
f5f5fb06
080505f8
fceff3fc
03f910f0
ed09f0ec
eafbf906
07fe0706
11fefb07
040005f9
f614ebec
1000fb00
0f08040f
0705fa09
08f905fd
fffd0b03
0d0000fa
feec080d
fb040d03
08f7fcee
fbff0d01
1003fafd
edfafdff
faff060b
fefe12fc
09fdfaf9
0b08f4fa
0df40f06
0df40804
01ff0110
0e03fa01
fffef4fa
f7fd06ef
0a0310fe
03f4ffeb
f80101f5
f3fe11f1
03ee0200
06f6f902
04070cfa
0e0cf6f6
04f5ef03
0508e9ee
f5030efb
f903f5fe
110709f5
f7f9f0ea
f70a04fd
fcfee8fe
0810eeff
faeb0b04
0cf5ee02
fd050207
06feff01
fffe0a14
0aee080b
05fb01f7
f7f5fb0c
08040e0b
fbfa19f1
0bf7000e
14fb0403
fd10f606
0b11f905
08fefdfd
f0070107
f4f20cfe
f50c030b
f003f502
14f8030c
f208f6f2
061606fa
100ff6f2
ef0fff04
06fc000f
eefbf7fa
f30e040b
f6faf2fb
010ef914
f70c0409
040a0bfa
101af904
210e0109
fef810f7
f904fe06
02f815f3
e4eaf906
03fd0306
08fc0105
fb030307
f701f402
100505ec
090803f8
06f50003
02ebfafb
0f02fff2
f4f5080e
0c0d0905
0af3020c
12f6ff0c
07fdf706
fdfff5f7
0dfef0fc
01f4fa08
1413fff5
e6f70802
f9050c0e
fdf4edf9
f9fd0a0d
f7f7f901
0b091911
f30af40a
09050802
fb0305ea
fc0500fd
06fa1211
000afd08
fdf50301
f40efc03
070f10fc
020b1006
1301f1fd
faf811fc
fb00f7f4
f9f8faff
06080e08
0a05fef5
ffe8fef7
fffdedf4
01f102fe
f10a0204
edfdfe00
ec0507f7
000811ff
0e0dfa02
02000403
0ef8feeb
11fb1509
16f41ef9
eb0b0df0
0cf10509
f806fafe
080a06ff
f70608ea
010e170a
01f203f8
f4f8030e
f20005fd
0901fe13
0507f712
ed0f0c11
09f9040b
09ef02f9
1209ef04
10f00bff
0afb0f09
0bf8f601
00fffffe
f0eff900
f0f7f1fc
0ef60a01
0efc01fa
f6f2000a
f8100a02
00fb02ff
08ea0803
f9020ceb
0706f307
0af804f8
06f801fd
fb06fcf2
f3fefe19
fff705f9
04040505
01080f07
1ef9fa0c
f7f200f9
fc04fbf8
07e8f607
f3f50203
00f704f1
fdf30cf8
fb04f5fe
fefdf6f4
00f7080c
0cf7ff0a
ffea1ef7
f9fd08ff
0bf901f2
1500fc18
fe0bff04
f1fe0802
f5fef407
03fb06ff
fffc0001
02fb050b
fb0f09fb
f1fd0a0e
fb0bfcfe
070600f4
fbfbfe0e
06060b14
0d02f204
f501010c
f6fbff07
0509fffb
fbfce6f9
effdf905
160aff02
08ed040c
fa100afc
09fafe0e
0c05fbf5
fff4f9f0
ff1100ff
0605fa00
04fc04fd
0afe0310
11f2fb01
00eb0ef6
fa05030d
04eff0fd
06fefff4
faf40703
06010204
03060506
0106f00d
0d0e0306
08faf8ed
03ee0401
000308eb
fffc0203
fcfb01f7
06fd0f01
05f60af8
f90b08e5
0df400fe
fff40600
040f05f5
15fa06ff
0ffaf401
fbf500fd
fb02fb11
0900fff8
01080ff1
0afe0002
17150cf8
eb05fd05
05f7f710
fd00fffe
fd13ff01
0d0b10ff
13f00905
fd09f7ff
060cfb16
0500f9ff
0af504f5
f9f70f09
fa0a08f4
100405f5
0e0afae1
0602eefd
fcfcfe07
f1faf3f0
0b0a03f9
0e1204fc
f5f9fd0a
f9faf2fb
08ef00f5
09fc0204
07f308fb
08fe00f8
effb0e05
fd0b060e
050402f7
fdfef1fd
fff901f7
fffc040c
fe04ebfb
02f7fd03
070a0808
070a0300
01f8f7f5
0af8fbf1
07f30201
030203f9
0709f7f4
fdf6e109
0404f6f6
f004ff06
f7fd0bf1
e30008f1
f9f100fe
fdf60e09
06040813
faf80601
04f50808
07fafa05
0507fbfc
f500050e
090901f0
07ffff0e
090bf6f9
01f9fff2
080108f7
fd00fffb
0ef10df4
07f50314
fb00f3ff
070203fe
f9f90b0a
070502f9
fe0af6fc
f906fdea
f8e8060f
f7f5f40b
fb020602
fbf40403
1800f415
08fc06fc
090af20c
fdfa0df4
1bf712f5
fcf3f4f8
02f3f8fd
f709ea1a
0df60802
fcfb0cfa
04f205fd
08f8f6f8
05f1100e
ff0b01fe
fa05fdf9
fbf2ed04
ff03fdf5
000b0401
040509f2
07f7fb06
e90b0112
0c00f5f3
fbfef6ff
ff0b0507
0902fcf6
0a09eef7
030cf50d
f5f6f4f4
ecf509f9
111100fa
fa160000
fceffa08
15ff01fb
04f40103
0306f7f9
04ed0307
030601f9
f5f7fd09
00fffa04
09fafb00
1500ffff
fdf5f902
f4f70dfb
fcfe07fd
1501140c
00fdf9ee
08f9fcf5
f6f8fd0b
fefc0cf4
00f1f506
fbfc03fc
f8f2f3f7
f50006fb
00f8fffe
2211ff07
f900fafd
edf506f6
0714fd01
13f403f1
f706fc08
faf8fc07
000a09fc
f3f0f409
f4fbf30d
0b010b01
edf9f305
f304f4f8
000400f3
07f7fafb
f8f5f8ef
fbfa0df9
04ff0a14
f9f703fc
0cf8f604
07fd09ff
100d0fff
0ceff311
eafb050a
ef080f0d
f104f6fb
030804f8
f9020b0f
f2010114
050819fe
f8020502
fa07fdfa
f809f104
0001ed11
0503f5f8
14f906f5
edf803f1
050805fb
f3f205f1
0d0403fe
ef0907ff
fefcf204
00f4fe13
0d000310
0f020120
edfe0002
f7ff020e
0bff0202
fbfe0c01
08000017
f0fc06fb
04fd0000
f504effe
fff600fb
fc11fcfe
fd06060c
02050003
0bfd0805
0d020a05
040ef3eb
fff604f2
10000902
070f04fa
1305f90f
0009fffc
f3041109
f5f607fe
0cfd0a0d
fd040c04
fef90c03
00090906
010b0403
ea0904fb
f607f6fa
01f50105
fa070a08
ff06faf3
03f9fe03
03e7f80b
06f7fb0d
02fffafa
08091201
010a060c
03f10b02
eefd0103
0706f6fe
fcfd0103
08070e0d
04f9f104
fefef8f3
f7fdf8fd
0005f00b
02fcfefc
010cfc07
f9f90805
f8160800
f7f2fcf6
f60312f3
0006f0fb
fa140c02
03fef301
020006fb
f8ed0009
0d19f502
0406ed0e
f60802f5
fa080afe
02ed06f9
fdfaf809
050001ff
00000101
01f6fb0e
faf10503
fc08f108
100122e9
19030112
f5fef909
05fc1003
f80bfd19
05e5ff03
06feeef8
060307f7
07fc1115
fc0902f3
0804fefe
fd0010ff
030d1107
fffe0706
fc07fff2
f201050b
05f311fb
fc06080f
06070af9
e9fdfcfd
ef06ff05
0001eb02
0805fefc
0afd03fb
f8f1f6fb
07020cf5
fb04f9f9
120df9fe
f6f7f0e7
f005f504
050ff2fb
faf1fd09
fdec01f8
0e0701f7
0b04fb00
fffefdf7
ff0101fc
f2fafafd
f8fefaf4
f6f0f70e
fdfc0206
06ff00fc
0cf8f6f8
0609090c
030aff13
f7f604f0
fc100403
ebfaff04
0cfd04fd
faf80001
eafdf208
040ffc04
fd060b10
f0f9fefb
fafe06fe
fcf2f0ed
02f9feff
07f109fb
fff20415
e4fbfd05
0afcf0f7
fefbfcfc
fd0306ff
f40506fa
08f20301
f90f05fe
fc0805f9
fe01ed04
f00bfd0b
f8031010
f7f7fbfd
0101fc12
0bf8ecfe
05f90401
02f901f7
fef2ff03
fd09fcf9
f30efdf3
06f90cfd
070c0607
f5f10404
fa06f80c
f7080202
fe04feed
fb14f3ff
fdf2ed07
fc08fef4
f309fb06
f9f3f2fe
0dff07fb
0f11f516
f104e308
f8fffa0f
f505f500
010104e9
fa05f106
fbf80d0a
f4f303ed
fcfa0703
08f9fcfa
03f9f604
1d0efbfa
f605fafb
eef6f9f6
05f00b00
050bfae7
f4f0ff02
fcff05fe
04fe0e02
f5f6ff01
f2f0f509
0808f109
020200ea
0b09f7fa
ee03f601
effef703
fc0b01f7
0f03f7f4
fdff0002
f7fe0af2
00f001f5
fafc1905
faf106f9
f70cfdfc
0af10101
070b01ec
0906fd01
0af6ef0a
fcecf507
f9f30a02
f90a1006
02e7f806
06fc06f8
0a02f008
000200f4
0102f7f8
0201fb15
f9edfffd
fdee010e
00040702
f8050008
1009f3f4
fffbf0fc
fffc0002
11f3f505
04faf800
00fdfd02
0ffbf500
fcfc0602
f806f7fa
f9060707
fffd07f6
fefafdf0
020306ee
fb0204ff
08fe1308
01091006
01f209f4
011102e7
01f803f8
faf40bf3
ff09040e
fa09f4fb
0c0b0bf4
f8f40efe
09ff0c04
ff11f9f4
fa0504fe
f3feff0f
f1ee0511
0900fa15
00fd0af4
fc0b01fc
06fa1104
f60c18fe
12f3fcf3
fb0102e3
eafb0c00
02f90b05
fcf60cf2
03f802f4
0aecf307
f5fff7fb
fafa0909
0c0cf9f7
1bf6fff8
ebf50002
010901f8
0709000a
f2f607db
f50b0604
fd0701f7
fdf00bf4
06f4f309
f716feff
01f5f9fe
f6f3f3fe
fe0409f3
fefff4f7
faf7fafd
060cf709
ec05fbf9
0a03faf8
f903f9f4
fa04fdf6
fff90cf9
12effe16
ff00fc0b
0afbfb05
0aff0707
f205fefb
fbfb00fa
0204fd0b
f50006f2
e7ff0a07
0bf310fb
0605f7fd
f806000e
f60bfbfb
f4eb0d04
0703f9e9
08f8fff9
fffd0f06
06130b08
ef0af60e
1600fc0a
f80e06e9
f7f9e6fb
f9020401
f7fe15f4
07f907fc
08fff400
0003f4f5
fe07081e
08fce907
0103f9fa
fd0df609
f9f405fb
01f5ee04
fdfb0407
f90efe12
04ec01f2
000702f8
fb0604fc
04fbfefe
1d0dfe03
00fc02eb
fe0906fd
ff090700
1007f7f1
fd090605
ea06f816
f2f3effe
070a09fd
fbf3ffe2
f10a0904
00f10c06
fc0503ff
ed00fcfa
060e0514
0b0d0b09
fcf6ee04
eb000cf5
fb00fd00
f1f200ef
00faf708
0007f405
fdf708fe
11f7f7f2
f6fceb04
0ff8f305
f906f3f2
f81308f8
05ff0dfd
05fc0eee
f80cfef8
09fdeaf7
0efffdff
01fef4fb
f5f702f8
03fcfd05
000c0209
03fc0df9
040506fd
fc040402
f7fd0b11
fef10809
07f3fb07
ef0312fd
fafdf000
ff041bfd
f5030912
0705f605
0f0101f6
fbf8fe20
1301fb1d
060bfd0d
ec030801
05f40aff
fd03fd07
fe07faf6
f7f5ff0e
eefcf5fd
0b030c0d
f5f6fe0f
0803f90e
fa02fc15
0507f90b
040408fb
fa00fcee
06edf015
fe0f13e7
0508fffe
f2f507ec
15f9fc00
070efdf4
00070df3
0bf60403
f0f5fa02
f100fafa
07fdfcf3
0a02fe08
06040305
000bf605
ecfc080b
05f5edfe
0d07f610
f3ff0802
01f113fa
f1f2fd07
effaf009
05180111
0bf601f4
040603fc
f4f90406
02fa0ff9
03f6fdfb
e10afcf8
fdf504f6
0210e507
0d0302f2
f705f803
0df4f4ff
fdff050b
fd0f0a0a
fe0afdf9
060a0bf4
110504ff
0106f7ee
f9f80402
ecf4f401
ee0e0b07
fb0c0d09
f9f509f7
07fdfbfb
fb1302f7
08ff0df4
06040006
fe03fffd
f6f1f9f2
00ef1904
080d0008
f1010000
e30bf202
f10a03ed
030007ea
0ff9f9fb
0d0a1b06
f402f700
03f2fc04
f5f6fa02
fdfdfe03
f1fe07f8
1afe02fe
ff0006fd
03fbef02
0605e7f4
f8fd04ed
f803f80b
00f8fb04
06fc03f1
0bfbfb15
fb0c01f8
f9f40bfb
0cfc021b
f8f303f8
fa15000e
fe0c0508
f7fa0400
fb1604fb
03fbf417
010e04fe
ff0dfb04
e2faf802
07f50508
fafe1512
0ffa0bf7
fbf10208
f10507fd
0a0af3f9
fc000007
09f3fe00
020e08f0
04fb04fc
08020df6
000304fb
060efa02
fdfbf701
f6fcfaf4
fefcf5f2
f801f8fe
f3ff0504
0500f203
04030605
010702f6
11f702eb
02f60c00
0215fc00
01fff405
04fafd04
f91a1202
f9fafbfb
f7fafb00
05000af5
0cfb0912
faf5000d
01040a0d
f505040a
fc0c030a
fafa0b00
fb12f0e6
f500f6f7
010110f3
e6ed07f7
f705ee0e
fe04f7fb
0703070f
f605fbeb
f803fef4
f7fc07f9
000310f1
00fe03ff
0d05f603
faf104fd
fbfffd08
0ff9fe09
efea0101
f20005fb
03effc0d
f715f3fa
f8f0fa08
06010dfb
06010efe
fb0505fc
faf9fc07
0cfbfd01
040e0802
f414fd0f
0af9fef0
07fafafc
fb09fdf7
10ee01fe
0ef9f712
09fcfbfb
ebf7fb05
f3fe01fe
06f5fc03
10f3020a
fd021008
fffdfdef
080b1002
feff03f4
06010405
fafb0810
05050103
f605fffc
fc1304f2
ee070309
0606f908
fde6050a
0afaf7fd
faf906fa
08f4fff4
010112f2
000df5ef
f106ffee
04ec050b
f21304f6
03e702f7
010aff11
07f3fc00
ef0305ed
f808f9f0
0d10f3f7
f2f30ef7
13fdfe02
f50c0cf8
01010dff
feff0bf8
f7fe05fb
010d08f4
fff9fc06
f1f1fe09
e30bf700
f90009ea
04f2fbed
01effa09
f704fef1
fef60405
ff040a19
f304f4fb
07fefd12
fe05fbf5
fbf5f4f6
fe070905
09fff804
fefdfb0c
f4f30b07
fe03f80b
f9fdfef8
f604fa0c
f1f2fffb
09f11005
f209f40b
00fdf706
04faf103
01040502
fbfefb05
ff0413f7
fffa0405
f1f1faf6
fffdf7ff
1a0e050b
01f9fef6
0713f710
100108f9
f5fd07f2
0ff5fd04
f30ef610
f5fe06fd
f203fbf2
0104fefd
07f7f6fb
fbfe00fd
0000f5fa
0a06f30b
02e4fefc
07f304f9
f80e0702
ee05fff2
f20803f8
0d090303
fb12f5f7
0a01fdfa
f4f9feff
f5f1fdf4
13f9f6fc
e80c0ff9
fa0cfaf6
fb02fffb
f905100a
05fff7f8
06ff0409
ffec0001
fef6f607
fb19e903
f7ee0b04
eef8fb17
05f2f102
fe030f05
00f8ff0b
04ed03fd
00eafefc
fc0af1f4
fdfff908
f90b06f4
0afe02ee
01feecef
ecf9fcf6
f8f9f2ff
fbfa0301
0004fa06
0303fcfb
f4fa0102
03fbfb00
0fff030f
f1fd03f8
000203ee
fb0bf9ff
f0ff03f8
0312f30b
01f3130b
09040714
05f80904
04050efe
02061616
0af4f709
fbf9fefe
f2070301
02f702fb
0200faf6
000001fa
fd0ef202
0101f806
f2040cff
0af7f9f4
0d0312f8
f10304f6
fa03f6f4
00f4f7f6
f9f7070a
f9f7000b
fa0e120d
fd03f6f8
010102fe
fb050702
050ef1fc
f4fe010f
fdf9f0ec
09030505
f3f2ed02
fdfe09f8
fbfef6fa
fc01f4f8
06fd0af0
faf80f03
0303fc0a
000b0df2
04fe1802
ef08f505
f700fdef
ff08000a
fb03f8fe
07030002
06fe1300
010a0600
06050c0d
0afef707
0b0105fd
ed06fd00
fdf20304
f6060106
0d010902
0b010807
000214fd
04fe02f0
f8050c08
01031103
fb110002
0116fefd
f9f50dfe
0c0cff03
fb09fd06
f8fd1d04
ef09fa0a
f8f6fefd
fd0305fa
04f704f8
fc05000c
08fbf102
07fd0200
070a0d0a
ff050503
fbf8edfc
f9f70df0
1a0b0cf7
ea00f8f9
06f70f06
09fe0cf3
13f3f504
120602fa
02eff705
fd13fcef
ea07f503
021015f8
fcf6f405
ff0013ff
e7fc0f06
f40a09f1
f5fd0ffb
f8090a02
f815f701
0805f7fe
f6031601
0905f10b
0df51502
06040cfd
f50905fc
07f4fcf1
fdf7f201
ff01fe0e
f808f6fd
0efd08f0
0008f305
fc03fa09
041303f2
f30bfeef
faf202fd
ee0809f9
0102fd02
ff110e10
0af51305
01f0fbf4
f806fd14
e60dff04
fe07f7ff
0802f813
0109f60d
080cfef4
0905f100
04ec07f7
050809fe
001bfa01
09ff0efb
0102fd0c
000e06fa
0ef2fffc
fa04fd04
fbf2fdfa
fffc0e07
06140007
fcf90cfb
f70cf1f8
01e711f9
0bfafe01
0bf803e2
070109fe
05fbfe09
0906e907
00f80bf7
fcf102f0
0efc08f5
ecf80102
0805f912
fcf70804
01f8f6ff
04fcffff
0df8f70a
0d0a0810
140503f4
fc0a0a08
01f401f7
fb02fe01
06eef8fc
f5090bf8
f1f90c07
09f008fb
07010100
fbfc0d06
00fbfaef
f900fd0a
fcf1070b
0503fa06
f8fb00f0
08000202
03f203fe
0002e8f4
06f800fd
eb06ec01
f5f80d0b
03f4070e
09fbfb0a
effef0ed
fd0a100a
09f202f9
05fb08ed
fc0212fc
f70a25ee
05ee0507
12fe0fff
140efa18
fff40406
0105f3f4
f010040a
fcf60000
faf9fd0c
faf80af8
010a1209
07f805fb
eb0501fe
fcfe0b02
fd11f6e8
ff0407f2
ee07fcef
00f90603
0b01fffc
06fd0407
f90efb04
060c0ef7
f215050b
07ff0003
08f5fb05
0701f408
11f1f900
01040200
0afff90e
ff04feea
0705f811
02f70c03
fdff0500
fdfd0b0c
001202ff
f70706f4
04f417fe
f90203ff
02f103f8
00090d14
f603fd02
07070ce0
f3fd090a
ff021803
f8f5080f
f7f80e0b
f6f8f5f5
11090c0c
fdff0a05
00e312ff
ff0cf3fa
fbfd05fd
0c0b0004
09020bfd
f20e04fc
f9fd030a
0d01f200
0306fdec
fe00fe08
081003f7
09f7feea
0708fef9
00050305
effd0301
0afe00fb
fa04050c
f70efa00
fded01ee
faf60107
f1f8f3fe
0df8f406
0709f314
0800f608
04fc0e01
eaf90703
fe08fbfb
f303f4eb
fb09fbfe
09fef1fd
07f606fa
eefe0013
08f606f3
f9fefb00
fcf50a06
ed080801
f70e0ffc
05f706f7
f3fcff0c
11fff904
070412fe
fb01f0fb
020809fc
03fcfc07
02010201
0a0007f7
05040704
02ff0c00
fffafafe
0504000a
0606f6f9
0bfffd0d
0808ec0c
f9f6fcf4
f5fb020b
01fffff2
01fd0a00
08f2f6ff
050103f3
f9fceb01
f400f1f0
fe0409f7
ff09f404
f9040816
f7fef4f7
051cfefa
ebfe0008
fbf4f2f6
fc0af500
faedf8f6
0cf80ff8
0502fa13
ec090307
0718f8fa
080209fe
07ed00ff
0bf706ef
00f70c07
01f50307
0309050e
0d00fb08
f4011ceb
f7060505
fcf3f901
0207ecf8
0bfffa01
fff9ff11
0eff05fa
02f0fe08
ff0bf212
010af609
f1171001
faff0102
f8e7f70a
eff9f405
07ed0af2
effdeef6
f9f9f605
01fcf0f8
fc0fedf6
eff6fbff
faf6fa06
fd0bfaf9
f803f5f6
00f515e3
fcff03f6
f102010a
f511f5fb
01f30d01
f5ff0a09
fd04f6e2
f90cf9f6
05fbfcfb
f5f8050b
fef00902
0314f5f5
f6060bf5
f8f7f1f2
ff040df1
00f402fb
f902f303
f2f4fdf0
fcf1f702
f10719fd
f6f50002
0a11f70a
fceff702
f9110e0a
0bf60909
03040ef6
f9f70907
f7fbec00
f711fd02
fbf7f6f9
f5091108
09030a0f
06ff13fc
ff080700
f60208fb
010606f1
fa020503
f5fc08ea
f901f60d
edfafc03
fcfe04fb
ef02f803
fe0409e7
e8fd070a
19030a08
080b00fd
ffeff302
fcff05f2
ff13f208
f00f0207
f601fcea
f2fc04fb
ff0402f4
eb050303
f9fd01fe
fa000310
05ff07ef
00060ef4
0d00f50e
fd0908ff
020700fd
f20700fa
05f7ff05
f30406f1
fe00ff01
ff03ecfc
02fbff1c
06ff1204
13fc0002
fe0307f8
090701fe
fd000ef8
eff000f4
f9fefc02
12fc0bff
06faf704
fd0d0b01
fdfdfb13
f4fc0c09
02030a02
0a0e06f2
f7f805fa
0cf10010
03070704
05f7fc07
06fb00fd
edfef008
f1120ffb
00fbff06
f9f90a03
f808fd00
03fff8fb
fa0309fb
f6f5f507
fceef812
fdfe030d
070bfa04
02060702
faf3f50b
fe09fa04
fc05f5f6
05f4fb06
fdf90003
00f6f715
030defff
06020607
f2f51703
fd01f9f2
f4fbf6fa
f50508f8
0f04f20c
0e04f2fe
0201fffc
04030010
05f6f8fb
eefbf20d
01faf10c
01fd0bfb
f700f6fe
ff010c02
01eefff6
04030512
f30afb12
f70605f5
f300fe0e
060002f7
030d0708
fb0715ff
fdfded0d
f7030304
fd07130c
060c1102
ed130804
06f90a09
f819fff9
03fff109
010006fc
fb05fa0a
f9fbfcfd
ef050111
03fafcef
eb02fbfb
fa040201
0502fd13
eaed0403
0bfb05f3
f7fcf601
0704fbea
1605fbfc
f206fffa
0512f509
05fc02f7
10f409ff
0613f1fd
0b03fb07
09f9f3fa
f00a0b1c
f007ff03
0a0508fb
f9010605
06f9fef5
fa0a060e
04040500
f6fef3e9
10fbf9fb
06fcecf5
05fc0d08
f0020101
010aff0b
0bfb0f03
f50b080b
f8f107fd
10f809f6
03f50606
07000bfc
01030f09
fb0efa0a
09fdedf5
1409fbf6
fb0ffde8
f2f9f3f5
08f70104
e9f606fd
0bf61200
02f707f4
04f1ff04
040dfbfb
03fefee7
02fff90d
f3ffff13
10100af5
f90a19fe
f4fe01fc
fdfafe04
fff6ff0a
0009f70b
f306fcfb
ebfa0801
0001f9fd
f2f803fb
f8f703df
f2050a0b
fbf91101
f8fbee05
041303fe
06031005
fb0a01f4
f203eafd
04f50a06
07040000
0a06fc01
f8f8020a
08030111
fe01fdf7
f104ed09
0a0108fa
08f104fd
ee100dff
01ff05f9
1104fe02
f703fbed
f6f8fbf7
f4030401
f6f902ee
fb06fafe
f60004f3
100504fb
03f10101
f8fdfd09
f4f8f90f
fc0104f8
08fdfffb
00010309
09010501
f20b0911
fefe06fa
09f0fb0d
f7faf4fa
040af908
f40602ff
0405020d
fbe007fd
0c0dfe03
02051802
fe05f9f4
feff0109
03f7faed
07030af9
08fb0009
f8e80cfc
0f040d0f
fd100104
f4f409fd
f3fdf8f1
09f6fbff
060204ef
0404000a
0df8000e
f90ffbf2
09ff0a0e
0104fa07
08fcf603
0613fefd
0204f7f6
04f40604
f103f4fe
0905fc02
07fcff05
fc081603
fa111004
f1f9f210
e9fd01fa
fefb010c
fbf5ff10
09f0fc07
030705fb
17fcedef
09030f0b
fb0af4fe
04f00408
10f5fae5
06fcfa06
f5ecfd04
fb09fc08
fcf00df8
fa1106f5
0c0a0df5
09ecfdfd
0001fb0f
05f4fe00
0bfdeafc
0dfa0cef
f5f40102
05faf408
f100ff18
0105ea03
0203f606
ff07f8f7
000208fe
0811fd03
ebf8f901
0b090105
fd090d03
03f40bfd
07f502ff
ec0d0803
14fffe01
f8000f0e
0c07fdfe
12fdecf9
f8f5f3ff
01f2fd0e
110105f8
fb180bf9
fb10dcf2
fa01060c
020a0a02
fb000e0b
07fdfc07
00e90d06
01fe1306
e6eb01fb
f8020bf3
070704ff
090b03f1
170307fd
f1f90114
f909fb0a
ff00fb10
04fe00fb
fe0c08f5
0300fdf3
0df3f9f4
ff041606
fa030204
faf7fe01
0006001b
05f709f9
fdf30710
eb0dfff2
0e02fdff
02fb07ff
f6ff0510
f906fb02
050cfefa
f2fe0009
ff0309e8
09fbf70d
03fbfe02
07fdf8fd
04fff512
020302f5
fb00fa00
fb060105
06f8df06
02fc01fb
f8fcebfc
fbed04f8
11ef0306
fa01030a
fb05fbf3
00f50700
0ff2f7ed
fd0af503
01f909eb
fb100603
04f5f5fe
0b06f8ec
fdf00ffe
03050eee
faf70c02
0201ef02
02081105
010805f7
f3070000
f7fdf303
ef050b05
0bf41007
f5fe0b00
0e00fa02
06f4f900
0103fe09
f1fc15f7
f5f4fcfa
f1f9f8f6
0b06f601
140afe01
f014fb01
08020b05
06070f04
0a0009ec
00f30cf9
fc06fff8
02f91406
eefffa01
01f0fc03
f0f606fd
faf90401
0d01f9f6
09f3fcf6
f701f6fa
080ef90b
01030508
fc1105ff
02f7ecfd
100508fd
fcf4eee9
ebfef6fd
fe040600
00f4fef2
0108faf9
fe0afefa
0bf707ec
130ce9f9
f9fc00fe
fcf9f509
07edf10a
02fefaf4
070ff8fd
09ff0a09
ea000df1
01fcf40a
0cfefdfc
f7fefcfa
09fcfdfa
120001f5
0503fd0c
f90b0e00
01ff0d06
f9f50708
f5f8fef9
0805f3f6
f7fe0300
fa05050a
fbf901f3
0009fe01
0406fd0b
0d08fa00
06f8ef1a
ee0aecf5
05f9f609
07f41102
f1010207
080bf7ea
f900feff
f41706fd
01100000
050405ef
0b030404
fefe0802
1317fe09
f8f8ff09
f8fe0312
f1f90d0f
f2fe090d
0ff60406
030cfd0a
0008fe03
05f3f8f3
02ff0ef9
13f5edef
e9fcea03
f40105ef
07fe0307
0d00f506
fff20700
11010b06
f7f70206
09fafaef
fc12f5ee
f4fbf406
fd08f8f9
0afb0c05
f4eaf6f6
fb03fc07
fd03fbfc
0c11080a
030504ff
f8f503f7
01020ff3
f40dfff8
07010e03
06fef9ff
0a0008fc
0afe0b04
f9050700
0e02fbf2
f9f60502
fd050b01
08fd0502
1204ef06
08ff04fe
ecf4fff8
00040604
f6f8f3f6
02f802f5
0b05f0fb
04fb03f9
050307f8
05f6fcf3
f2010409
eff00aff
0401fef8
fc08fa08
ef010b05
06fb0afc
160ffc01
f902f9f8
fcf90dfd
09fdfbfd
0dfafb03
00f8ebf4
010205f1
05fb04fc
f808fc0c
f70f08ef
fa050918
16fb070c
f7fcff0f
060b0901
0102f908
0b04f8f9
130905f4
0afdf5fe
fff813fb
18ee0c0a
0cfe08f2
03fc10f7
05eaf9ed
f40e00ff
ee071bf9
f8fef800
0af6f60c
ff01f1fd
05040708
fe05fb01
ff061007
04ebfa04
0cf7f115
efffed01
f903ff0a
e7fafa03
02fef6f8
f8faf7f2
eff51802
1513f306
08fff507
f3fdfef2
0903f709
fa00f4fa
f50c0100
fbfd11f5
01050301
0f120201
09fff105
ecfb120d
f913fcf7
f108f81a
0902060a
08e2fa00
f405f810
f6060210
fafa02f1
0bfcfafa
0cfcefff
050dfcff
09ebfc06
fd03f301
f3ebf5f5
00f90815
f500f906
e6fe0614
eb08fef7
fa16fcfb
0507fef7
080c01f8
fcfd040b
f7f3ed0a
f7050604
f905f6fc
ff00f801
020a0816
06fe0607
06fc0102
f7fe0ef0
f9f00506
f8ee1003
fc0e0efc
fb09ef0b
ebfbff09
f2030b07
04f2fafb
031704f8
03fd0204
03f6fcfd
fbf907f0
ea01fefe
0402fef4
0dfb07fd
fbf8050c
f80d0b17
fc0a04ff
dffdf6fe
050bfd0b
00f2fefc
070501f7
fd0cf604
f50f17f8
0bf6fff6
06f8ef04
0f05edf9
f8f503f5
fefe0301
fcf90316
1209fc12
24f2fff3
f812f003
14f7fb08
08ecf5f8
04020607
08fb09fd
f5eeff11
fe04f109
1efdfc04
0ff90406
f605fdf6
e2fe0404
03030e06
0d030bf4
0802fbeb
0dedf9fb
fd00ef05
f603020e
00fb050d
0a03fdf7
f40df70c
fdff06ff
060ffb0e
0a0100f5
10080010
0708fd0d
0bfc08f2
f0f807f5
fbfdfbf5
fdf801f7
f2fc06fe
0500fef9
faea0602
0503faf2
fd020e0b
0df110f0
00f80f05
18fa0bff
f90ef3f2
f41b1808
f6fa0efa
fae8ff00
fe0505e6
f6f50603
fe01fefe
f9f406f0
fdf81404
04120aff
0af704fa
0d0712f1
0703fc07
060dfff6
03f4f5ef
fb0006f3
020cfdfd
f6fafc0f
f61100f2
fbf8f2fc
01fc0809
05fcf8ee
000002ff
0c00f710
08fdfbfe
00f9f7fa
f403fe04
eef1ef0c
fc091711
f3fdfd00
0ef705f8
f4f1fbfb
fd12fe05
f9030ff5
07fefd05
f4060cf8
01030efe
00f81104
030cea00
fffefd11
f9fdf5fe
17080802
09f311fc
010cf1fb
01f615fa
02f61c0e
f60306ee
f8f9f0f7
f9ecf904
050404f5
00fff4ff
ff06fc08
1bfdebfa
f1fc05f8
f9fa0a04
03effeea
0700fcfa
030a1203
03ff110e
0607f6ff
09f80909
09fdfa01
fb070a09
f801f7f6
08f20e05
090915f9
f712f4f4
0c00ff10
e8fef4f1
0006f30a
01e804f7
0301fd0e
04f8ff0d
f70b00fb
ef1efd05
f408060d
0704ff00
f602ec06
0302f404
fff70704
f90218fe
0ef9ff05
f6edfd01
01ff03ff
02fa0108
fd1702fa
0b04f403
ea0700fd
fcf50113
f4fa0603
f90af4ff
04fcf911
07fafb01
faf2f9fb
0ffe04fb
fefd0600
fb07f306
0bff0606
0bfaf0ff
02f8fafd
fb16f207
f11cfcfe
00f9f5fe
13fd1108
0dfa06ed
fc13fff4
f3f6fe15
050605ff
120dfe0b
05fc0602
0e12f804
fcfdfd03
0be9f209
fdfbf8f3
f70200f8
faf9f1f2
0810080d
040e0800
0f0b01f7
000501f5
03f80100
050dfcea
f6f90906
f9f908e4
04000406
0501fd06
01eff8f9
0008f4fd
eafbfb01
fafcfb01
f6041e0e
f3fd0206
07fe0df3
f811f9fe
0408020e
08fdfcfa
02f5ffec
0004f901
f3f702fb
07f602ff
fd080900
03fd02f4
f9090d01
f806f8f5
02fdf514
f40aff06
11f0f7fd
02070405
00f4080b
f8fc0001
f7faf60f
f60507ff
01f006ed
0811fb01
fef3f1fa
0508eb06
f800f109
0afef6f6
080afcf6
041305f1
fffdf3f4
04f7fe00
07f804fb
05ef02f8
0503f7fb
f7ff000c
0b000303
0214f308
f60bfcf4
f3eb00f7
ff020507
f4eaf2fe
effdf808
fc00fe01
0cfaff08
04f9000b
effbfd02
0407130a
f6fc07f9
0f05fbec
f1eff609
f8f7ef0f
0a13f816
fb00f808
00070f05
fff9ff05
fb06ef09
f907030b
0c010af1
f6f504fe
f9f3fcf0
070e04fc
fdfe0afc
06020708
1706fef8
fdfe01fd
fdfd0909
07f904e9
f00201fb
ff0207fb
f80af60c
03f10e06
f8feff09
fdf817f2
f1f00311
f3fd0705
02f8f4fc
0a0d0ef0
09fc0012
ec07f902
fc07faf8
ef00fa03
fe000112
00fbf4f6
fc090c18
f30107ec
faf21310
0001f300
00fd0902
f2010109
0af60000
09f810fc
050809f4
05faf1fe
fef1fdfc
06d8fdfa
f9f603ff
0010f2fe
0106fbfa
f0edf9ff
051011ef
f4130701
07f10607
fcf301ee
fdf000fd
fb0ffcf7
0405fc0a
0b080907
fe05f408
000109f9
0cf70002
f9fcfbfc
09001604
03fcf702
07f0fef9
f706130b
ef0efc05
08fd010e
fcfb0c01
f8fa01fb
eafd0910
0600e9fb
0c0717fe
0a050e03
f9fe08fb
0213ff10
02f8f7fb
08fc0afc
04faff03
020a0705
fe09f7fd
f80101f9
0cf60101
f2fcfffc
fef706fc
08fdf8f6
0bfe08fe
05fb03fb
0e19fc1a
fd07fd05
0cfc0503
0412fe06
fbfaffeb
f603f3f9
08ff04f9
0011f901
09f900f2
0af4f607
fd070506
030e00fc
02f8fef5
08f212f8
01f6fdfd
fe03020f
0d0cfe01
03fd1106
1004f9f7
fee6fd04
02fdfc17
03020803
0ff7f216
f4070707
070af4fe
f70709fd
0010f500
e801fef2
040705f8
2bfa0003
eaf3f8f6
000104fc
12030900
e4ff04fc
0809ee01
f8f3160a
11fbfffc
f5f3ee01
fb0108f5
f4fe03ff
06fb02f5
fbf10afe
07f8f507
fdf1fe02
03050efd
f802fbf6
f202f4ed
f8fd1500
0b031102
01f9f926
0ceb0d11
f4f6f70a
fffc1801
f80204fe
fcf1f807
00effff9
0fff02fe
120307e9
09f8ff00
031406f7
00030208
0c02020f
fefc0bf7
03050df9
f10ef80b
f80a01f8
f7fe02fc
f4fa01f4
04fbfa02
f704faf4
0ff20500
f601f916
02f81506
f911f0f0
010bff07
faf5f906
09fd00f9
f40501fa
1309ff08
13ef01ff
fd010af8
06040b03
faf8fbf8
0af4e900
f20c1402
eff216fb
f90204f1
01f1fef6
fa00f614
fd050d07
fef5fe04
09f70011
f3fafe0c
f112f203
0808f2f0
0004fb09
0906fbf9
08130107
0c010e0e
07fc03f9
ff040600
fdfefbfb
fa18fef9
ff010501
050b01fa
0207fdfe
08040cfc
07fe0403
0d010c12
ea130203
ea08fbee
ee00f1f8
fdf703ec
0dfbfaf9
08ef0101
f9fd02fc
0af2f6f9
f3eb0e00
f70718fa
fb0106f8
07f70311
14fcfc0b
f7f70e04
f9f1fb0f
10ff06f3
fc01ff09
0e000503
fff7f2ef
0e0602fe
11f705f7
0d030fff
fefa09fe
fafb0ff2
07ecf80b
11fb07fe
f708edf7
0907fcfe
0c07fb02
f9faf10a
fffe0bfc
080cf503
0ef506ff
0302f5fe
110dffff
f21d040e
08fc0c06
0cf5f9fe
fb04f606
f2fe02fa
f20b0002
07000bfe
09ecf600
f5f7fffd
fafe0202
0805060f
06fe0408
12f802f8
f4050400
f70708e8
04f90a02
f6fa0505
ff00ff03
060ef6f5
07110ff4
03fbfaff
f4f002fb
f9010aef
fbfd0100
11f50309
0803f9e8
06060ff5
0af606fd
03fb050f
061009eb
030210f5
e6f705fc
0af9faf5
0bf9fdfe
f91ded04
f9fc0dff
fe10f8ff
07f902f4
fdfdfbfc
0d0a02f3
0d110f07
fe0df514
fbfef900
0bf6f2ff
02fef8f9
02fbf2f5
fe02fdf8
fd090310
ff0710fc
0d0004fd
0e020601
090d08f5
fc060a01
04fc03f3
fbf3f301
0e0808f9
05090107
f3ffe812
fefbf607
f9fff80a
f9f90406
fe11fbf8
05080513
fa060109
f00cfdf8
f701fc00
f9f9f90c
09f3ff07
feed0809
0b1208fb
04f00b08
06fbfa06
0b02fb08
f1e9fdf7
eaf2f9fb
f8f80e13
f304f9ff
07f00205
f6120b0a
0700000f
00000510
06faf4ff
09140305
09fe060a
ec01f4fb
0bf0faeb
ff001703
0dfc18fd
ef05fb09
f50506fe
fdf1ee08
ed0c0507
02f40ef4
ff02fe0e
fef01007
10fdfcff
f8faff00
f7e805fe
e9f80314
04fdf206
fafb070b
f5f7f108
070711f9
01fafb06
fd050808
f5fc02f6
f1080009
09fb02f2
fb030208
0405091d
fcf50917
05fdfb01
00f20b10
01f5ff0c
0708010e
fb130f0a
02070ffa
05fbf80c
0cfcf8f9
100e0905
f9010c03
05020aff
01070f1b
10fbfe08
09fb0403
0bfe0b02
01021b17
06080112
01f5fc02
fc060a03
fe090302
fa1513f6
e9051504
0609f7f9
fb06effa
fcfc18f9
f5f50af5
f90effff
010c0aff
f3f80906
f0fe0606
f5f5e60f
091b0606
fc05f905
f6f7f1f8
fbfcfdfa
070206ff
0c010107
fff008f5
0d06f905
f4070406
0c0a04f7
0ef4f4fa
fcfd0000
03fff10e
f4f707ec
f903fefb
04031c00
fe02eaf9
fb0606f5
f6fbf4f7
0b01f1f7
f600080c
feff01f5
050d0305
f7fe0901
fd0afd06
f20007fb
f601100f
0e11fcfe
02fa1006
f7e70205
f0ef0009
fc0504f4
f80c01f2
fefef4ff
1af2f501
f4ff0705
15ff0507
f6f60a0b
0412f7f9
0002fbf5
e703130b
00ee04fc
0e07fcfc
f0f90301
09e7100b
fd0af707
09fcfcfe
ff070202
0a05fc0c
06030908
e5fafdf2
00fdf5f8
0203f700
f9fcedfa
fa03f600
02040303
120e0302
fa0708fe
00f31105
01130409
0307faf8
080afe14
f0f9ff08
030214fe
fb02fb0a
050c0ff6
f1fefeeb
07fe1708
0cfdfbf6
0a0dfefe
fc07fff9
f80ff403
11edfafc
12f70700
0405fbea
0207f9fe
000eff12
fc180607
fefc0cfe
010cf808
0602f9ed
f4fff508
fd0ef1e8
0204f6ea
08f1f6f3
f900fc05
0703f600
0515fef7
02060c06
02f006fa
f7fd0311
f2f51206
06080de8
0af70804
04f1f3ec
0a12f106
0b1105fd
e2f70600
0b07fefa
eef407fa
eefd000b
0ef1ef00
02f801f1
05f30900
f70c07f9
effcff05
fcf018ef
f6110909
ed010902
10000300
04f8eb06
01050400
090201ef
f50401fa
f413f403
0d040bea
030d0afc
f8fa0210
13f8f60e
0504ec05
f1020300
fcf4eb0c
f0f7f1fa
04f2fd03
0e040105
01fa03fd
f906f6fe
f9f100fc
fa04fe03
060bf604
050405fb
0cf6fafe
1fe4f5ec
030e0403
ff0f0505
0704f905
0300100f
00040df0
fcf7fc04
0dfb0bfe
03f1fef4
fc020ff4
0f04f904
fdfbf800
ff0809fe
0ff31009
ffeaf2fb
0ee4f5f6
11ee0cfd
fb011204
090307f2
f9041003
0902f408
07050c0c
060909fb
11ee08f4
f719fdfe
fc010004
0bfdf605
0402f607
10fd070a
fdfc04f1
f4f70913
070becf2
1207fd00
f612f711
0c10ec03
f1faf3fb
1500f106
0009fd07
0200edfb
0f0303fa
10fff407
eff50909
05f4ef07
00f70601
020afe0a
f2fd02f7
060302fb
03fdf3f3
1502f3ed
f5fdf70f
11f10b0e
f9fe0900
02fdf00c
08fbfc0c
fd1105f9
01fd01fb
f70c03ff
100f0100
040e04f5
0003e909
f90d0002
fdf0f8f9
f516f5fc
f4f90109
ffff0bf0
010dfa1a
ea0a07fc
01fdfbed
fdfa0a0b
0c060406
07fc0005
08fdf20b
fe0316fe
f30217fd
fcf9fbeb
03050604
01fc0a0b
dff4ffe6
02f10ef7
040c0c16
f8f8f6ff
021bf601
0206ebf3
12120dfc
0bf9f509
030504fe
0203fcfe
0c01f209
0ff10405
f601f906
fe0c09f4
fe070f09
fbfaf3fb
f9fa0606
030dfe00
f8ff0609
0af5edfd
040ce8f6
06fd08fd
fffe05fc
fde3f900
e2ddfcfc
f1f7fcee
fa0b0ef8
04fffef3
0ff60c12
16f9f8fd
f5fefb09
fcf10dfc
0611070d
fe02fe06
08fff814
f209e4ff
f6f2150a
0d180b06
f8feed04
02fdfef3
0efaff04
010410fc
040011f2
161500fb
090506ff
0a01f20a
1300fdf3
fbf715f5
f60dfdfb
f8edf204
09030bf2
1405f8f7
00010204
06fe0f0e
0300fb03
0103f413
00f7fcf7
f5f1fdfc
f6f1fff0
120a06f7
ffeffef7
02050405
00ec0603
00f5fb06
f40504fb
05f2f00a
f8f0f40d
05f30706
02fe01f8
090500f6
f1111b0b
070a0106
08fef909
02ebfc0a
f0f3faff
0c0a02fb
e9f9f705
f00a07fd
05f3f7f4
eefc0b0e
fcf70a00
f104f403
f5faf606
010203ee
02ebfa09
070b05e7
f5f5fcf5
f000110c
ff030705
04fe07ff
090f0006
f7ed07f8
eefef901
fff80504
fdf802f6
f2fefe11
f501f1ed
f5130501
ed0efaf1
f9fcfef9
10000204
0705fa04
fa0606f7
ff110fe4
03f2ee10
060513f7
fd160d1c
fafdf6fa
f4ee01f4
050c0217
11f500f6
f100ecef
0ff70516
fef3fbfe
f6fd0406
06fcf3fc
00f2fe05
0a07f20f
000cfd08
ed040102
0314fb09
110109ea
01f80f03
fc01f60c
0a0ffe04
f5f305e3
fc0306e9
f809f6f8
030a0512
000005f2
00ff0e02
fbfd01fa
fa12fc03
fbf7f7f9
fc03f80b
06e1160f
fcf500fb
070608e8
01f81418
ef0003fe
0101f4fd
0d0ffe09
15f314fe
f808f609
150af209
fbf4fffc
0009ff08
0805f610
f9f309fe
eb1af7fc
0c06f405
f6fce9fe
04faf4fb
fffffdee
fff7f8ff
1b080200
fb0c0e1d
fffeecf3
05010102
fb01f7f6
08fd1109
19f1fa01
01fa0a04
00f800ef
f4f7fe0d
f4ea0bf5
f704faff
0d020af6
07040307
fcfa05fe
03f2fe05
fffe13f6
f510f709
0105f506
f504fefd
010efdf2
fffe04f6
0c0bfb03
030a08f8
02000100
f200fb06
f8041208
0f090815
13f700f6
f901f80e
fde90203
04f60beb
fdffed05
fa0afc05
fcf814f2
03f205f3
0c06f306
fffffb10
f70414fc
f0fa0d04
f9eef3f2
0300f5fe
0bfb0702
0a090210
0ffd0b00
0a06fdf9
faec09fe
0afdfaff
0f03f3f2
fb1502f7
f4000af7
08fbf808
f4040a02
f611ff00
01080607
f811f6f6
ee0df0f1
01f503fc
02f90e14
ff1404f3
fa05060a
f6fef1f6
00fafd11
05f4f803
f7fefd03
09f4f5fc
0a1309f6
ebfe0c02
01ec0700
060ffff3
fc010de9
0b0c01f9
0af406fb
0102f7f4
0208fa0d
fafb0efb
02030dec
01f508fc
fbfefb00
f8f7eb08
fdfdfcfc
04fbe902
f9030df8
0003ef0b
07faf6fb
16020110
ff0c04e2
09fff907
fe17faed
fbfffef4
02f6f400
fb04f4f5
00f108f0
070c0004
00080df6
04fb0306
03f60602
f7f1f1f7
fdf8ff04
07040104
07fdf8f9
0104ef0d
08f60a09
0401000d
10f3ef09
fa01f5ec
f1faf706
0502f7fe
06060316
f501fd09
fb040008
ed01fa01
08fff8f6
04fc11f8
f6eff40a
08f1fe06
0e04f507
f6f20301
fef8ee02
050611ee
050bf601
0cfc0c0e
e8f710fa
fafdfcfb
02fbff03
03fe01f5
09f9f60a
fa140ded
070ffc07
06ff05fc
fa040400
0cf4fa08
0e030f07
f10508f8
030decf9
04f80ffa
0004fc02
020bfa04
0e0df8fa
13fff9fe
f5fa00f7
0cfafa0c
fcf20f0c
ffe3fcff
f5f5fc02
0a0502fb
0604f710
0e01f40c
02f50006
08010a0c
fe08faf9
f7fdfc01
fa0cf6fa
ecf30102
fdfd08f9
f20a09f7
0508ff02
fbf1f1ee
ff0afc02
0a01fced
f100df08
03040f03
0bf9f6f5
f2f4f9ff
06fefe00
f1f3f4f2
f106fd02
0808f4ff
0ef3160b
0cfbfa00
0df8f001
0a00080e
130a110b
fdfdfb10
080bed14
f90b060b
f207010e
030efff7
06fd0304
06070201
fef8f1f4
fc05fbff
02eff300
0501fb15
09fde90a
fc080904
fcfe00f9
120cfb0c
07f7fcfc
0003fcfb
ee0dfc07
fcecfe12
fbf70a0e
fdf70bfb
fb00fcee
f80204f5
0600fbfb
02ff0108
0c0007fb
fb09fd16
000209f3
05010eff
0304060a
02fffcf3
01fffb11
0a01f5fb
fefafdfa
03e402f8
f00103f4
f701f7f9
eef500fe
06f8fef5
07f609f1
feffec0b
f90f0d12
f703f5fc
f90d1402
08fd000b
fe02fc03
f9f5fbf9
08f5fefe
06060908
0b0713fc
f7fbfdfd
f405020a
fd040918
1dfb020a
f1f4000d
16f6f6f8
0708fdfd
01fa040a
f1f8fa05
f707e308
0cfd17fe
f6fff810
020804fb
fff408fa
0108f801
fc00f501
05f6ecf3
ea050bf7
ff03f0ff
ffff080d
030a000b
fa05ee0b
f701f8fe
f2000b09
0103f511
02fcfcff
0902f5f7
0ee60904
f2ffebf5
17090ef9
e602faee
1006080c
1001020a
fb040ff9
02f1080b
f4f809fa
0009fbfd
0efbf70a
fe0a0404
faf6f80c
0213eaf4
0706f6fe
090606fe
f3070ff8
fd0a02fb
0811f216
04f80201
fdff04ff
01ffeaf9
0cf8ed00
fff209ff
faf5f3fc
00160d01
0cf80dfe
fdf908f9
f7e908fa
04f7e909
0d0bf604
03f90711
ebf908f2
faf70108
09050108
f7fe00ee
f0fb03f9
0bfe0af0
0e09fc0a
fd08f601
0a14fd05
f9e9f103
03fdea15
02ff06ee
0101fff0
fcfe08fd
0bfc03fe
0dfb1104
080803f6
07010afd
f8f70cfb
0a020106
0c00f9f2
05080e11
040208f6
07f0fe0a
f7fa0afc
fbff000c
02ff09fa
15f904fa
f70f0b04
0df2fefd
000efd05
f706f6fa
f90c02fa
07f10506
ed02fef4
f60af5fa
070af607
fefb07fe
09fc0100
f5fe04fc
05fa01fa
fdf00008
11f7fd03
fc000513
f8fcfaff
06e7f5fc
fdf5f9f1
00f4fdfe
f6000006
fe0101f8
f609050c
f902ff0f
fcfe0601
000efa05
f1fb04f5
000ff2fd
1200fff4
05ff0e10
fc000107
ff070eff
0913fd04
02faf8f8
0a04f2fd
fb04f3ff
071105f3
0cf4fdfe
f8f80004
f704f4ff
0a03ff00
fcf5faf0
080f0303
fdfd0ff4
001c02f4
f1f8f9ef
f905050b
fde80105
0ff6fdf0
01faf6f9
010406f5
070bf904
f8f406f6
03fc0607
10f2e9f5
0dfa0601
12f4fbf3
f6f3f8fe
fbf80504
f3ff0416
0b0506f8
fc02fded
09000109
fb04ff0c
fdf80702
fe03eff7
f508fe09
0108fb0b
fa09efed
040009fa
e6fa04fe
fbec02ff
0bf50218
071006f4
05f70305
fefcfd04
f8fbfd10
fafdf609
06ed0803
f5000008
f5000404
00fd100e
1ae4eb08
f50709f2
0efcfe09
0b0504ff
f9060805
f9feff03
02f1fdf9
f6f6081c
f800faf5
030009fc
fd11f206
04f701fa
06000304
09f7ed02
0708f903
f5f20ff9
fc04fff8
fb1004f6
0901f401
ee0a04f8
ef0f0a02
f8120313
0905fdf8
06fd03fd
0509f1f7
f4f9fe08
02050602
f9fcfc00
fe140b05
0a05fe06
ede5f8f1
02f7fc08
0ff1f509
f508050d
12f607f1
07e72001
0afc01fe
11ff090e
030b0bfa
f303edf8
0ded04f8
0104fefe
fc000f07
fefa0500
02ef0e14
01ea0705
fc12f301
f60a08f6
f5fcfc01
f0040a0a
140afd11
ebf9fef8
0bfcf502
f8040b08
ff000603
f1f808fa
05f6f2fc
fefaf4f8
0208f6f4
00f2fe00
f9f3fc0a
fe0bf204
0ee9fc09
ff1709ee
09fbf8f0
0d08fefe
fefcedea
07ed09ff
f4f002fb
00ef02fa
03050601
0907f80b
fbf4f8f2
ff02fb01
0800f7ed
02eeff02
faf506f1
01f70ef6
fa01f610
01110207
00010a05
fffef903
f9f6fb04
0a04ff09
f4fd01f9
04fd0afe
f5060402
04030d0f
020709f2
0f0611e9
f902fc08
eb07f500
fdfde3fb
01090dff
01ee020f
f5f6ed0d
04f90b13
1603f1f9
01fe02ed
04fc08f5
09000900
04edf6ee
fdfc1703
03f9f2f8
fa00fa00
fbfbfd0d
01020202
08030bee
f9010603
0301f7fe
0402fcec
ff05ff03
ffedf9f9
00f801ff
f007fffa
02fe130b
020601e7
09f7f0f3
020bf900
eff916e7
fa0504fe
00fbfcff
f0f31100
0612f5f7
fbf9f7f9
e5090ff8
04030007
08010300
effd0afb
fbfd1501
0c0c0d0b
06f0fcf5
fdfa08fc
fcfbfa0d
01f300fe
0deefd02
fd02f5fd
0702fd02
0ff9f9fb
0a000204
fc0906f6
0511fafc
110803ff
f703ff12
fd1806fd
03fc03e0
f70af8fb
09fe03f4
fdf6ff03
0ee1feea
f6f80a04
f5f90808
fcf803fa
13f112fa
0cf7000b
f300f8fa
00020d00
0807f906
06fff1f5
f0fe1002
0bfdff03
040b0702
08f4fa0d
0cfc02fb
02040afc
fbe8fc07
04ff03fe
0cf4faf6
06f411ed
f2110bf8
fa05f709
f50400f0
fc001705
f9f30df1
03020600
010001fb
f1ea02f0
030efcf3
ee0a05f7
fff917ea
0608fffa
f804f806
fa0a0502
09fd060c
fbf9f406
0c010bfb
f8040a08
f6e8000a
02fdf608
02f30d0a
fc04f1ff
f30ef5f7
f6fe01fa
0909fbfd
f9f6fefb
ed070412
f6020c03
0807ff0c
03f0f404
11f7f5f4
0608fee4
fafff9f5
010d04f6
0004fb03
090dfc17
07fa16f4
fe0cfcfc
06ff11f4
f50c02fc
03050b04
fb0af9f1
ff0707fd
08fbe413
f9f20ff8
fefd04fc
fe0df8fb
f9fc0ff8
f407fffd
0505f6fd
fbf9fe02
0408f6fe
0e04fcfc
fdfd08fe
fa01f3fa
05ed12f6
fdf40005
0cf7faf7
fe050af0
0ff9f9f7
03f908f8
03030cf3
07f013fd
f6ff03f6
fc1006f5
fbf705f2
02f7f810
fdfff002
f8f9fcf3
140200fd
05ff04fb
1003eef6
fd15fffb
fc10f3fe
f3f0fe05
07f0fcfa
06fe07f8
f6f60ef6
f6f004ff
0107f9ee
fafe00f7
fd03f507
f7fdf1f5
f9edfc03
0105fd10
fdfd01fe
fc10fbf5
12eaf108
f9080505
0304fd02
160203f1
08fe0cfa
09eeff06
04050af9
f0030000
03030e06
fb1408f9
f008ed06
02faf8f1
fff8f906
08f20507
fc01fc03
f5010a0c
f80af902
12f0fc03
07030d01
040a0600
f5fcfa05
110ffbff
fd020104
fff80401
0401fa09
f10cfaf8
05fd0a00
ef030bf9
fb06ffff
09ece600
0bfe1000
f9f702f5
f506f8fe
0efbfe01
fa08f306
05f71105
13f7fe00
fdf803fd
07fe0e04
f6010104
fa0efeff
fd01f914
fe0208f2
e8fe0afc
0bfd0cf7
f80203f0
060b10f8
17fd0ffb
f6fef2f3
02fd0709
0301f000
f80ffefb
fa0f000c
fc080ef3
160dfafd
040304f8
fce81606
0df6fe06
06f018f8
061403fd
fb14f905
fb02f307
fff5f702
fff8f8f8
130e0cfc
fbfbfe07
ff12f6ff
faf606fb
10fd000b
faff020f
f3f908f9
02fdf502
0b0cf508
effcfafc
fe0d04f7
09f308f9
f3f3f7ff
15f7fefc
ff0debff
f202f9fb
f90bed02
dd03fffd
ff05ff06
0cfe1000
fcfdfe1a
f80cf702
0202e8fe
02000af7
f8f90b06
fbe600f9
f3faf6fa
fff3f802
02fcfa07
faf9f7fc
02e4f70b
faf8fb11
05040203
08fc0e11
040ef707
010cf101
ea03f9fe
f70802f7
f904f1fc
f70508f9
04050df9
13f6f509
fef2f3f0
0901ff15
eb0e07f4
05f9f40b
0901ff01
0610f3fa
f3ecfb03
fe04fe11
0a04fc07
070c0611
01f0f914
e9f210fa
0cfe0906
f2eff108
050313f2
03f207f0
07f90812
0101f600
03f3f4f1
ff011a08
f60005f9
fc0af60e
f4f90a09
04fefaf9
ec0cfcfd
0beff511
f10ef0f3
0b0bfaf5
0014fcf7
03f700f4
00ee03ff
fce9f702
0106fefe
09fef803
f805fe06
f60cfcf6
ff0401fc
08f5e8f5
ea180ffe
0608f200
f4f600f4
01150afc
06f0fbfe
0101f30d
16000b08
05f000f8
f0f0f7f6
ff01fcf7
0f0feffd
0afd0009
f800f905
06fbf708
ec13f5ff
f90310f9
eff9e506
1102f10a
f2ff05fe
010000fe
fdfbfbeb
fb0700f6
04f80400
f205eefc
0103faff
f8ef0df6
0806f800
010bf6fd
0d111d06
0ff6fef3
fbf202f5
09fcf002
0aef0200
f3f4f501
ff00fb07
09fcf5fe
fef100fc
fdf0160f
fa0e02f2
06051209
edf714ff
edf4f900
080efbfa
f0fd0df6
f71007fc
13f5f6ef
0df90703
fbfbfdfd
0f0c070f
fbf81402
1901f8ff
0bf30101
f1f7f50c
fbeeef09
07ebf3fa
fffa07f2
0cf709f7
00f80301
0ff9f906
02090a04
f1fe0504
0c0c0007
0d0f11fc
fbf2ff0b
01f7f800
03fa02fa
02fc04ed
07fe05fd
0a05fb03
150bf5ee
fa08f704
f7f406ff
090001fb
0e12f3f4
0004f807
fa0406fe
060bf70a
fafd070c
12fcf104
0808f3e6
f20d0304
f1f1f2f5
06fd0003
10fdff00
030af3f3
01f8fb02
08f5faf8
f7fd0bf8
0903ffff
0a05f4f9
f8ec060f
f71607fb
03fff007
060602f6
04000cfd
fcfb0c07
08f9fb13
0c0ef9fe
fd0ef3e6
13fd04ed
00f1fae7
04070efc
00f9f8f4
10fe09ff
fa040303
fdef05f8
0cf8f2fa
0802f306
0bf6f105
04180908
f400fe03
06f4fe0a
03fc0401
020e02f4
0ff7f9f8
02fb0203
f1f3ea0a
09fe0c06
0002f3ec
fafbf6fc
0003fdfd
fd00fe04
05f612f7
faf50908
00f5f3fc
f50bf7fd
f703fc07
e2f9ff0b
fd070c08
fd0500fe
f0f112f4
f409ed05
0f00fcfb
06ff03f5
e8050d00
0bfbfc05
fefa0efd
f9090108
15fcf611
f6f1fcfe
f8fc0d0f
fdfe0e03
fceaf200
fe0608fa
e901fefc
f6fee705
f4fbff05
03faf4f5
0800fe05
fcff05fc
f502f7fe
040bf4fa
f012ebfc
010e0305
fb05f0f1
0f010609
fc020201
fcf4fcf8
0906f1f5
f5fc03fa
07010501
0d041001
02f801f0
f3f5eef3
f7e10400
12fe0f05
f204040c
06fbfdf8
03000200
02fa060f
fd030801
06090001
f6f2eefe
0406f005
15f9f20a
07f104db
05040910
1ffa1110
0a04f8fa
f701fe01
f8fc12f5
02f0f700
07180bfa
08fa1207
f3fa00fa
f20a1f0b
f7040b00
fe01f903
0dec04f6
080901fe
fbfb01f9
11f400f6
120801f2
0500f1ea
f2fc0707
091302f5
f301f9f2
fe010af3
f506fa07
0b1206fa
f50cf70a
f30e0414
021308ef
0ce301fd
f90113f8
18020a11
fef9f918
0b06f700
0d050bf8
0302f3f5
0d0b1014
f6f8160b
07150cfa
0c04010b
05eefce6
ea020bfc
fbf3f8fc
08fe010b
ff07fc06
fbf1ff09
fc1407e7
0efa0dfb
ef0cf908
f9eb040c
0d0a0011
0801fa09
ff0af7fb
06f71206
0001fe08
fc0d05fe
f305f003
fa00fa14
05f3fb02
ff0ef1f8
f00bf804
02fbf802
08faf300
fef50dfd
0ffc1605
05fcfc09
f2f31002
0c0df8f3
02fff800
08ff0f08
06f4fc09
f60009f6
f404f20d
f6fdfffd
dc0402ff
ec09f2ec
04010a02
0601f30c
09f9fb17
f8faf908
02fffefe
12ff07f6
04fd07f5
fdf0f607
fc060afa
03f9f5f1
040a06fe
f5f70b0c
f601fbf4
fafe02f6
0bfefc07
faf0ef04
1c020afb
f716fcf8
02f0fe01
fcf3fa04
fbf7fafc
02070af9
02edfa09
0af104f0
10fc0703
0efb09fc
fe04f809
f6f9fffe
f4f00d00
0600fdf8
f2f806f4
fb19f80e
0414ff0c
020e08ef
02fffcfb
ff030916
f8fdf00c
0201fdf7
0b0a070b
fa02ee0a
fa07f80e
f20ef710
1001fdfa
14f7faf9
f4f9f9f6
f41402ee
ff0302ff
ffffe000
f8070501
fbf8f505
080dfffd
0905f6f7
0301060f
02fffb04
0201f8f9
07eb00ef
f40508f9
f8fcfeff
030406ed
03050113
fdfd12f9
f20408fe
f9f901f4
faf805f9
fb00fd06
f4fdfa0a
faf30105
f5fd08ff
030ffff3
fc0208f6
faff02f6
05f0f704
0dffe507
f200040b
faf8fb00
f9f7f7ef
0608f502
0efa03ff
0cededfa
04f607f6
0220f904
f5e90201
f8f90406
0014f303
03ff0d0e
04f2fceb
09ee15f3
ff12f8fe
0e11fe0d
fdfc05fb
10f808fa
f8ec0b03
0cf90bf7
f8f805f0
09f305fe
fafe1505
f703f90b
eefae7ff
fe1008f6
030008fb
fcfcfbfc
fb0509ff
0105f305
0cfd1503
0cf90e01
110dfb01
000406fd
f8f50308
f7e808f1
10fc06f9
ee0cf7f6
faf705ff
0d09f2f9
0af1f90e
03fbf802
18f7edff
f5fe0a08
00f7fcff
04f9fa05
fefb0203
000200fe
070ffefd
0a05fc0d
0603eb0d
06000a0a
0d0a0904
17fdf815
f511fdfb
0eeff805
0504fefd
fc0d0cf9
e8fdee00
020206fd
fe0b0908
0ef2f300
e9f8f3fe
ed10faff
fc04ff05
fc0af514
fff5ecfe
fd08faff
f3f7f7fd
07f801fe
ff09f9ff
050307f8
fdf6fa04
f2f800fe
fd0bfc0e
06120006
080000f8
ff0ef000
f5f501fd
1cf40b04
fdfbe7fd
0c0608f9
ed01f00a
05f7f50b
0bf3f6ed
fbfb030c
fff10303
f9fafafc
fdf90cfc
04fb070b
05fefbf6
01fcf9f7
00f10905
fff714f8
08fd0503
fefc0bff
04f8ff03
0bfcfe0e
180502f0
f9f50900
feeb0df4
080b0805
de00fef9
f9fdfdf8
fff9f1fc
0705080b
f1f7fbf5
0205ff02
fc050dfd
09ed0c08
f3fa0308
02011609
07fff3fc
fc020202
f110fd04
fcfeeffc
edfb0f05
fa0a07f8
f5fd07fe
0003f50c
fd10fde9
0b0df904
0911f901
f800f80f
130303fa
faf90df3
f4e6f914
f709fe08
0b0cff06
05fc02f1
0afb03f5
fd0f02fe
e70803f7
f604fbfd
040002fe
07ff0619
fa050e19
f6fee9fd
09f7f9f7
f7ea0c01
f70ef90b
ed010afa
0a030901
f20501f7
0713fafe
0700faf9
f10901f5
ed0402fc
1205f807
e9f7000c
fc0cf800
14fc07fe
0bfbfc0a
fcfc0202
f7fc0907
fdfa0100
03f507fc
0507ecfc
fe0d0bf7
09fe0d0a
edfdf504
fe020305
f7f91008
010c01ef
04f3f701
03f2f9fe
01f9fc01
060400fc
efeb01f3
16ef0311
03f5f907
04f8f6f4
05fd00fc
0f030a08
01fe04f2
0112f6fb
08f90217
0afcf7fa
160402fa
16f60eff
f6fb0802
ff040008
fef00a09
fdf8f608
0a040400
0df60905
08fd0a0b
f4fefaf8
0df70202
190202fc
fd02110b
fa02f916
030200fa
07fcfa08
060a03f8
f915040c
0a0906f2
0813ff16
0ef508ea
09f90208
faff0e05
02070af4
f80717f9
07021afd
0b0b01fc
ed00f905
0af6020c
fbf80809
1501fdff
02ff1000
12f8eefa
fd01fb04
f803fb01
faee0d10
fbfc09eb
00f304f5
17e409f4
040a0809
f1060efe
06f304f5
031afcfc
fb0e04f7
080501eb
0b060206
ef17ff0e
020df5f6
060800fc
060a04f7
f3080df9
e8fb08fa
04f0fb08
030b03f7
fcfdfb06
fdfbf90a
fc090806
0dfc0802
fbf3fff1
07040203
06ea0904
04040efe
04f0f806
020902f2
fd180d0c
ecf3f3f6
f8fc0607
ff0ef6fc
fcfdf8f5
ffeb0cef
ebf00100
f8070210
fb060004
ec0606fe
fcf30109
01fef7f9
ff01e9fd
050bffee
03f70312
00f40b00
fcfef80a
0901eafe
00020d01
0bff09f7
f40ceb03
0ffc1112
0d09050d
100500f9
16f1ff04
f9fb0afa
f4110801
fb0400fe
05f1f101
f2f7f608
031104fd
f60cf9f2
f2011604
fbf9f011
f503ffed
0c0b0006
0f0300fb
0105f6fa
060515fc
0a0df6fc
0b0dfe09
03f8f105
f9ea030e
0100f309
f8fc0406
07f2f8f4
fa02fe01
fefa03fc
04f5fffd
02050bef
f3040cfd
fffcf6ff
fa0501f6
f1f5fe0c
0d04f8ff
fbfafb00
fd030b07
03f9f9fd
09f9f600
05f90905
0807f8f5
080608ff
f90b04ef
edf5f7fc
fa0510fa
fe04030d
f80712fe
02feff0c
0502feff
01fd0002
09e8fbff
0207fa04
0f080005
0a0b07f8
fcf101fd
06fe07f5
0efef8fc
06fa020d
07ff090b
f4080af5
0d0710f8
f5fb0f01
05070ef6
ee0806ef
fe11f4fe
fe0af603
0809fdff
f3f418f8
f109eaff
080f1401
02130a01
f801f2ff
f007f9fa
09e9fc0c
fa04f509
000605ec
f7fdfd08
f3031102
1101ee0f
0b0d0102
fb01f6f3
04f7fe03
10fdf8f6
00f90406
fe0f03f9
fe0818ff
f80af6fe
fd0dfded
ff05f80d
06fafa03
f3fe0a06
09effe13
0601fc0d
1214fff2
0c030bfb
03100204
0b09fefe
0b0704f5
f9f50402
fe010cf5
fdfa000c
100bfaff
f3fe10fb
fcff0704
f10ff312
ea020f05
0415fb02
0d060df5
f0fd0afc
fff7fd0b
0c0a0b0b
0103f802
01fa000a
01f3f903
f000f0f9
0afafc0d
fa060200
06fafef4
f50a0e03
faf40303
f40bfbf0
fef102fd
f5fe05f2
17091610
06fafd02
f30805f9
effeecff
ff050c06
01fff8fb
fdf70c00
0007fbfe
f9fbfc02
0804ff01
0c0cfc0b
00f50e08
0bf3fe00
ff010513
03feff12
03f30ff7
0cf609ef
f40d0712
f6070ffa
f7f6f10b
f7f90bf7
0905010a
06f8020b
0af306f6
e91001fa
000af40b
10e708f9
ff0a180c
f9fb0b03
04faeff5
06fc0ef5
f3ee08fb
00f2f7fe
fd06ff08
06ed03fd
0515fe03
fcf8ff09
f70ef60e
01f204fe
f2fd0cf9
04fc0a01
09eefdfe
f7fe0804
05fdfe07
02040404
ee00f8fb
06fff8f6
fa040905
1503fe09
0309e8fc
0af804ef
1100ff05
02f0feef
05000015
f3fefbfa
09f4f607
f80900ff
fcfdfd09
0115edf8
fa092202
fe09fe03
e7f9f7f6
10faea02
0afa12f7
fb0a0bf9
f8f909f0
02f3fb04
0bfff3fe
05f4e005
fb0bf4fd
01eefd08
06fa07fd
06fbfd05
f904f8ff
06080e0d
030108fa
fd05f40c
f7f2fb08
0dff060c
0af30200
f6fc0cfa
fc10f205
faf9fa06
07110508
fb000207
05fe06fd
100109f2
f31af8ec
0a0b05f9
f503fe06
0c040605
fc020ded
08f5030b
f300f2f7
00fe0904
f307fbf7
01f6090b
fe010ff4
f5f809ef
04f50cf7
f80707fd
fff105fc
edf2ff06
f8f50606
fcf80908
0efffa01
0a021002
00f000e8
10020404
f9fdfff8
04f9fb0c
03f1f70a
fa06f104
01100304
f5eaf002
f6fd08f0
faf30a04
01f8f616
00ef01ef
050efd00
f800fb01
ffffff0f
15080203
f905f909
fcf2f908
0601f808
f608f7fe
f506030a
fc07fa04
f8051003
0505fb0b
fdf6eefd
0107ff03
f80405fc
f8f5fe16
fbfbffe9
fd03feed
fe0b0702
fc04f500
f602faf2
f8f603fe
f0fcfc10
f906fe06
05fef911
16060404
0ef802f4
e907fdf7
f6fdf7fa
f50c0df7
f2fd0809
f8fe00f6
ef040f0b
07f60b03
0301fe08
12faf605
f910fcf1
0b090f0d
fdf50bf7
04f2e801
f2f50912
0ae40105
f6fa0403
02fbf9fc
fa0e1706
f6fefafd
f2fbfbfd
04f808ea
05fcf4f7
ffff0bf7
030820fb
050f08f8
041106ff
f5fdfc0b
fc0d03ff
0e0605fd
f50212f5
fce5f00e
ff0003fb
f412fcf1
f701e90f
fef901fc
00fd0106
f80b0ef3
02060203
f904f5ff
02fd1408
f201f60f
160a0ff4
08f0f9f9
f406f6fa
15fff6fa
fd0b0705
f902f015
030bfe02
efec0a03
04faef06
010bf3fa
fcfa00f6
0aff0cf8
f41300ed
ea0af902
0dfa07f5
f7050202
f5faee04
fa0c0500
05000afc
fceb0408
0a0508fb
fc060e04
05061005
0201fb02
fbf8fd0d
f51e0903
06ecf9f1
f8fdeffd
03f5ff05
edf5f009
060ceaec
fb0303ff
01f4ffec
06f5faec
f8f30e0f
0314fe10
fef80ce7
08faf8f8
fcfc0507
faf808fd
04100105
fafaec0a
f1fa00f3
0d010ef3
f6fcfef1
faf5ee12
06f6eef9
f2f8e2fa
fbfe0b09
fd03f505
050af8fc
f3f91104
110301ef
0d070a07
0a0e0af7
fdffee04
00f709e9
f80f01f2
1505020b
0401fa09
00faf3f4
0dfdfd03
0303fa09
f708feee
02ff0800
0204f504
0800f403
0302f200
fbfafaf4
fdff0305
13fefb06
0bfefcf0
090406fb
05f706f2
01fc1408
16fd08f7
0b0dfa06
fefdf0f7
0b05fc06
08f90602
f4fb0101
0908f90d
17fe0409
f5fa0de9
ff010dfe
f40bf3f0
f1fbfeef
f9020202
15fa0f05
09fc0dfd
03fc12e9
0210f0fd
01f903f4
04ea0706
0e0df9fd
09f205fe
0b0cfefe
f7fd0801
0002ecff
0500fc02
060009f8
ffedfc04
0307f103
f000f9f2
0b09f001
00ee0bf3
031205fe
fcfb0904
f80508fe
0e02f6fe
fafffdf4
fd00fffd
f8f7faee
fe0f08f7
f70dfaeb
0806f5fd
0405fd12
fd04f8f6
021f1710
f200fdfd
efec0004
0009ff05
04e8f802
0110fe03
fbf80100
feeffcf7
f8ff0703
0502fffd
050cf3f8
12ea0806
1604fd00
edfb0916
080a010c
f7f20de6
10fefa06
f8fdf9f7
eb080cf6
f2080d02
ff09090c
0ae4f408
080bffff
fa0f09f1
0bff17f4
faf913ee
0816fc12
eff6f507
f8ff0a04
f8000402
0a10f712
f805f502
0aef09fa
f80b0703
030afffa
01fe0504
0105faf9
fefaf511
0cf306fb
09fa0aff
04e80500
08fbeef5
f5fbf409
edff0a08
f00501fc
f9fb0604
01fcf60c
12fd12f3
0204f4f9
f2080500
fb0a0208
f6fcfcf2
fe0bf908
f8040003
f5f510f9
07fa0309
02f30407
fef71401
0001040a
f8180bf8
fde7fdf3
02fcfef3
fceb04fd
0b0ff1fd
03070b05
f6ffeffd
f7f0fa0c
f4f7fbfd
1814f1fc
e0f5010f
fffc080b
f8fa0709
12fff3fc
0a0016f3
0c05faf8
f2ff060a
11fafc0c
ee040cfa
06f00a06
02f3f024
0605fc02
05f905f5
180c0cf7
0700f10d
0a0100ef
03faf3f0
05ff0306
0cee01fe
02f60dfe
09e30500
11fd04fc
f80efdf4
041206ff
f9090bfc
ff06fa08
f5fdfe07
01f40afc
0bf4ee09
0cf9eef8
f402f50c
fefffaf9
faf0fee6
fa0b07f0
fa0cf509
eefff8f4
00f10104
07fff0f5
000603fe
f307fb09
f5fc07fe
f6fb16ff
fceb0a06
fdfbfff3
0805fd06
f10d00ff
0003f20d
f501f1f6
f50fec09
0df40307
0c0407f4
050afcfc
10fcf707
02fa020b
00fe02f9
0ceaf708
03ff0e0c
06f4fe12
07090407
f6fe04f6
02040300
f2030418
0004fbf8
03f6f9ff
0500020f
faf90009
f6eb0c05
01011009
f204f800
1ef90df2
f8f8feff
030bfe0f
10fdf6fd
fefcf9f8
0bf0fb01
07081010
05f80bf4
01f6e9f3
f5fdf5fa
ff05fdf7
f8f50b06
01fefafd
fbf3feee
fc060710
00f20a03
fa130404
f6000e18
06f60bf2
03000504
fcfffcf8
02051903
fa0007ff
12f70206
0df5f1fe
0304fe02
ec020200
fc060306
020bf2f4
fcf8f6ff
08f70a0e
e90712fe
0b0efd0f
f900fbfc
06ec060b
ebfd03ff
0902fcf8
11f6fbfe
0d070418
fde707f9
0df3f4fa
00f1fc02
fdfcf902
10000af8
05040300
f90af501
edeefc0d
0503fafb
fc06fbf8
06ee170c
ecf5f4f5
eef80a04
fb19f904
050df513
11f10613
03070913
f9fef30b
02fef7f9
0cfef507
f30afd02
0cf9f609
eaffffff
010903fb
090a0103
010306fc
f9fb00fa
fc02ecf9
05ff06ef
001713f9
fde9fc06
fdf4e302
00fcf10b
0809f7f1
fd0a0309
0c13f002
0dff0507
0001fbff
f60500f4
f10ceafd
0c09e706
fbf60c18
07f00109
0100f80e
09f5f8f9
f5ef00fa
051a0013
05f70300
090202f6
fe0d06f7
e2fcf7f3
10f8f202
f2fefdf5
0d080105
06f8fef9
fcff0604
060900f5
f2f80403
0400fff4
faf70ffd
fef30cf7
ff0306fc
f5020802
0605fffc
14fb0117
eb12f4e2
f90bf705
f1060a06
fc08f207
07fcfdec
1207ea04
1506f308
fd010d05
ea0312f9
05fe0810
fa0dff04
0ce80109
060b0211
03fa00f9
0b08f502
fef802f5
00fe0412
07f5f405
0503fffb
f705fd0b
fbef0f03
fee8f6f0
0009fdf8
f50af1fb
04f715f1
f7f70207
0a0beb0b
0ff9edf9
0cfaf8e5
00fb07fd
15f508f2
fd0311fc
0604f910
0708fefc
fa13f508
0c07fd01
0a0dfd04
0c03faf6
0609f606
e8f7fee7
f2f406f6
fff5f004
fe0604f7
03f3f4ef
0404fffd
11f9f601
01001e01
fd0100f8
08f71100
ecfb0e02
13070209
fafafb11
ff1313fc
0f0e03ff
0b0d0b00
faf9f3fe
f51313fc
06f40402
03010df6
f40e17f6
0101fafc
f808f805
f40d00f3
0a01fcfc
ff090306
0502f0fa
15fdff14
f8f11b0b
07f604f4
fbf8f4f8
1b06f4fe
07060301
e90807f0
08f701ec
0a0c0c06
f1fc01f6
02f802fb
12040dfd
f9fc010a
ecf4f8f2
05e90a00
fafaf40f
07fe1300
ff130a0f
f306faf6
100a0e02
f2090600
fefb08f3
f40a0efc
0302f1f2
06040202
0b05010c
ef0403fc
fc01ed0c
02f81213
0f0ae7eb
fd0c0001
fc02040c
08f7eb0c
ed0308fe
0305100f
faf4fb06
f70af601
f608f40a
0302faf5
fdf8f9e6
fc00ff04
0e0df80b
0214f1f7
01030203
f90009fd
f9fa07f6
05f9f9fc
f4ffff09
fa0510fb
f71609f2
fc1018fe
f8ff08f8
040df4fd
02ed06f5
08f00307
0f19f1fe
f9fc0eff
ff19f4f0
e1fffdef
0304e8fc
0cfdf7fa
1104fff8
0c18fe02
f3fef900
01fe070c
f8f20609
f9f91604
e8010102
fff3140d
06121107
f70800f8
0400fa0d
f41204e9
f20a05fc
fa0404f2
f810feff
faf7fdf7
f3ee0dfb
0cfdecfc
11fc13e6
0cfae602
011804f9
fd17f5f2
000a0a06
f6f9fdf1
f913080b
f8f80907
f00e0e04
faef0bfd
ff08feed
f6f1f7fb
fdfd13fe
eb0809f8
12f0070f
05fafef8
fbf411f8
0ffb0904
fb01f9f5
01f601fa
fd08f4f2
fff6f6f4
0ef7fd0a
08fef804
f7f50f0c
f30108fa
f4fdfafa
0603e1fd
01110ce8
e40502fb
fe06fbf6
f70cfa08
0202fdfe
f5f10e07
030508f5
e51aff03
0a050bfd
110002fb
fd060306
f30003f4
02fff8f9
f5f2fb00
03fef1f8
11080704
faf60a07
01fb0cfc
0601f8fb
e8f5030b
0007f507
0a04f305
010bf507
05fdfefc
fcf1fd05
030508fc
09fbf4f1
f4f30404
fc0c0dfe
07f90202
07f1000c
0707ff02
0f09fd02
f309f2f1
fffef0f8
090a0811
021006f8
01f60702
0309eaef
030e00fc
08f30807
0b0705f7
fefffe0d
feff09f0
fef70301
05000b02
fd12faff
0d0403ed
f608ff0b
0ff9f7f4
0305fefd
0001fafa
0b010411
0bfefe11
f709fc0e
ff061ef7
0b1100f2
01fbfdf6
0404ea04
fbfd0301
fceb18f9
fcf80cfc
f5fe0109
f5060df0
09fd04f1
f911f4f2
05020c00
f6fe0d09
0907f20c
fe030bfd
020100f3
fa070efa
fa0ff7f7
020c15fe
f8080304
f407f004
f902ecf5
fb0a02fb
050401f9
fd000bf4
f702f8fd
11f1fb09
f70202fc
08fd0dfc
050b0ef3
0a020bfc
000dfefa
0a150d02
0cf31dfc
fffc0708
0500f309
0110fcf7
01f30b11
ed07fcfb
01ff0300
fcff00fb
ff0d0004
fd021107
fdf802fd
0409fe04
03fdfffa
050ff501
f5f20df5
f9010fff
0f0704f3
ff00fffb
0008fffb
f3fb07f9
0d00fb09
fcfdfb04
0cf501fc
fc01f804
fae9f4fb
0cfc0604
f7fbf8ef
0e11fcf0
fff1fb07
f804fa09
13fff602
050d070c
fd01f305
0bf6fbff
fefb0afc
030ef7f9
fd0105f6
f2fbfe0a
0c0500fb
fe02ee07
0808f909
13fc0203
fde7ff03
020b0f09
070809f5
16fc0404
fdf80317
efe608f8
060200fe
fff0f9f7
fafe04fa
f7ffff07
050d030e
f10b00fe
05f5f5f6
02f6f702
01ff01f5
06f3f703
00fff9fb
ed031209
f40108fe
03050c03
011a0a00
060ef3fd
fdff0109
010dfaf6
fa0906fe
ee070e0d
fb0af000
fa0e0209
f6fb02fd
0a071508
fb01fe03
0efbf5f6
fe0af6fe
fff1eff7
0af5f307
00fc09f5
1bf8f20b
ff0108fc
fdf3f700
01fafb06
0504f5ec
02f3fc00
0a0610ec
0000f515
07f0eefd
00f703f4
fffc0213
ea0202fb
0efe0b03
fd050f08
f300060d
0e040906
fc010201
f7fe17f3
1000ff06
0b0af60d
03f2fcfa
ff08f5fe
060c01fd
030b16e7
06f1f005
fb130300
fa0cf801
ff100301
fefa06f1
04fdf605
ec020209
eef002ff
09fff5fd
03fffe09
02060ef1
fc1b0100
08fe04f8
0afcf8e7
f4fcfffc
070a0115
f7030a03
0610feef
fe07f807
f403ef07
0ef00805
00eb0bf2
06f90507
0cfa0ded
faf50a05
0f010ff6
000eed0c
f000090e
090d0905
0af70af4
f90304fe
06fb0406
1109f715
06fc07fe
0f090411
fdf107f0
f3f6fb04
001014eb
0500f6ef
fff9fd15
0ff6fafd
f304f809
f703fb08
070e0208
10ff11ff
f9ee0100
f907f109
0d0402f6
00feecf1
08f1ff00
0a0a03f6
08ee0611
060502f9
fa0311f6
00fa06f7
03ff06f0
f20312fe
0ef7f3f3
0c14fe03
160a02f8
f8050c00
fafefa02
fdeff0ef
15f30607
0911fff5
05eb02fe
f2fd03f5
fff7fe05
050607ff
fd0efffa
0809f607
fbf9f807
e604050b
ff01fd06
fd080200
fefd08f7
f6080405
f2f509f1
00f90000
01f4fdf7
0412faff
fbfe00f2
f0f40c0a
00fa05ff
0404fffa
f7f2f3f5
fcf9fdfb
0af60e03
0009fdfc
eff00007
0906f6f4
06010603
f8eef9fa
06fa0408
0d0bf607
06f6f3fa
06000814
0df40205
0ffe1405
fb020cf7
f307f6fc
f3100c04
ef0f0404
0ae1f100
0111fdfd
fafa0002
1108f70d
0bf6eafa
0708f5fc
0410f604
03f4e7f3
f5ff0bff
fc0d0416
f8fff401
f1090007
f4fb0e10
fef6f30b
04f60d03
fe010009
17f900f9
fbfe06fc
f109fd04
fc08f2ee
fe0cf90b
00030107
f31000fa
ffea01fa
0cedfcfe
fef8f9f8
01f6fc02
f5f7000e
fe03e6f9
09fefbf1
12ff050c
0901ef0b
ff030815
1910fcff
fffe0f09
05040700
13f6feff
05f0f003
10f5e803
0eedf3ff
021af3ff
ef0d0905
fafbf3ed
02f5f0f3
04f3eefe
ef080c0e
f9f906fc
130f01fa
01f8f6ff
f112fb12
f9fd080a
fff70fff
070cfc01
fa000708
070209fa
1507feff
15fc02fb
fdf007fe
fdf10301
fc0b1108
fce70af2
f80efcfc
f0fefc00
ecf4f7f2
01fffdf8
121311fa
02f8ff04
08fbf800
f7010901
f700080a
01f20604
fa020c06
0d02f7ed
01020200
0b05f30c
f1f103df
01140104
fdf01006
f600fb07
0d01fcf6
05fefefe
f6fc0ff5
02f9f9fd
fb03f2fd
fdff09f6
0a07030e
fa0903f9
fe00100c
110404f7
0bed190b
0502fd00
0413f706
0001fa06
f208feee
f8f4f8f2
0206f504
f702f909
f3ff090b
f9faf1fb
f9f9f5ff
f9fdfdeb
f602fdfc
04000af3
090915f1
09ff0cf8
0e00110b
f0f41504
05f413e7
0506faf9
fff80805
00050fe9
05f60c0a
13040202
000ffdf6
0014f9ff
0e06edf0
f70603fe
f0fbfbf9
05020202
0d0aff04
f802fafc
f2fb030a
f8f6030c
fce403fe
1ff2eb04
f607f205
09f912fa
f21006fc
08fb07fc
0d0105fe
f1180300
faf2ff0a
04f902f9
fa00fef1
fef405f3
0d1211f5
00f9fc03
fff60d0f
07fd0400
01f90cfa
03fe0afe
04f3fef5
0bf302f9
fcf4fffe
fc06f605
fb11f5f1
010efbfa
0d150c18
f902f300
ff0207fd
0e03f519
00ea010e
080af4fe
ff0cf8f7
01f502f7
0b081710
040505f3
050411fe
0c02f6f9
0ef8f0fb
0502000a
f2fbf90c
02faf5f9
0af3f700
0b00fefb
01fd0308
03f80b06
0a0ef30c
11feefff
05f1ec12
020bfdff
09e4fffe
0e0a0603
f9fe04f7
f60b02dd
fcfe0c05
08f8f103
fd08090b
fd020dfd
09fbf907
00fc0f00
0706fa0a
f8ff0a07
f713140b
06fc0b05
fefe0502
f505fdff
fd000500
f0fc08fe
04ff0403
fe0c06f5
fe090703
0704e7fe
f3010209
03fc0808
fb0407fa
fce60105
f403f10b
02ec0004
1bf4f8fd
fdfa08e8
fff10704
0803fb07
fa08fc02
08fffdfe
fffe04ff
080d08f6
fe05090c
fa020104
03090bfc
0318fb04
f7160702
0a04080b
fdf5080f
eef9f1e9
f8fe080c
010bff09
f8fe02f5
0bf8fd03
0dfd0402
08fcf8f4
1414f708
100feafc
14f1ebfb
0a040407
02faff05
0307f8fb
fded0710
f2fdf801
040ef5f8
f70afbf4
0f100103
01ff0a02
07fd0001
0305f2fb
fc0b0304
061af5fd
ff17f0f6
fefef4fa
0408f6f3
0d0afdfb
f60d0afa
ee1a0804
02fd0205
fafeeffd
041407fa
0c0af7f6
e20df2fe
040a08f8
fcff0203
09f206fa
0ae903fd
0e0900f6
080f0604
0d041606
0303fd11
fa050b01
0a0cf8f0
03f90003
fdf5110b
f6fd09fb
0102050e
09fc0f08
f80118f6
0afe0705
ef0b00ff
f00707f4
fb03fe06
0ce11202
fdf603f9
fafdf4f9
f7f607f0
0c0b0502
eef8f60a
07f6fb03
07ff02fc
0305f606
fefe010b
0800f9f2
110f03f0
f6f5fbfe
f6f604ff
f3fa0816
020c0e04
fb0df408
0912fcfc
0e19040b
ebfe0dfd
eff903fe
ff031407
07fe0d06
fc07f800
0501ea00
02f81201
0bf413eb
f40df808
ee0b01f4
08f507fe
05fafcec
fffefefa
0e04f9fe
04f805f8
f5fb0501
05f701fc
06eff006
0304fbf5
fb0dfe08
00f60103
fbfe0309
12f60e00
0106e5f5
040ff702
0119f9fa
0cff12f7
041207f3
f808efff
02edfcfd
ff0700e6
ff02010c
08080e07
060408f4
fd00f906
f00b0f01
0dfbfc03
f9f80a00
f7f80701
fd04fd09
fb01f5f7
f504fd01
ff0cff02
03fef7ff
fe0f04f1
01ef0802
04fee9fb
0bfbf6f2
06f3fefa
f7f70efd
eef70101
08031b0c
fc0d02ef
f3f807fc
02f2fd07
feec1108
010009fc
ffe9f5ff
0706fe05
00f4080a
ee0a09f1
02fb0407
0708f403
f4f00303
f303120c
0af1ff01
0ffefa03
000109fe
0af9f005
fa09fbfa
01f610fc
fc080cff
070300f6
ff0400fd
0fef14fc
ffff0ef3
f1f6ee08
fbf504f6
f8fd14ff
1208f505
06fc10f6
e6f9ff08
fafc051a
fa0a0700
eafbf402
100ffdf3
fafff2fa
000209fc
f0f6faf7
faf80df7
0df9f8f6
050af9fd
04fc07ff
070200ff
08ec1201
0ffb06f5
ff02fb07
fcfe03fe
0ff3fe02
0dfcfdf4
0f090202
06f6f901
faf5f4f9
05050a0b
030515f6
f2faf30c
eff60803
040e0cf8
fdfdee03
06050300
fe070a0d
0bfd0508
03f005f9
f5fd080a
0ef00c03
04f20307
18ef02fe
06000502
00060307
f6030203
ff0404ed
00fdf50a
00ff0cff
0e0efbfa
0c05f1fb
ff05f5f2
0308f9f7
0b02faf3
1208fcfc
f8fd0efe
0c02fdf7
fff600f9
000cfb04
03fffe05
0109fc07
f601ee0e
0a0bf5fc
f3fc0b06
f80806fc
00030703
f3f7fafb
0b0f0503
f601fef9
0406f50d
040e0cf9
f805fd06
fce904fb
1004fff5
0d020618
05fe05f5
0cf9f9f3
000901fb
040f05ee
ef090303
04f3040e
fcfaff0a
f509f6f5
07ff0809
fef3faf9
fdfc01ff
fb05fcfa
0cfe0706
00f4fcea
f802fc07
effa05ff
02fa0ef9
fbff08f4
f8f8f8f8
000f1007
f2050df6
f10df50d
0a02f601
f1fe0700
08f9f7f3
f30d0f00
09fdfafd
f30a02f4
f8fbfffa
f90809fa
080600fa
f50d08ed
f303f5fa
f9080f08
f9f9f81d
fcf70205
fdf803ff
010501fa
fef00104
fafb0506
0d04fefd
070b000b
0f1105f2
f3faf902
fefa11eb
fb000612
19050803
0b1008fd
fefdff0b
0201fdf0
eb05f0fb
04f2fbf5
0410fc0d
00fcf90a
0d1a0002
0210f708
f3fe06fd
f0fc0e13
0004010c
f505faf9
030cf20b
04fc0505
fc09ff11
05f4f800
090cfaf6
04fb0107
09040afe
fbf80309
ea13fe01
f8fd08fd
0807f7f7
f8f1fc08
ffee0406
fcf1fd0f
f204f8fa
07090407
11fbfc07
0b01031f
fcf201f4
160dfb0e
06f9ff0c
fd1600fa
030c0102
01030705
fefc02f4
fefcf703
0403fc06
edfd02f9
0701fefc
11fdfcf8
e9fbfe10
fcfcfc04
06ee07fb
ff0bf800
13f7f508
f7f80c0e
05ef0e00
0c01050f
fd0809fe
0009f00a
0209fb0e
04f4f314
00080904
090709fd
f8f10a03
0609f506
11fdfff7
07050cfb
0bee1903
0ff4010c
07f509f1
f1110101
f609fcf4
ef01ff01
01050701
f504020a
00e70bfb
f80900ff
f3fefaff
120405fd
020103f4
fd07fbf9
0302fa08
fe0b01f4
03fdfafa
0210faef
05ea08fd
05010af8
09f1fc0b
0b050ffd
0f0208f2
0fe9e0fd
0003fc07
03f8ebfc
fb000a01
0ff404fc
05fe0804
0206f804
06041502
ed08fbe3
08eb0707
f8f50c04
06070101
090303f6
0ffae70a
edf8fe01
08fcf006
f9fefc00
00f5f6ee
010d020a
f9f90ff1
09f904ff
f500faf5
10f5f907
00170a05
fcf7f0fd
1a020905
06130e10
f80a00ff
0bf70bf9
f90601ff
f308ebff
f7f80809
fdfd06fe
fd050cfc
0f00fb0a
01030603
0efbf4f0
14f815fc
fbf70cee
0a0bf217
0c1502fa
f901fbfb
0702f409
fb08fd12
0dfdfa13
0f06fe15
f700fc08
fc0309f8
fc030210
f509f403
0bfdfefc
eff7f00a
fefb0901
0111040a
110bee05
08f4f6e8
eef6f907
0509fbfa
f50a0111
fdf5f608
fdedfeee
f4080306
01fb04f7
fbeceef3
03fb0b02
06fef2f8
f90309ff
0802edfb
f7f106f3
f10bfc02
05f7f3f8
f0020400
000706fa
f9f9ee0c
16fc0007
fe16ff11
0a06f708
0210f302
f8f6fef9
08f8f001
10ff0bfb
020dfcfb
01f215fd
f6f70a12
0a09ed03
f1fdf905
f7f90d01
0ffe03f9
fffef2ff
14fcf603
10f1f906
f801fd01
0d060d08
f104fcfd
05050201
020cfb0c
04fa03ee
07090002
ed02fefa
05170403
0af50719
fd05f80c
15fa0f12
f6130901
0cf8f8f8
f6edfff7
fcfefff5
f513fb03
f20f0204
05fbf201
fa04f3fd
fffafefe
f40cfbf1
effe0700
f8ec04ef
f9090606
01090209
100609fb
fbf1ff00
03f90cf7
fff0060e
fc1a0702
1c0b0312
03010a0e
f6f8f702
0aff0317
ffee01f8
fff8f400
fe0f0efb
051200fe
0401ff06
f4faff05
00e8fcff
0a16030c
fef9fb07
f60d0206
0cee13ff
0912fe18
e718190e
fcfe06f9
03fdfff7
04f2f8f5
02fc04f6
0c0be8ec
f5f203ff
ff0e0106
0af00701
0514fb04
080810fd
f70cf4fe
0dfefaed
faf9fa08
120dff12
0af1fe14
f50311f5
f609ef09
0306f2f9
fbfa01ff
f4f1f915
09fff2fe
0dfbfefe
04fef2fb
ff01f908
ee0bf4fd
fc03fd01
fef1fbe7
0d0cff0a
03f7f50b
f7fb02ff
12ff0908
f511fb00
0dfc1201
f9fa0afa
f40106f6
f60301fb
070cf914
000c060c
03090309
f2f2fb0e
fd04ed00
e8f6edff
0b08f210
fe06f613
f4f3f6f7
f7f5f302
f9060e02
02efebf9
020206f3
effbf401
fd0904fb
f80af5fb
07000902
060cfdea
04080805
00fefc10
03fb080b
0bf900ff
03f90b0b
080bfcee
050902fe
e6fa080f
fa090cfb
0508f5f9
080cfe04
04f50501
f5fc05fe
f2f002fe
0df71bf8
eb11e8f8
04f312eb
f3fd021a
0117fd0a
f0ff0b02
f900fb0c
f5071504
020700f5
0205f4ff
fb0800ee
f7fdfcfe
03f10507
030d0004
05f70d07
04030c03
fffafa05
11f70dfd
fbf90700
0900f005
ed1b05fc
f10802f7
02060aee
f70afdf8
03fafdf3
fd010902
030ae603
ef0307fc
0101ff28
0004020d
f603f801
030f06f4
15f90b06
0dfaf613
fd06f900
06f80cfa
f4010cfd
140bfd01
021103f3
030e0205
fb090a09
08f905ff
0dfe04fa
f7000601
0909060e
fcff0c09
f201fa06
070705f9
ff0af1fd
fa00fefb
120bfbff
0205ed05
0af000fd
1303f4ee
110814fa
fef90800
fbfffc04
fcf70009
0f0af209
f60dec11
05020905
100806f9
08f10dfb
020bed00
0affebf3
04f905fb
15e9fc09
f102fe09
f8f001f9
effdfafa
fd0bfaf6
13f908eb
07010a01
f104150e
080ffd06
f9011102
faf9fef4
0dfff40d
fafffd1b
ecfef40b
0708fafe
f6f8eff6
f1fbeffc
050d0609
0208f4f4
f9fafe0a
f80206fd
04faf9fe
f8020103
00f91305
fa0107f7
03fdfc05
1f0805fc
12ff1202
0bfdfef8
03fb00fe
16f8130c
0efd0201
f6fe0e08
04ed1019
0503ff09
f0f301eb
fe1602f6
effc1314
ee07f1fa
011101fb
f6f000ef
140105fe
fb0c010f
fd01ff03
fd00f0f2
0cfc04fc
fa0002fd
00110af9
f0fef8f3
fbf10cff
e613ff0b
ff090e11
f906f601
0700fefd
0c06ebf7
f10400f3
070d0108
04040906
ff0810fd
fdff05ff
fbfaf2fe
01fcf009
080c0506
f7010ef5
f8f9f606
fd090201
0ffef50d
03e9f20c
19f8fb0d
fd10fe04
eff7f5fd
04090c0c
fefef401
f6fa0009
fe03fd05
f406f903
10030204
0112f616
0ffffefd
02030b11
f80f0208
fbf6fefe
10fee713
0205ff01
0a03e815
0b0a08fc
fe02f210
faf619f5
f702fff2
f1030f0d
f4fc05ff
10eefc01
f311000e
f809f4ef
110408e7
f7ed0a01
0df7ee0a
06ee0805
f101ef05
ffedfef8
040b0b00
0c03fa09
0200e9fc
ef04f504
07fef6ed
ff03f001
01000a00
07f2ff0a
fa06fc0b
fd0504f7
ef06f50d
fb0104f0
fef7f2fb
00ff02ee
02fc0c0a
00fdee03
0903fdfe
fe0a1800
01ff05ee
defefef6
0b0bf0fb
ee06110e
f5000613
0706edfd
ebf7f70a
0c041302
ed0300fb
0b02020a
f8ee0503
0d050509
04f5f5f2
0d050206
e6ec040d
00010ef6
0506070a
000400fa
040cfcf8
f303050a
0afe0dfa
0ff0fd0d
0dff0114
0804f80c
03fbfe04
0902081c
0100fffc
0ef8f414
fa0a070c
f70afb0b
0806130e
ea10fe01
ed01ff04
fcf50611
000e0c09
ff1008fc
11f8fe06
fbeaf008
0bfaf3ff
f2ff010b
08010406
fdf80ced
f30dedf7
0604f512
fdfd0707
07fdf400
eef7feff
fcfefd04
08fd0801
fc00f804
fd0409fe
fa0a040f
ff0ef613
0507fe02
0307f002
030ffdfe
0df8f408
f90504e7
fd02fe0a
ff17f8fc
ee020101
fc160602
ffef01fe
0405fbf2
00090403
f30209f7
fc0bfefc
02fb06fa
060707f7
de04fc00
fd09f9fc
1711fa0a
fdf009f8
fbfce81a
0409f40c
f7fb0c09
0a02fd00
09f80a07
0e00fbef
1c0b16f6
08f90ffc
05100800
fdf4f10b
f1010104
0b0805fd
fd00f3eb
f40613fe
04fff4f9
ecf303fd
0b08f80d
0af70304
0ff60602
f1f6fcf6
0906f8ee
05050af9
f40703f7
ff00f0fc
fff7f5fd
0313fef6
f9f1ea00
f90e010a
0f0105f3
05f6fa0a
040bff0e
0e14f507
0507fbf9
effafefb
0709050c
1bfc0bfe
ecfb0005
0304fce5
ee021b00
f902fff7
12fef819
0a10fffc
f60ff704
ee030cf5
fb0ef900
0502fafa
f2ff09f5
04fb08ff
04fd0807
f800e904
0702fb0e
0203f8f9
ff130cec
08fe16fe
0002edf5
01060500
f1f906fb
f0fc0e08
f6f00b09
ffe5fa0d
050b1108
fef2060e
f40107fe
1bf905fd
fbff0904
0efbfbf8
f9fef906
fbfe0aff
fbfaf705
fcef10f3
06fdfd04
08fa03ff
fef60301
090d09f9
0501f60d
0a0a0901
0508fb00
0f0ffb0b
f0fdfd03
00080503
02fff9f5
1300f1fd
fdf70110
ec01f3f4
fc01f4f3
0205f409
0b03faf2
0cfe0809
fdff090b
01050c0c
f60ffd08
f7f9fbfc
f40df100
070e0501
fafd040b
fcf20f01
fffb03fa
09010c0c
f7fffb07
fc0b06fa
01f5020f
faef0d04
f806f901
04020d00
fc0501fd
1bfaf803
fc0cf800
fbfd07fd
0412f303
fef6fa0a
12fb16f8
04fe02ee
03f0fef1
fefafd03
f8f80603
fcf7ebfd
0c09f709
f5010305
fc070104
fbf3081a
11fb13fd
f8fbfb02
f9f6f903
0206fd02
02f8f8ff
f80b0e1a
0808f605
ff05140a
06f1f40c
f902f20a
010ff1fc
f2f60304
06000d09
070701ec
090deaf6
0e0a06f8
f5030aec
fb0806f5
ff0800f5
0c0107f3
fbf30f08
ec07f905
000d04fe
faf70311
07ff0afd
040b0b09
edf800f4
f60ef505
f8f90bff
01fe03f5
fe03fdf8
f8f102fe
040b010c
fe0ff108
ff000ef9
01e5f200
ff000b0b
04010a10
07ee0bfd
f509f500
0200f704
fe0109fb
0110edf6
060afaea
fcf2f6f6
0e06fdfb
ff03fdff
00090814
070df5fc
01eeef01
11fbfa13
fff5eb04
fe03f7fc
000b050c
0f00fd0f
00f20af9
13040bfd
08ee0204
f8f9fbfc
05fbf7fb
ef09fc01
02ff090b
fe0410f6
fb04fe0d
fffb151a
fdfefb0c
08fc0101
10f119f7
fc04fe07
0508120b
f10cff04
0c0812fb
fb0a0604
0ffb0b00
0602fcfc
0804030d
04fbf8f2
07fdf605
f703fdf2
0bfe1405
00fc10fe
f013f407
00f303f8
f10115f8
1202f90d
05fe02ff
f8fafefb
fff7fc06
ff02f405
fbf2f90d
fb02fb02
fe07f2fe
f60e1400
f4f60dfb
f7fef608
1005edfd
01faea00
12fb0dee
081a1103
0c0d14fc
f9fff2f9
f50efaf5
0af7f7fe
01040e08
fbfdf4ef
f70106f9
04eff9fb
fdfdfd19
130e040e
ef041afe
f603f9fa
1100f90c
e7f40603
06000408
fc0bf105
f90402f8
02fd08fc
fcde080a
0114fa0c
fa040cfb
fef8fff7
fb000607
1afd10e5
01fcf801
0703fa03
0403f1ff
030206f4
f80101fd
fe08f9f6
04f8040c
ff12f500
0a0007f2
fdfa01f1
10ec05ff
fafffff3
f7fffbfc
fb0a02fd
03f60c1d
15f305f3
01e9fb04
13f9fbff
fefb0601
f1edf6ed
0e091000
f50b0c07
0afd09f8
fefc000a
0a07fb09
050bf408
0cf900f0
05feec08
f707e6fe
ff06f8fc
ff0410f7
0501fa0c
efff0110
09fc08ff
050efaf4
0b080cf7
13fceb04
fc09ff0d
f9f80800
f306f3f6
fa0a0e11
15040cec
f804f103
fcf2fa02
f50bf5ff
f3010003
fe00ebf9
f2fb0afb
f6f904f9
0014f4fd
04fb05fe
06fcf90a
fc08f714
e701fef8
01fb1110
05f7fbe6
070c0618
f9f704f8
0e001308
ff0ef912
f8f5f7fa
f4011206
fbf809f3
10ff0dfb
07faf702
0bf6f4f8
08fe0e08
0bf2f9fc
f8060002
fc0e0e07
02fe0bfc
f714ee0a
05ec01fe
020505fd
13ed11fc
05f61209
f7fef30b
010b010c
fdf5fe03
ec090403
08f1f6f1
0ff8fd0a
f8fc010a
0a040803
f8120aea
04060001
03011704
0f05f105
1204f807
fe090700
05ff04f9
0c010210
000405fd
0d03f503
f802f7fd
180903f8
00f9fcf0
ecf3f7fe
10ea13fd
09fffaf5
f2060bff
06f4fb01
f6f70afe
0300030a
f7170cf1
08010106
fbf0fdf7
fb05070a
0cf8f60c
f10e0bf8
030df905
00fc02ec
01f9120a
08f7f905
060b18f1
000000f9
04f9f3f4
f114f7fb
03fd1206
06f1fff6
01ff03f4
03fe050b
ff180104
01000001
f9fa0102
fc12fd09
fc01fe02
eaf903fe
08f6fdfe
fe02f603
00f8fa0a
e3f90005
00fb05f8
ff0800fb
150503ff
f50a04fa
1105fffd
100202ff
f9f0fbe6
11fb0000
04eafefd
e207ff08
0d010bff
f9fd08f7
0d06e2f0
0303fffc
13010209
fcf10003
f30502fc
0df9f8fe
0a09f9f8
faf8fd07
f40401f9
edf600ff
f80df702
0afc08fa
0d0807fc
fa02f101
f002edf7
e9f705ff
05f701f9
04fa08f8
11060bf8
f9fefef8
03180d01
020500f3
f708f5fc
0610fafa
fb0cfcfd
f60ef8f9
f7ef0cf5
fefefbfe
120b13f9
fdffed01
080af613
00fefa11
010af80d
01060201
050801f8
fafbf410
18fbf002
f9f2f80d
04fb0203
fb03fe06
03f20913
0fe7fef7
fa060208
f9f9f9ff
f913fd06
0c0a0dfa
f50000fb
fbf80002
0807f3fd
06fbfb02
0f0ef609
09ff0c14
01fdf5fc
ff1209fa
0617e205
05f009f6
fd000e03
f60b0607
f6ffffef
01ee01f8
fcf804ff
04fcfb05
f8fd0700
06eef9ff
01f9030d
fcf6f50a
f8f8fcfe
0710fbf0
f40efbfe
f703110a
ff070c19
eb090bf6
00090404
06fbf604
11040c06
03040d07
020f0a10
1000eeff
12f1f1fd
fdfcf5ff
05fc031b
f609f4e6
140501f3
fa010dfb
f2f4fafd
f3f5f8f5
e7f913ef
f4f9f8fe
f1ee0406
020903f4
fb1102fb
fdf3000b
f5ee08f9
f9fb0e10
fb03fa01
f8fb0803
f200fdf3
f8030afc
03f6f0fb
fffa10ff
16fefb11
00060409
0afc0503
fd0603ff
fffefdf0
02f0f8f3
01000bfd
f8f80bfa
11fa0af5
03fa1104
01fa0104
04fc01f4
0c09f504
02070702
fb01f7f4
01ee0911
0e01e7fd
0ff8f603
fc0d07fa
0705f906
fafd0404
f20df90b
08edf116
0efb04fe
fbf70b08
fd0cfc05
1303fe07
05fd00ef
16f500fb
0aee10f4
030afb1a
f7f80001
0005fbf6
fc08f8fb
05fa11f8
f401fb16
0703fdfc
fd050002
fc120200
090d06fb
f80205f4
effaf600
01fefcfe
fe01feff
f8f80800
02fa0c08
fb0c080a
060e01fa
01f400f6
f503f5ec
07e80af8
fffef801
0a0b04f3
fdfeedf5
06f2f2fc
000afbf6
f90bf801
0203f4fc
ef07fc05
fa04ffea
f70c00fc
f909f3ee
f3050502
1500fbfe
f9fbfa03
f9ec0cfa
050bf8e8
0bf209f0
f90bf3ed
0205f605
f5f91008
03fd0502
0400100d
0b03f7fc
02eff8ff
effb04e3
fd060a00
0cfc11f6
ed0f01f0
effdfe01
eefafbea
f802faed
0508020d
ff01f100
0002f909
f50ef8fd
05f1061e
020f0305
00060502
f6f6170c
0aea050a
fefe14f7
fbfc0ef5
fe0003fb
fa040204
ff091b01
ef080f04
130efc03
e90610f1
f9fcfafa
00effe00
14f9faf5
f0f808fb
fffa000c
06f1f907
090bff0d
fff9f7f6
eff8030b
f606eff9
01fe06ec
12fefe0c
12fffc0e
03f9f6f4
05f80beb
08071304
0a080afb
f20c01fd
f8f222fa
f6f5f0f4
07fffaef
0902ef05
f808e9f4
fa150305
05020c02
14ecfcfb
f2f60114
020cfd03
09f900f8
f5fafff5
0eeff7f9
fbf7f401
160cfbeb
0e090218
fa0602f8
01f613fa
020814ee
02020609
07ff04fa
00fdfa02
03060c01
0207f3fc
fffa15f2
070703fd
0803e603
f7f00b02
e9f0f709
0803f6fe
07fe05f7
fbfaf6f5
08021004
00fd0f0d
fe0aef03
06f8fefc
020d07fc
fe02fa11
070df8fa
f1fbffef
0f0109fe
eefe0309
0903fe08
fbf1fbf6
f8fa0200
0202100f
f8fef9fd
0dfbf2f4
fc0bfc06
0d0af3fb
f40203f9
00fdf8f9
e5fdfc08
f5ee0809
01fcf9f0
08150206
fefd0903
f6f508f3
010708f6
09fafdff
04fa0aff
0009fdfd
f901f80b
f207ff04
fafcfbee
04eef3f9
f908030c
0a0bf105
f6ff09fb
faeff8fb
0efe020b
05f7f30a
060cfbff
f104030c
fafd09fa
eb04f8ef
fd08ffff
f40000fd
f804ee05
fdf20de9
0a0d0709
fcfb0bf9
f8fefdf8
fafa06f9
06fbf80f
06f614fd
090600f8
f8f3f8f8
0a0bfbfa
0dff06fe
0dfe0100
ef0af6ec
ff02f313
fcf51203
0210f6f1
fe03f602
000bf6ff
f0010f19
f8f3f5f6
04fe0202
0013f8f2
fffef705
f503fa0c
fa05ef00
050cfdf6
f60ffd15
0700060b
effa00f0
f726ecf3
0805edf4
01fdf6f5
f9fe0111
04f907fe
f8eff80e
10fd0df0
f9eefd04
e9100806
13f5f6fe
e5fdf4f0
fafc1202
0bec0d09
1bf6010c
f3eb0bf8
f4fcf81a
fefd0709
fb03f40a
f9f300ef
0a02f1ff
0a09fbfe
0d06fd0d
05e606f6
05ef0ff8
0e02ff15
f5f60afb
fe0202f5
f4020bf3
0e01f30c
eaf108fa
fc03fffc
fefd0701
f60bf9fc
0f0ced0e
02f1fb06
00fc0505
fd0600fe
fe0104fe
fef7f2f5
f811eef6
04010c0b
19ff0af7
03f80104
eff9f8f8
00f00dfc
fa02fd0b
f9f0f9fe
00ff0d10
ff0f080a
06ecf60e
f9f9f3fd
05000ced
f610fefc
030bf102
f6fef104
090210fd
f6fcfcff
f6fa00fb
fefc05f4
f8fbe403
f8fd0004
fbf30411
01f5f0fb
fff7f60a
0a120103
fdfdfefb
090ff5fa
000bf810
06fd07f2
01f9fb07
fef11006
02fb0007
fff5f4fa
fde9f803
05ff0fff
f107f803
0cebf8fd
080af6f7
f80c18fe
fa020a1b
0c21fbf6
0cf906f7
fdf3f6f6
f1f7f5f3
060ef509
f601fafa
fc00f201
fd12fcf6
ecfe02f8
080bfffa
07f0ef0f
01f102eb
0604fa0b
01010100
0efc03f2
fb04fa0d
fe02fc01
f9ececf5
06faf6fb
0210fcf0
00fff3f0
08f8fb0f
050500f4
060cf404
0204f902
0c010eff
010b1909
080c0106
f40f07f1
08fbfffe
f80900fb
e7f90717
fffaf2f7
170bfbf9
04fcecfe
0104fe09
e90dfafe
ff0502ee
15f90408
f8fdfe03
06120105
00060cf7
f6fcfef5
0607f9f6
ff0e12fb
16f40103
00f202f4
03ff0908
02ff0f00
08ee0902
0604f1f7
fefc10ec
fef402fb
0b05f2ee
fc09fa00
06effbeb
f300fdf9
01090c06
0af8f4fe
0aedf205
f405f90c
0906f60b
ff0412fb
01ee1609
f909fb06
0b06fd01
f70bfff4
fe020605
0bf9f0f9
08fdfdf9
fa0ff40a
05f803f7
f8f8feec
fb0ffb00
f00003f1
f0000e00
1afe09ea
0208f803
0b03fe06
0109f7fb
f7fa0500
f10802f4
01f10cfc
060e1002
f4fcf5f5
01f51009
ff140401
fe01fcf0
04f3f1f8
fcfcf006
0910f8f9
f80305f7
fb0006ec
08eee9fb
0700f204
f6fc0af5
0bf1f7fa
fcfb0cf3
000109fc
fb010502
02ef0d13
1015f904
f5020c09
06f80bfb
050a11f9
f7f810f6
fd01fb00
0205f701
f711f8fa
0508fb10
0b0dfc0b
f8020706
feeff2fa
fb070605
0cfdfcff
fd0b08eb
0dfc0afc
00ec10f7
fb04f1fa
fafafbf0
effefaf4
f5eb0407
06fd03f6
0701090d
fefa04f5
0ef10110
fafff901
f20ef400
fdf6fcf4
0dfc02f8
fbfcfa02
0af7fdf6
02ff0007
00fc01ed
0bf6f217
f5fcf403
eff20006
1006f812
f105f0ee
08fd08fd
fef5f9fb
0f060e0f
fc0014f9
16061102
0bf6fe04
080ef0f2
ed0015fd
fa080605
fefff8f5
f509eb12
fc0200fd
10fff918
f604fe00
fe0a1200
0306eeec
f5f50804
f6fbfdff
0e0bff00
07f6f0f7
06fff001
09fe1003
07f3051b
f2f1f208
ff000af4
fb0d07fa
1c02fbf6
fffbfa01
00120401
16080607
fd0ee6ff
fbfb0a05
f3fd0bfe
0aee0915
07fe0801
fefff9fb
09110b06
04f4f9fc
f307fde6
fffb030f
fdf703fb
f2fb00f1
0500faf4
fb0cf702
000d03fc
04f406fb
ff00f409
fdfef7ff
f702fb0d
fbf2f305
f101fef3
020f12f4
0a0ef903
f7fffa05
ff0714fd
070002fc
ff040af1
fb000705
0608ff0a
f9f7faf3
01f40502
0d150205
fd00f7f2
0ffd0702
0af305f7
effcfc07
1101fc02
02fe0501
fa02fd00
13f20005
fbf5edfa
fbf90509
f7070401
fe031516
140e0bf3
05001511
0000f009
03051006
03f00aff
faeaed07
09fe0901
13fdf303
0be5f107
030904fb
f002fe03
fe09fbfd
f21405fc
03050c01
f413fef5
000606f8
0413f9ff
02fc09f9
efee0106
01f102e5
f703fff9
fd060000
010aeb06
f3f4ea07
f1070604
f6ecf5f6
f713f2f1
1207010f
fd03fefb
15fbfef3
07fa0420
ff080ffd
041811f8
f6000419
fc160407
f8fdff08
f0010efc
0af60003
eb040efd
0eeff9fd
f2fb0019
ff00f9fe
f6e3f9f3
ebf3fffd
f406ee07
fb00fc03
f8fdfa05
02fb06fa
0e0dfa02
fe0aedf6
050611ee
0ffefd03
fa0e090d
0f0302f1
0aee0305
fcf10508
fef6f2fa
fd02ff05
0809f802
fb02f1ff
01f901f5
01ffffea
06f40102
fffb0efc
12f10208
f4fffb03
fe0e0803
0b0ff603
fdfa040f
fbfafcee
04f1070f
f80c070c
f5f3f6f8
f5020b0d
f70502f5
fb040406
fbfb0109
f605fa02
ffff01fc
0700f211
f6f20b01
ff0c0cf6
01020bfc
fff30509
fcfe00f8
f5f8f309
f9fefdfa
fb0ffa02
10f6f2f2
14fdf606
f7ed110c
0a0703fe
f901fcf5
09f400f1
f4fbf505
f1f20411
0600fa01
f30c0cfe
0201f10b
f6f2fbf4
0305160e
fffe1010
fd0513fd
f1070203
0a040010
f907faf7
1111fefd
f802f7fb
f4070000
f3080702
fcf400ff
050b0aff
1103fefe
050e05eb
08fefb00
fd05fd03
f5f00df8
f7fced08
10fff9ed
0e0e06fd
0e04ea08
fcf4fd12
0217fa04
fefd0901
f4fa030e
0b0cf5ef
f6f3fef4
0b010400
f70307f9
f1f90711
f6f90402
11f8feff
fcfa0afe
04080108
fd16fc04
0af7fa00
ff0f0900
da04080c
ff09f506
030bf40c
e9f5fef8
fb1307fc
040ffdf8
ff0a0700
14fc02fe
0804fce2
07f403f9
ef0414f4
fa06f5ff
f2f607fb
020205fc
0405fdfb
0cfe06f9
f8060505
ed020deb
f7f4fff8
fbf60209
00ea1315
fff1f104
06fd070d
f302f404
f1edf9f1
07fb0a09
0808ff11
00020bfd
f7160f05
fa08f702
0b02ffe9
fe06f906
fff8f900
f4f20302
f601f300
fa0708f7
032402f5
0213f1fe
f810f1f2
0af3f907
0110edfd
06fb03fb
f4faf905
f1fe0101
fc0a0115
010d040b
fe01f702
ff061402
02fcf5ef
07ea0af9
f70ded05
fd0bf7fa
fcfdf902
f7100704
04060c08
f702f801
0103f4ff
05ee0103
f700fa01
0d0bf200
02f9ff11
10fe01fc
f10af403
0f0b010b
0bf8f006
000602ff
f9eeeaff
0efce8fb
110b050b
fb07f6f8
01fef303
fb000cf5
ff0afdfe
f605e809
fbf715fd
f706ffef
f5fe0606
000108e7
03fd00f2
02f0f003
031bf9ff
fe040a0e
0a00fff5
f7ece806
ff07fcf5
04f7f70a
ecf303f6
ff0804fe
f9fcfcfb
010b0004
07f10305
02fdfd01
15fff9f8
05080203
fdf902ef
f5ed01ea
0cf3effc
0101f201
f603f4f4
faf109fa
0000090a
01ef0006
02f5fbfd
f914fb04
f0f1e6fc
fa0bf0f6
f8f1f808
f916fbff
07090001
0b040c09
f3fcf301
03fb0302
0f0400f8
f703fdef
08fdf8fd
0e0efe00
000e01f7
f006f3f4
fff0f00b
02edfcfd
fd09f100
0cf60006
03eef0fb
0bfffffb
fcfc03fa
f70efa0f
fb0203f6
0121ecfc
030205ed
f6050c00
f7f301e6
faf9f804
14040500
fc000900
edec02f9
fd0c0a0a
0704010a
0501fdfc
0c0f130c
01f7ff13
ed0df502
15f1f1fb
01080513
05f00407
fb00fff5
03f8fc08
ecf9fffd
fc02ee04
f5f6080e
060e0af9
16f505fe
f017fc02
06070004
f2060303
f901fe04
14ec02f1
fcf2fa00
060508fd
0207fb03
f7f0041c
eff515fa
03f4e509
06fd070e
10e60604
f30a10ec
0d010eff
0a02fbee
07fef80b
0504ebfb
09f2f909
0cfbf503
f81307f6
ebf514f6
f312090d
f314f9f0
f704030d
12f006fe
17eb03fb
030af802
f90ef607
f9f7eef9
f9100520
01080206
0b00fdf5
fdff011a
04f80503
f50201f1
fd15f2fd
0609fb07
13f3fdf6
01f30001
06f810f0
0018fbf3
fc0b0b0c
010cfdfc
01ef0312
04fb12fa
030100f3
04fdebfb
f10105ef
f205ef06
030601f7
04f90104
f201f3fe
f6fceafd
00fc0007
fb0707fa
09f1f706
05f80501
0c06fcfc
fc0008fe
fb0af60a
fe080c0b
0df6f91f
0b061403
010ffd05
ed1112fa
04f7060e
100b00f8
e8f612f9
f8fc0203
05f2fcfc
00001003
15f30601
16000309
03fc0df5
f104f705
00fdf50a
f708ecfd
f40b0405
00fc1108
060309f7
fdfe0405
060ff903
f902030f
0efb13f4
07f60202
11f507ef
f801fc01
0afc0105
f8ff0905
0208f4f3
fffc0c03
09f40612
fefc0002
0108fe03
04fd0100
0402f704
0b08fafb
0d080702
04091502
fa0c00f8
ee00fe04
f60ff0f8
0b06fef7
f6f008fc
f902fef3
120bf2fe
010ffe03
02fe02fa
fdf3fbee
ff030803
f403061a
ecf90a09
fdf5f4fa
fdff0a08
fcf5f20c
0e06f8f2
01f2fd01
fd09fd02
f80106f9
eae8fe0c
fff9f9fb
07080b06
05fbfaf8
01011a03
07e80400
f404f2e4
f3fa0e0e
f90609ef
07fef9f1
fffdf50a
0213fc02
1205fbfa
0009f2f3
0befe3f6
0b0007fd
08f7fa0a
03080401
fef8f902
faff1301
f4ea080e
0f04fc00
f60afd0d
ebfb0df0
0a01f4fe
01f20f06
00f1020c
f4f9f9ef
faf719f3
050a0306
edf70601
09021711
07fd0d08
0cfcf208
0400fcf3
1103ec03
f9f104f5
011b0af5
01fd0104
fe0700ed
10f9f7f1
00070ef8
f300fc04
fa1401f8
03feeb16
f70afafd
04fdfbf8
fa0606ff
effaf2f4
03050f0d
f8f9ff00
07f1eefc
0e0cfafd
040ffcff
fafbf901
f406f709
fbf9010f
0bfae6fe
060006fe
09f30306
07f207fa
05fcfafd
0304f9f3
0902fbfa
f6fbf601
fdf3f5fe
fd16fb09
010f00fb
f7e9fdfe
f9fbff06
ff080b06
03f309f1
01f10006
e5f5e701
fcf4fe0a
fd0f1607
0c0010fa
ee04fc01
0803010b
f5f705fe
13f20a00
fcf109fe
fe0807fe
fe000012
0c100f06
f9241209
f70205f8
07f5fefb
09fc11f9
020bf000
01f7ffef
0b000306
fbf1fdfb
f906fdfa
0112fa03
fa071002
09f41905
f2fdfe05
09fe0401
0005f711
fefbf70b
fef207fe
09f10cff
0705f602
0101f3fe
0909fe08
01fd04fd
0c08f601
0cfdf212
0002fce3
ed00f1f8
0a15f303
0806ff00
f4f6f504
00000502
f9f9fd01
f6fff6f6
fef2110b
f4f50c09
f7fff016
f5fe0e06
f3f102fa
02ebff07
0c0604f9
06050f07
06f501f8
f308100a
fd1a0101
14fb0100
1104fd06
f31519f7
0b07fb01
fd15f20d
fb02fff8
130901f1
f004f911
030bf50c
fff7f6f7
0104f6fc
0401f604
090f0001
0afc00fe
fa0a04fb
f00b09fb
07020709
eb0f070d
fc070405
f404fdf8
fcf50c06
0afefbfa
f7090a06
f5f40702
1700ff03
0a0907fc
ff06edfe
070004fb
e3041802
f7120ff6
fef4fbfe
ec09eff7
0ff5ef0b
f4fd08f6
f80cfb0e
e7020f10
02fc0302
f8edf7ec
01fffcfe
10f9fa01
f811fcff
ffed040c
0af205f3
1103f0f4
fcf50417
fa070aed
fe0cfc04
03eff8ff
fff015fa
fcfd04fb
10fc0310
f700f70f
0df4000e
0003feff
08040218
04fe00fd
fdf808fb
fdfc03fd
07080302
f801f80c
fb0507fd
f9f3ff22
0b00fb14
fefef80a
07ea0804
f7ececf9
fc00f108
fa080409
f7f50bf7
00f9fafb
08f70512
eef009fa
06fc0ffc
fc0002ff
f8fe09fa
fb0cfd0b
0106f4fc
1014fe00
01ff06f9
fbfe0202
13050903
0cfbf9ff
f30c07ff
f3f2f607
f9fffc00
fd0207f8
10f70404
edf808fd
0a0cfcf9
0f04fc03
15fff909
06090f06
fcfc0000
0910fb01
0c150605
fbf103fa
070201fa
f9f9f6f5
080112fa
fdf9f805
faee08f4
020005fb
04f6f70b
fefb0301
0700f9f8
0c01040e
f6f6ea07
f0fa14f4
fe000201
02fa0306
0707080e
15ea0aff
07fd0ef2
01fefc0a
ecfd060e
07faf909
0702eb15
0c040714
f907f10c
fd00030e
f9090c04
f70900fd
f703fe08
0a07fc0b
06ebf30b
f4fe0405
18fffbf8
02f20f02
fef705f2
f9f802fa
fa070706
12fe0c06
e700fe07
fe140904
fc071209
090b0c00
f706160a
fdfdf906
fcff01fc
12060d00
0bff0215
080d09f9
fe020204
e704f108
f30000fa
010501fc
fdf40604
faeef506
f3fe0806
f809fff3
1607fcf4
f1f8f900
f40907ff
fff8f8f2
03f20c02
16030910
fc09020c
0611fb02
0811f0fa
fdfdf8f8
f704f9fa
f70cfcfe
08f50402
080d00ff
160d00f1
fdeefc00
f508f307
edeb05fa
f8100807
08050ef8
030bedff
050002f9
0bf30b09
fcfaff0e
1102fc04
02f5f6fa
0005fe04
f900f701
f50c0f05
07020901
0c0af9fb
f20102f5
f4f6fd08
f20307f6
fcfbf505
f6f5fdfd
fe0efc05
0cfafafc
f00cff01
fff4fe09
07ee00f6
000a0604
ff0dfbf9
fdf70502
0afb03f6
0300ff0c
0304f50c
120d10f7
f9fd0309
f6f20807
010418fa
f308f1ff
13fb0cf3
f407effd
fb0111ff
040100f9
01eff403
fb06fdf9
09fe08fe
0efc0f0d
0c0c0103
02f90304
f9010a0c
080c1100
0bf5f2ef
ff0807f9
090008f7
0304f204
effaff05
0aff0003
f9f11900
0607050b
02ebf80c
feff0dfd
00fdf605
08ff01f9
020e0c02
0df500f5
f80e0307
0608edfe
120dfd00
fc01f3ff
00080704
fcfd1210
ffff01fc
fb070810
fdf900ef
f8f7f002
03f70201
0802edf9
0d0000fc
0413fbfb
0efd0504
fd12000c
fa10fefc
f0fe0b0a
fafbfc0f
0cf40902
f4fc0d0f
f8fb0e05
0afff60b
090b0af8
0506f106
e9fffff7
0ef8fc18
12090502
07fef1f6
04fefefc
010203fb
f0fe040c
0af51903
f902050e
f4fc04f8
fe0b0d01
fa00ea00
000cf5ee
110a0614
0c030306
0a09fbf5
ffeffe03
15f7f102
0602f800
0203fc06
00fa1ef4
08091001
f4f1fdf0
01080600
04faf003
fe01fc00
03eefdfd
0715f40c
11fb0201
fafefcfa
f802f701
0d08f6f9
1704fbf8
f507040d
f00404f8
04fff404
fefdf508
0a0bf90e
0efffc07
fe110e0f
fd04f10a
08fffe1f
f9f3f6f5
fd01f7f6
f602ef0c
02faf60c
02fef307
00fbf3fb
f9f8fa16
01edf9f8
020402f9
02100103
100bf9fe
ee05fe0e
0709fe0b
0706f8f9
0600f508
f7edf519
070911f8
0d100200
ed01ec08
fd04100c
03defdf1
f6f2f613
00120af7
fafd0400
fbf3f9f4
0c0301fa
03021607
06f5eb09
0beff315
08fc08fa
0501fa09
0b06f4f8
f7f704f1
f0031108
fc010907
190003f8
fb0df80c
0bfc12f9
0409f6ff
08080501
06fdfff1
fd10f908
0affeff4
fb100803
ff0304f8
f8f605f4
0e0a0ffd
04f3faf4
ff0af8fb
f408fb0b
f5fe0bf6
fe00f200
150003f8
f6010108
00fdfaef
000f03fd
090a0cf9
f3f3ebf4
09030103
ec01f30a
fb1a0cfe
08f90e07
0313f81b
f3fdf702
fe01081e
f7fb0afc
0ffbfff9
fb010dff
0c05060e
04e7f108
f902fd05
0603ebf3
06f1fafa
02010408
04f5fd15
feffeb09
f60df501
f305eafa
100009f4
ee02fef9
0a070207
041505fe
08ff0a06
07f20cfc
1702fe0a
0705021d
f9030bfb
f1f9fefc
f7fa0101
fafc0600
0200ef0b
fd0af4ff
f30cf2f8
fa01e60f
fdfa06f8
0605fefe
fe06fb0a
f602f7fb
01050b07
f5050a00
f40012fa
040c01f8
0ff80317
fb060703
e905e800
f901ecfb
f1100808
fff7020a
00010d00
eefa0604
f4160c01
02f50bfc
090ef402
0e0efa0d
f9f50304
02f00c08
f4fbf400
f6f5f907
fb100400
f30f1100
f50401fc
fefcfcf7
fc14ef0d
fd08fc0f
020a120f
edf60cf9
030407ff
fdf5fe00
f4ff01fb
fefaef07
fc0bf902
ff02fc08
0703fafd
f50bf102
fe0804f9
fdf8fd02
0d05fa04
0002f7ff
fcf305f8
0501f0e9
fa0e0201
000009f5
01fe18f8
17091003
0008f91b
ed0306f5
fb0c0c04
040300f6
0ef6f1f1
faeefbfe
fa030219
fc01f6ef
11ff060c
fe070b07
01f30d03
0606fa0a
f41504fe
030aff14
00fff2f3
fe0908f8
0f08fff9
f9fffa11
fe0e0703
ec0f0104
01f8f80c
09f413f8
f31010ee
0b05f30d
05fbf504
030806fe
faf7f6fe
fb0d06ff
e6fcfd0b
0a000912
0002fdf8
f3011bf1
fd0ff0f4
040bf204
0af7fefc
f1f2fcf0
effcf208
000201ff
06f607fe
010505f8
f40e0909
f7f5fff8
0905f905
06120afe
f604fcf7
011019ff
0405f608
0d00ffff
0208ff03
05f5f8f7
0503f900
f1fa11fe
f8f8fb03
010705f2
fa0a0602
05ff0506
fff707f7
fd07fdff
200f04ec
f90c0303
040205fc
fb08fdfa
01fe0cfc
04fe0204
fd12f10f
0df4ff0b
0707eef3
0effecf7
fd06fdf2
001103fa
f6f8f105
ff00f9fd
08f9fa08
fd011306
ef05fbfe
fd040b03
0303fbf7
fc00ff05
eeff04fa
fa18f8ff
09f30c17
02f2f803
0110fafa
f5f6f107
0302f501
f114000c
0e10f705
fd040ff7
fb080c1e
070edf05
03f6f60c
0404f301
f7f80803
ea07f5f6
0101fb04
080d0af8
0bf3f8f9
0afcfcf7
01190aff
0707fbf1
fd0b0004
0000fa08
03ff03f9
0009f9f9
1013fc12
ed01fafb
02fa0405
01f30b02
fd0a0300
00f6fbf8
f7060c04
ec0cedf7
170bfffe
ec12feff
fef0eff9
0cf10307
fcfe00ef
f9f404f4
f4f1ee10
eaf0f914
0b07edfc
fa07fd04
050508f7
fb01fa06
fbf910ff
0e000006
fff9000c
0102df1a
05fff9ee
f407f1e4
0900f0fa
fdf70904
f7fcf7fa
021400f8
000ef504
f4f90002
06f40ae3
06030d03
0309fbef
00f5050d
01fd0b02
0ff8fe03
f5fff8fa
060b09fc
06f90500
f308fa05
f6fef4fb
04010912
fb0607f0
02030bfa
05fef4f5
030e1b05
fbfa000b
190bf90c
0c0d00f3
f6010af8
fef7fdf4
f0fbf405
0107f308
0109fb03
04000afc
00fafef6
06f50200
03f60a04
09f7f711
faef0bf7
08fdf7ff
0604fffb
0af50601
f8060e06
f7fdf8fa
ef06fe0e
fafd08f0
fdff03f7
f806f202
06fbfe02
07fc04ff
fa0a0cff
080ef7f7
07010bfc
02ff10fa
fdfe0011
f106fc01
020003f4
0d06fbfc
f904e906
0c09fd07
fb05e80c
fff9f80e
f3fff708
f7fcf706
0c100209
01f1f9f9
fd0b0907
09faf8f0
04f2e712
fb0007f6
0f070afa
effa03ec
07ee09f6
f6f7f7f8
000a10ff
fbf70808
fc0c11f2
01f5fc00
0905fc01
fe00fe02
fdf7f1ed
09fd050c
fbfc04f8
00f80e02
fd08ecf4
eaf5ff15
04fb12f0
06f503fa
070805f5
0d050b01
ff030e09
0efbf10b
08010e08
f7eb0804
f2010504
eff6f600
f40108f0
000204f7
090908f6
0d0af902
03040809
f60a05f5
fcfcfaff
efedfb0e
090307fd
02f6f6fd
f80001f9
f90902f8
fa02f800
f6f70b08
ebfc0005
030702f9
0409fffc
06090d0d
090602f8
06020e12
00f30706
fbfdf90e
fcf6fcfe
1408f309
040809fa
f70d0910
fa00f901
fc0705fa
f7000af6
10e2fff7
f50af2f1
fafbfb00
fd05fd0f
0af6f9f4
f8fcf7fc
fdf70000
faf61107
0e09f405
0607fef6
f4ef10fa
f8010def
f6f802ff
08fffe08
f80efe04
faf6f70f
03f10804
0a030305
0719060b
fdf40205
fa08f0ed
0afcf504
0d0603f8
00f5fa0c
f0070c10
ea090f05
0ce91706
0cff07fb
170403fb
e50aef08
f1020d04
fcf511ff
0506eb11
fef6fb16
fb00020b
fbfb07e9
fa07ec03
0b0b00fd
01fff705
ecfffa0f
09f802fd
0905ff0f
e709f80c
ec04fdf7
04f70314
ff0107f2
0bfb08fd
080707f9
f3f4fa07
050d04f9
fbf903f7
020019fe
fef505fa
fd130210
f7f60906
100b0afa
14e70201
01f9faff
f90704f1
f7ff02fa
f405fa0b
09fbf900
010f0afb
f3030cf6
00000bf4
f9f6fb03
ee10fbf7
f1fc0602
f7020cfa
010405f7
fd02f914
fd0bfd09
090b01f3
0604fb09
f8fff1fc
0e050208
02fefd11
f7fbfefd
f803fafc
0603e9f1
0810f7f8
02050007
ff08080a
030804fc
f907f0f9
ef030813
080a0ef9
f8fcfbef
00fcfc08
0b13f603
11000003
051afe06
0814fff6
01061507
f10209fc
0602030d
09f2fbf8
fbfd00f2
0404f8f9
04040a07
fe0ef8fd
0505f508
0901ff08
f8edf309
fa0afe05
f9020804
fbe60802
02f7f9f7
0d070506
10f3eb14
09fef8f8
090503ee
ff070709
eef7e0fd
f9f60b0c
03f106f1
fff70a0a
eff702f5
0703100d
ebfb0af6
f3e9f4fd
110aff03
f50c0703
0a0d0a04
0200fa06
fefd0d05
0d1303ee
fefb0b01
0cff00f9
f9eb0b07
f313f9fc
ff0007f7
f6fafff7
0ffa0a05
06f9f5ef
000106fb
eff2f9f3
fa0d1105
fbfb0205
0b061409
170005fc
11f9f805
0dfbee0d
f2ff04f8
f3090bed
00f7fc03
03f60907
1507fb01
0c000506
04f6050c
fbfa1507
fd0ef710
08f908f8
f7f0fd08
f800f005
fdf5f8fe
0705f006
1008050a
faf40001
12020207
090af806
13ffff07
fc0ff407
fa03fd02
fd0e08f3
01f4f2f9
01f5f6ff
fa04f9fa
fef20e0b
fbfef80e
000901f7
f80611fb
f2ff0412
f716f6f4
f7fe020a
fb06f8fc
f0edfdf4
06fafef9
01f60503
fe110002
01030dfc
f50d0ffe
0707fff7
00f5f102
fc09fdfa
fd0306fb
f10617fe
040c0efe
0bfd1a00
fe0e0d05
0103eff8
edfd08f5
05f7effd
090600e8
fa03f6f6
f401edfd
02fce800
080af502
f7f70909
070107fc
0cf9fe04
0302fb01
f9f7f401
02edee09
f9fffc04
ee0718fb
f9fffa01
010200f7
03f404f7
fae70900
f6f00904
0f06080a
020606fe
e6fff308
fe040c04
06f8f412
01f6f0fe
020a10f7
eb01030d
160a0b0b
1805fefb
0402f81b
02f30c0d
0601f6ff
f2fafdf9
f9fe0004
e9fc0705
ec13eaf3
110212fd
fc01f002
10f00700
0cee020d
f7f803fb
fd00fd08
040b0608
ecf5f816
fd03f4f6
fd04f403
0ff0f604
06f6f8fb
fe0507f9
f4f50aec
f6e806f4
f711f70a
0ffb030e
01fcf6f7
0112f4fb
0809f704
0ef70302
12fe0906
040802fa
ef0505fb
fd01f108
f808ff00
ef0df40e
f706f70c
0b04f2fc
f9f3f300
0b02f304
f9fa13f5
f6f413fa
ff0005f0
f8ffec02
090d09f3
0708f4f6
feebfffd
0b09f6f4
f507000a
f901f9fc
0808f6f9
fdff0203
0403fe02
fe0509fe
0d0d090f
07050406
0014f8fc
fffb03fd
050ef402
f8fc0c0e
040af906
f706eff4
0008f500
feff0a00
fafef409
f2f3fcef
e405f70d
fe090b06
0413fc0c
0211fc09
f5fc030f
f60903f1
0600fce0
07ec0afd
070a01fd
07f3f5f7
100b0208
0602fefc
f60910fa
f1f609f2
fbf009f7
ef0209fa
f5eff2f4
09faf4fe
ff0703fd
07ef0901
f9f708f4
fdf809ff
f3020c0e
f1040df2
f1021705
020af8f6
f003fef9
00faf1f9
f8fa0d02
0ff80e00
0704fc04
0411f2fa
f70600f5
0a03f816
09f700f9
fffdf7fc
03070404
fc100411
03ea07f6
09f00bf6
0c15f501
0a00fdfd
05fc1ff8
f70d02f2
0906f704
0bfaf403
01f8f401
f913f4f0
07e9f504
edfefff7
faf61302
fd03ff05
fe01fd07
00fa0003
fa00f00d
0102020b
0200fe06
0103f6fb
f203fefd
03fb0305
ed03f605
f8f9fdf5
f902f3fa
030205ed
1a00eff3
0f00fdf2
0700f404
01eb0101
0413f804
fc05f803
f6f00307
f20704f8
fcfa0b01
fc06fef5
07f9050a
0dfa0504
f30001fc
ecfef1fd
00fc0c05
0a1c0ffc
0afd010b
0d04fff4
ff060cfe
05f50dec
050808f4
020503f2
f804fbfa
0005fffe
0aff01fa
12fdf9f7
07020300
f40101fa
eefdfaf8
fbf9f00a
e7f4f709
ff080e02
06ea0206
08fb00fe
01090203
0303f2f4
05f60800
fbf5ef03
0004e102
06fdecff
f7f210fd
0deff6f4
fcff12f4
00fd0df5
f6060c07
05000200
06000002
05f4fff7
03060b06
fffe05f6
1101fcfa
e80103ff
06f8f905
f7f7fe05
180604fc
05faf107
fe1004fa
0606f90f
fa0205fa
12fdf603
08f0fc06
fef805f5
fb081405
f504f204
fa0a04f8
f50b02f4
12f6fa03
0d08fbfb
f703fcf7
fefe0f01
0700f4fd
02f708fe
09feeefa
fa01f2f8
fa0a0406
f50ffb0d
ff05f0f8
f0f5f6fd
f9070bf4
0808fe06
f700f613
0406f405
10080601
e9f3f801
04fd01f9
f6fee5fe
f9fdf803
0bf2ff02
fb10fc09
fd0bfcf9
0705fe18
fcfcfa0a
fef8ff09
0afbfdfd
f5fd0009
00fef70e
f6f6fc03
fb1002f6
f90af602
01edfd0f
fd0ffcfd
ff0102fa
01effb11
fe040af6
0b05050c
0f01fbf5
02f7f706
f4fcf6fc
16fdf4fd
0af70a00
f70bfe0c
fdfcf70f
130702fa
080103f9
fff4ff00
f8fffee7
fffdf10b
fcfdf4fe
faf90304
09ed03f5
fe0103ff
0afdf7fc
00f9ff00
0907f705
fafb0805
040a0200
f90b04fa
ff0e0807
e3f60cf6
0403faf3
06fbf7f3
03ff000e
fdfa0809
f60f0ffb
fbf3faff
13f8fbf4
fcfc0200
fd160401
f811fffe
eef200fa
0cfa1209
f506e806
ebfd0508
fb1efe00
00040b16
eff904ff
f9080bff
0c080bf8
0e08f008
0e150b0f
11e504ff
06ff0b01
030dfe01
e11df1f5
09f909f7
f4f8f703
fbf0f70c
fd080601
0a02e915
0603f602
02f80bfe
08f807fe
00fcffed
f1ff02fe
fef9fdfa
f9fc0802
f905f9fe
f704f009
f4ee1105
f8faf304
f9fcf5f7
0afa03f9
01f9f3f8
0f0101f5
e4e90504
0006fafd
fefafaf4
0a000315
0200f8f8
f1fdfd06
01f4fee5
0409fb0a
08010e08
ff090509
010b0400
fc050507
ecef05fb
f1f8f603
05f80415
ffef0af5
f7fdf2f4
ff16fb03
f7040e01
0905f808
09fb0302
ff05060d
00fafbf6
0704fff4
03edfe06
01fb0209
01f2f802
f6ff0101
fafaf700
0ffb0afc
f9e806f2
00000c03
010a04fd
0c09fc04
06f60809
f4f2f309
05fe0803
00fafa0f
fefafcfa
0000f701
f10c0a04
05f20305
fa0f03f2
03fcf8ef
0c070304
081005fa
f002fb02
08f30501
10f6f9f8
f9f6f906
f9050cfa
07f20e0f
0bf3f8fc
100bff07
02050b06
020500fa
eef70601
08f50bfc
130ff01b
08050401
08f501f4
fc080507
04f41807
030dfdf4
02edeb12
0106e0fa
00000712
02050702
f000e901
19fb0a04
0105f6ef
f80001fc
1102f9ff
f60c0615
f6fc01f8
e719f8fc
0d010a04
f70801fe
0204fbf9
06fe0214
fff71308
0f04ed05
f7fb1305
f7ff06fc
07010601
f9f40904
05fef7fb
1106180d
1a000107
f6ebfdf3
f5f109f9
0407fb04
00f0eef0
0a0408f8
fe040806
02120100
0cf703f7
fb08fbfc
0000f10f
1200f5eb
06090202
0bfd00fe
04f805f1
0c07f501
0311fa0c
0bf202ea
0c01fd03
01180607
0300fe01
0cfc0403
05fe000b
fd0700eb
fd010f1b
1100f402
0ef00006
07f908fa
0418fd15
f802020f
fef90202
ec0a0f06
fffcfcfe
f804f703
05f9fdff
03fdffeb
f4f8fef2
ee0701ff
010a040a
04030404
00f102f5
f4fef507
fff8f502
07f6f7f0
02ff1cfc
080afafb
080c0e05
04000501
07ec07fb
f8fb0303
f207fafc
ff0afa07
f70a0c0d
f3fff805
f808dee0
f9fcedfe
07eff40c
0600e904
08040eff
f9ff00f5
fa04ec0d
0afffe01
ee0c0e0a
000209f8
f407f602
ed000317
fe0b04ff
02edf1fb
051c09fa
fcfe15ff
fcf70203
0109f4fb
09fb14ff
f9080aff
11f8f2fb
09f5f4fe
0cf60700
fff2fcfe
fb040401
f60bf103
0a080209
00fa060a
fef2f608
efeef714
faf702f8
03f50206
07f9f1ff
08fbf709
f605ecfc
fcf205fe
f4f901ed
020df2f7
fffefffd
0af8fd0a
fcf207fc
00f8070b
fe07fbf3
09e2fefb
ef07f9fc
07ef1bff
fbfe0808
f4030404
f6f80bf3
fbf9fa08
fa040504
e71008fb
fdfcfbf1
ff060bfe
f902fce2
f2fd0107
eefdfeee
00ed10f3
0705020f
ef04fafd
01f9110c
fc01f001
fcfc02fa
f905f502
01fcfc03
f60d0603
0903f407
0d0cf600
0d01f908
f3fffef0
08fafefd
fdfe0f02
090bf8f6
f509020b
01f81903
f90512fb
020a0406
04f9fefd
030e0d06
e7fb0dfb
f9020afb
f5020e0d
010ffae7
fafdf109
0af6f800
0a13f4fa
fbf10b02
14f60ffd
0b0005ef
02fbf618
eaf10208
13f80407
02ff04fd
10010308
070705f1
1102fd12
fe080302
ee03fef8
ff01f91c
02070804
03ed0b04
05010520
fbf3f200
f6fce700
ff0307fa
04130d0e
fb020204
fd0806fd
05fbfd05
05110802
fe08050b
01eafbf7
04f403fb
f5f60c0f
03faff08
0902f6f1
09effbfc
0cfffdfe
09fc0805
f8f10b03
05fb06f2
1100eb07
070cf60f
0a0d0600
f6060bf7
e703f206
0c010402
07f5f7f1
040102f3
f7060bfc
0712f9fc
fd0702fc
f0fe02f9
f40103f9
ff0204fd
070dfb02
fb0eff0a
06eaf5f7
fd0dffed
f0f50cfb
04fbfa0b
fbfd19f9
1f16f713
f9fb0a02
0805ff03
1702fd01
04130503
0f0ef2f9
07f4fe14
faeffe0b
040106f4
0bf60303
04040a00
030c0bf5
0115fe09
10ff0504
00ff0afc
03fc00ef
050af7f8
f8fa04f9
fd0dfa14
fa050303
0c06f206
01ff0517
0801f5f4
000f0807
f70efe06
f3f90e00
f104fe00
020707f5
f60901ff
0203fefd
021201fc
03030ff5
0c150cfc
18010402
f3ee0509
08fd1307
070af8f8
0605fb16
1206f50b
fef5f7f8
e30a0b09
0f0cf70b
f9f8eb06
fc0009ed
06ef07f3
0401fbf7
fc090100
0302ee08
e904fafa
0e09fcf7
f30109fb
fc0ffd0c
ee00fb04
faf60604
0cf80203
080cfff8
0dfa14fa
0b0cecfe
0a01fd05
ff0501fa
faf80011
140a110b
fafa10f8
ee080600
fc10fcfe
01fc0206
030df90b
fcfbf8f9
0c0507fb
17fb0508
03000005
0b16fbf9
02fe0312
050bf302
090505f6
fcfefff9
110df4f1
ef0706eb
fb04fbff
0e080707
f2e4f3f8
0907090a
f7f4fb12
fff500fb
fe0400fb
fef601f1
06000a09
0ffb0c0c
fc060cfc
fefb0bf5
0a0ff41a
0afbe6f7
fcfafa05
09fbe80d
07fbfafc
01f1f3f1
eb050002
fbfcfa13
fff9f9f8
f30811fe
f70afdfc
f6f4fb00
f1f9f50e
fb01f9f7
fefff905
f8fa0e04
f113f9fa
f5fd060e
0301f603
01f71af9
04fc12fa
f805fe08
07fb14f9
ff0a0f06
f8000b03
010cfa01
01020efe
00effb12
f8ec08ff
f1080a08
0111e41a
18f8eff4
f9f40409
0a0907fa
0808fdfa
1102fcfa
fff60003
f3eefbfb
f602fe17
0b08f207
001b0704
f40608fb
f502141a
010afa08
0c10f40e
f7190301
ecf70810
0bf6ed09
f6f60aee
12f20502
01fc02f7
14010512
05f3fc0a
05120af9
140712ff
f5f90508
0af6fa0c
f6f9fe00
f5f50609
0805fe0a
fffcf2f4
fdf010fb
03f40408
f4fdfdfd
f704ff05
fb020116
0efffcee
fef4f50b
1004fe0d
01fc0605
0a140cf3
e9090aff
0905fbfa
f4f101ff
07f9fffe
070c0a08
fb06fa10
12f60b03
000202f6
fa02060e
0d010c08
00fdf504
f1f200ff
fa0d0608
010c0700
06f8f2fb
f31009f8
0dff0bfa
f1f8fb06
08020611
fb0a0602
0204e8fe
ef031e03
f6fb16f7
fd050208
120c040d
000b0917
0106fdff
d805ff05
0305fffe
04f60bf6
08f90113
0205ff09
0908f5fc
0701100b
03f800f2
fa010dfa
0ded14fc
fafb09f9
f7fbf4ec
f9f02009
fbfff1fc
f50312ff
0802fc04
00fffef8
01080d10
faf8f6ff
02fa00f5
03e8edf6
f1040e00
0c16110b
060cf8fc
f4f802f0
f9fa09f1
0ffe0908
fafe0003
180202f0
09f911fe
00fd050b
15fff40a
030d0400
0ef9fb05
f0f50d1e
1101f3f4
04000c04
e7060608
02031209
0bf6ee16
f500fafc
f2e810fd
02f10506
faf6090d
0c0004f1
f6fc00f6
0a000bf5
0a0302f4
f5fb0bfb
0906f3f6
f6f402fd
f603eff7
fa080712
04fa0afc
0af209f9
1ef70202
fc07f8fe
02fc0404
0a0e05fb
00ea0d0c
fbeb06ed
070bf3ed
120504f3
04f61109
06040ef0
0a0a010b
0df4ff0c
fffc1404
f804f60a
1205f5ef
1af00807
0803fb18
f50c0c03
0205f30c
eceffdfd
eff7fafa
16f501f8
fafc0fff
fff8ff02
1502010f
04eff30e
00080007
fb01f106
fdfff1ff
00110af1
ed080607
fd0bff0d
04061108
080efe08
fe050cfe
edf7fe03
01000df5
f4e20cf7
06f7fafc
03090a11
fa0b08ef
fff7ff18
f706ebfc
eb0301fa
0c1001fb
f80102fd
0dfb0004
020a0702
fb01f6fe
f6fe11f8
1108fa00
f0f41206
010d1201
f4000610
1906f902
fe0e15ff
000602fe
f5f4f4fe
fc010103
f602ef01
fd090309
0a0c00fe
fc090b01
0614fe17
0a061208
f50afcf2
03120009
011c0b01
07fff60b
eff6fe00
fa0e17f7
eff8eff1
11f60704
fc06fa13
f2fd000e
0004f8f5
0914f704
eefd0612
1405f302
1107fdfe
07f308ff
0508eef1
f907fe03
fafbff07
f2ff07fd
f501fe0f
120600f3
f505f90d
050f0401
faf60910
08fdfbfe
e6040800
f1fdf200
01fd03fe
0a0a0505
021009fa
16f70504
f504f406
fd0f0106
09fd0d01
f50cfff2
0401f804
03f8fe03
090cee09
f6020d06
0504f7fd
0103fef9
ffef0a01
06f703f2
fa040510
04fafafe
0302f900
fe0003eb
03f907ed
00fefdf2
f60409fb
11f5f501
fcf7fefe
fff1fbff
1007020b
fffcfbf5
0804010b
fd06f703
05fafef4
fb0203fc
fa0cfc08
f005fc08
e7f6f4f7
0e11f901
0303fe03
f1fdffff
060c0504
080a03f1
f4ff111e
ff12f011
fdfafbef
f2ffff0a
fffdfaf2
0bfd0bf2
0400f60b
f4fe0502
0c03010a
f6fbfcfb
08edf9f3
07f61604
0e02edfb
0709fcf6
f90503f9
001300fa
03fc0b10
0606e5fc
f9070aed
fc04f30b
fbf5ee0a
e705fff6
03010407
f30608f2
0003f101
fd0402fe
00f0e9ff
f9fefa03
01ff1414
fdfbfc03
ea13f306
0b02fde8
f9060608
fa0213ef
f606f40f
0ff6fd04
0d00eef8
fb0308f2
02f4f904
1615f1fa
00190ff9
fafaf6e9
0604fc09
0609eef8
05fd15fc
fc010707
0c08f106
f608f305
00f90a04
0ef30f0b
f806050f
f0fcf508
f30be40f
f6f9ec0d
080608f7
08effd01
060a0301
030cf8f2
08f40a0b
f8040206
f915ff11
08f6f4fc
09f40004
f20afbf6
00e803f7
09f80014
05fb0208
fef1f401
060d0d0a
fd0cfd03
030dfcfb
0cfdf1f8
f90bfef9
0009fef8
f8ffff05
04f10012
12090af7
fe04f6f8
07fd0203
07080afe
1603090d
02ee030e
fb03f302
fc090402
ff0a01f2
fc05f7ff
0afaf7ee
0f0701f6
110518ef
f6f70c11
0207f802
000510f4
01ee0402
f603f703
0bf9f000
fb03ff03
07f1f0ff
13ff09f4
f90cfcf3
fe03f807
fc060b04
00fcfd04
fdf7fcfc
0ef5fff2
f4f600f3
060608f0
0709f800
00f50a03
02fe0208
03ffff05
05f3f5f4
fbfcfb0a
05f3edf6
f7fd18ec
fc04fdeb
0507f8fd
f4f7f60e
fdf20900
e8f601fe
0a00fd00
f0e9fefa
08020605
02080efd
1706f10b
fc030b0b
0be71c07
ed070401
f102030a
00fc01f4
05fe040b
fe010307
0204e103
0ff1fbfe
0ffefffb
f01bfeff
fafe08fb
f2f5fef7
f802fff6
fefbf413
f0fdedfd
0d09f811
f107f901
051a00fe
ff1400f0
f1fbf6f9
00f004f1
05030007
01f7f600
ff060006
09f50df9
f9ff0105
04f70f01
f7fe05f9
05f70c06
09f507ff
06090a17
010cfd09
02f8f4fd
11000c07
ff0c0207
01fafff5
0306fd09
0ef91a05
0802fc04
0cff0201
00efff11
03fefb0c
0afa090a
0402fefd
0003f4fa
0103faf3
0ffe0de4
f60e0f05
0ceeeaf4
0afefc13
1df80919
0df0f2fa
02140202
eefa0905
f8fd09f7
faebf9ff
05f5fb0f
f6f70600
01f012ff
0cfbfdf9
0408f6ff
f4eee8f7
f6fff703
0cf606ff
00010213
00ff1407
fafe09fa
0405fdf7
0bff09fe
f5fe03f9
fb03fcfa
fdfb02f6
f2f81311
f00aebfc
fef90dfc
fa09edff
ee01f10c
fb0404fa
f30c0807
0b0a08f8
080e14ea
00f102fe
1a00fe1b
0e03f9fb
090107ef
fb0b15ff
0beef50c
fdf403f5
0af90306
fb0b0cf7
0302f500
11f6f4ff
f0170afd
0006f509
0e0a0704
f103edff
100301fa
11f90af6
0bf0ff04
050010fd
e9effefd
f403f6f4
1005fdfb
09030502
10190604
f400f1ed
fa0dfbfd
000af501
0201f1f6
f51cff08
f00303fb
f905fbf9
fd080aff
00fdfbf2
05ed11fb
0cfdff01
10fb0107
f7fef202
edfa2608
effb030c
f8010004
0906eaff
fb0deb02
fbef051b
0d12140f
f306fd04
f1150df6
0014f104
fa0a0a05
fdfd0c06
f81aff18
ff080607
fef205f9
fff50afe
fbfde3fa
02fd0efc
0004f7fa
f4f1fd0d
f207fae4
fcf7fe06
f8f112fc
0cf70c01
fffe0cf0
0b1a1605
0002fff4
f8f9f005
f80d03ea
fb01110b
f10800f7
fff90601
07fcfbed
0df600fd
07f80b0a
091005fb
ff07f607
1006f2f4
0cfdf500
eee80406
0f000606
fbfbf9fe
f50000dd
ff0b0dfe
02fbf501
edf90a0a
06f9fbfd
0107f10f
f3fa0112
08fc0508
1009f9fd
fbf2f9fe
07fa0f02
0a1a0102
05f7ff01
0603e406
03f9000a
06f7031d
011904fb
f710ef0b
07000509
f90e0308
f30bfe01
f70f02fe
e6f30cfc
1308eaf8
0102ff02
f5fd0aee
e7fbfcf8
0aeef1f7
0b06030f
01fefbfa
f8051904
fb02fef6
05fdf80e
05f707fb
f6ff01f2
0dfe0704
0a07f614
f8030bfa
fc02f806
ff04e80b
03020902
090cf5f9
f8f4e7f4
0cfaf5ed
fcf201fa
0703fafb
02f8ffe7
15f30402
f600fd05
fded0d14
f5fff5fe
1a1313fd
1403ff06
ff03ffed
fc0afa03
f5f904f1
fa0303f2
f801fcf8
f3ecf904
f907f9ee
0f05f3f6
f40bfdfe
f9eef80d
00000d05
0f0103f6
0afd03f4
f70afbfe
fc03fefd
f80300f9
0c02fb09
ff0bf1fc
f8e9f10a
f1ef06fa
00fff100
0af6f1f4
f1f7ed08
080411fe
fefff410
fefff612
06000306
03ff04f7
fe020b09
f6f201f0
0bfffcfd
060606e6
fa080703
05f8fdf0
09fb00fc
11fdfaff
09f1f901
f8f7ef05
ecf40d05
0de7fbfc
f802f708
fa090109
05010809
0806fb08
f8f107fb
050102fd
f502fdfe
e3e8f4fa
05f4fbfe
fcfbf9ff
06100203
07f005fc
f301f90a
0eec0a08
0607fe03
fa0007ed
f906fe0d
02fff603
fdff050a
0604f9fd
01070603
0204fff6
fd06eb0c
fe07f101
ff070706
070300fc
0507f6f8
0beaf9fb
0aff1410
fe0a1306
0e04fd02
f205fbfb
060dfffb
fbf8f3f0
0b04fa04
0e0802fb
fdf2f30b
faff0c09
0506f708
fef002fa
fafb08fe
f701fa03
f3f908f4
fcf5fbf9
10fff40d
fdfdf600
02010002
13ff0101
fffb0909
0509edf2
0bfcfc1e
01fdf3fb
0f0a03fa
1700f409
0801f0f8
f5140704
0010fa17
f2f6f505
0511faef
f60ef801
ff000000
faff00f8
f80efdf4
10fe0cf9
00ff0dfe
09fce907
011709fc
f60906f8
04fcfc01
0512fdf7
f5ef0308
ecf6f9f1
f6fef902
f8eff2fa
f9090205
fdfffefd
fff30604
f7f7f5fc
040bf501
f0fbf505
06000209
f104fd00
ff0d07ed
050efa02
03fc06fa
0009ef0f
f1fdfbfd
fa01f4ee
08e91213
0a0eea0a
ee04f8f3
f0fd060d
03fd03ff
eaedf50c
08f103ff
05fdfcfb
fc090bfc
05f3080f
ff0cf305
f701e502
05fd0101
07080309
f516e511
0d020502
061b030a
f9f400f8
07f80e05
f5060405
070dfbfe
140afd07
fbf8f7f9
0206eaff
f70402ff
fb0105f1
10f60eeb
02f90d07
06030ff9
f3f4fe08
02fb02eb
f8f80502
09f109fa
070a0af5
ff060702
07fef80a
12030012
02fb00f2
0902fbfa
1afa09fb
0603010e
fcf811ee
0601ff05
fafd0005
f5f40006
f60d0e05
09150706
03fbf6f4
0bfc0a02
f40afdfa
f9fc05f3
12eef9ea
f9ffed01
fefa01fc
00fefffd
04edfd03
070ef90e
0b021204
f60710fd
0d1404fe
fafef900
fef20611
fc04faee
0b070004
fbff0f07
01f405f3
f405edf3
f10a1305
00fff805
05f300f1
020003f8
07f904f1
fcfd02f6
fefc08fc
f7080603
fb0a02fd
0603fefb
12fc0b03
fdf3f40e
06110008
f811fbfc
f50d0d0c
01f3e901
10f90af4
f4000201
0b06f7ed
08f50606
05fff8fd
fefffe01
f010ff0d
f005060d
0f0416fa
0300fd02
f003ffec
0a150200
fbfc0410
fc140f00
f60af40a
0efd0305
fffd0b0a
f7f6f401
05fbeff8
0afbf90b
05fc060e
fe0203fb
0e05060c
19f000fc
0af5f8f7
f9f604f6
ec09fa04
ff080000
f3fefa0d
f7ff0d04
02fa01ee
fc030604
0afcfff9
08ff0a01
020803ff
05f00202
ff01f9ff
0ef3eff4
f902edf6
0301fb06
0dfd1dfb
f30502f7
0d080104
f20c01f8
ebf507fe
04f90a07
f91305f5
fb0f0509
f80b0901
01fafd0a
0712ecfb
04f00815
0bfc0a00
f60809fc
f6010bf0
fcf6fdff
0602f7f3
eff4f4e9
f90c030b
f3f6f709
05010201
fc020cf5
0d0d0e07
1705f204
f3f80706
f514f413
eff7fd05
0606f5f8
fa03fe04
f5f3100b
06fdfbf4
fc08f80f
080707fb
030bf0fe
feff0a02
04fcf903
f5050903
fd06050d
01fb0006
0c0a0cff
1506fa0c
11fd0c0d
f6040301
05fe0104
f2f7f9f7
0b091100
0806020b
04f506fe
08f6fbfd
f4fcf504
f9fbfc03
ee06f400
03f6f3f7
02f2fdf2
f4fd140e
020cfbfc
00fefafa
f8f204f0
0bf9f2fb
0006ff0b
fbf6fe03
09edf6fb
05150afc
fffafbfc
f6fb07fc
05ea0310
f3030901
f5f5fffa
0af01af7
ecfcfef4
0efcf812
ea060d0c
fc0afc0a
00fd03f1
fc14061d
0be608fd
fc02050d
fa0efcf3
fe00f706
01f60e0f
fafd04fc
07fafe07
f90dfa00
010cf8f4
fa0608fd
0208000a
040203f9
10f80502
fff6f70d
05fd07ff
0912fb0f
0a0b0504
010afc01
030e1806
04f6fff9
04100301
0a0af6f9
fcf806ff
06fb13fc
f9fbfe08
00fce8ff
02f70601
e80007f1
fcfd0805
fe08010a
f5fafd18
ff08fcff
fffbf5fc
fb0f0c00
fbff05fe
fff9f4f8
ef081800
01fbfbf2
06fcfcf0
ef08f106
f4f107f8
01fc0b09
f6f20afd
fc0d0400
0305000b
fd0303f8
f7100206
04ef02fe
fc01faf5
010b0303
0aeaf806
fdfdf7fe
040402f9
fa01f7fd
f70cf10d
fafc0704
0801f9f2
faf7fa08
0a040efd
0702fafb
01f20af8
071503ff
feff070b
010504f4
fd0b02fc
09f80cf0
f7030b0f
0df118f5
0607fc0d
06f7160b
0003fe0a
fe0ff6f6
eafd07ec
f8fa07f7
050409f7
08fa04fd
13fe060e
0afe0b07
ee0808ff
fa0804fc
00f2f7f3
fa010b04
0b09eaf8
fffd10f6
f1fcef04
040107f2
0a0b0f01
fcf90cff
00e00c0b
fbfe0cf5
12f9040f
f901f8fd
0003fc13
f40f0eff
01fd12f5
09020309
fbfef0f8
02f8ef07
f0f0fbfe
020102f4
f60b05ed
0cf80ef8
04f40701
f9091114
fbfb07fa
fbf207ff
f8f10404
f60df6ec
f60008fd
0ffb0604
f9110efa
fe05f802
f8fbf5f8
f1fefcf3
0606f4ee
0c0602f2
f702fd0b
0003f503
fb0611ff
05f81111
020cfbfe
04f3f80f
f4f800f0
fcf5fc0e
fc000ff3
010bf3fa
0600f5f1
010afefd
14000c02
0ff50005
0403f4fe
fc120111
04ff0400
f20bf3f7
1afcfcfb
041305fb
090d08f8
07fe06fa
0f0502f5
f5fdf8e9
05fffbff
0106f706
ef02f60b
f51112fd
0d0108f0
0402feff
08131103
fb0611fe
010106f9
01f609f8
f6fe0808
06fdf9fc
00f50c1b
f912fdf2
1b0af600
11060df3
0311ec0a
fefd0111
f1f7f4f3
edfd04f2
0cf60e16
00080b0e
fc0a01fa
fbfceeef
070a0ef5
f5fc01f4
02fd0507
f6f9fef8
07edfdf8
fafefc05
fd14f502
1106fff4
0b0d0306
0f00fbfd
0702ee11
f1100315
0e1107fe
fe04fa09
fff70606
1b060bfc
f6ff010b
fe04fcf2
05f30b02
0510160c
fbf1e3fd
01fcf6ed
12faf5fe
0cfffbfd
03f902f7
13020307
080202f8
04030212
f60df8f8
07f50207
0d14f9f3
f2fcf210
0a050d04
ec0907fb
faf101ff
03fd0210
fb0ffe00
fdff0bfe
07030af5
110df605
0bed0f00
fd02faf3
06f802f0
f2f50107
0118ff07
0409f2ff
ff05f006
0a02f800
e8fff801
f200fb08
f30ff5fa
effb03f4
0604f8f3
0609fbf3
fa011203
02f803ec
fb130a07
fefcf60f
f502fc08
faf3f909
f2010300
fafff607
0f060b05
fdfc16f8
090301fc
f3fdfefe
0206fdfa
0afffe0e
f8f5f6f7
f0fd0409
ecf7ff05
00020308
0205f904
04f9fa09
0bfd0310
04fdfcfa
11f30203
ec080c01
02fd02ea
080505f7
0a02fdff
02f30cf8
fe150e09
03f70008
fefefa0c
ecf9fdf6
fa0c08f6
16f903fa
fbf9f502
fc0402fc
03070005
0ff60bfe
05f7f8f1
0e03e5f9
f6f1f0ea
f603eb0b
f7fb04ff
fe0bf008
fdfbfcf0
f00ff5ff
f50c0dfa
fae8f405
02fe08f2
0202f201
0b0002ff
070c07fe
01ee080b
eaf6fbfa
f8070dff
0b0efc02
f5ee0409
03fefffc
f6020009
f7f50710
f9fc0108
09ff07f7
f90eec03
0cfcfef5
09070afe
0703e507
05f70cf9
0012eff9
060400f3
05ff02ff
050ef808
fb08f4fd
1cea1106
0506f1f7
ebf91100
05fff900
02f91a00
f4f8fd10
0101fcf8
f6140c16
0bfbf5f9
001403f2
02f50efa
fce115fd
f4f00a0a
fffb07ff
f8070908
fb0c1202
07030b0d
12060a07
06fa08f6
effafd09
07ff0a02
0c07f700
0804f5f4
0001f9fb
0df80904
f0fcfafa
f60c0107
020c0cfd
0e0af708
04fef40f
f4fc0eff
2201f408
10f70cfb
0403100c
0909f50a
f0030106
f603fe06
f8ff00f9
f90ffbfd
03fd030a
03070709
00f505e4
09fafff7
e6f5f7ff
0c0003e8
fa0a0afa
0508f1fa
06f904f4
f906f2fa
fd05060c
fd0204e8
fb030305
02f9f80b
f4030aff
fefef912
fcfefefe
08f20507
0a0f0aff
04f4fdf9
0204fb08
f5ef040d
f001fdfb
0b01fafc
f8eaf6f3
f712f2fc
f6171202
fa15fd07
fe00f9f7
ff12fe07
fcf3fdff
03fbf5ff
090901fb
0c1af808
0a000aee
14f9f0fe
0af60508
01040511
0a0c0103
f1f600f3
0b0d0712
04120223
ff06fef7
0a0b070c
0bf5faec
0ef20306
07f810f8
f712f7f6
020b05f8
fa14f7f5
fd03f3f7
00fdfb0d
03ed0602
fbf910ec
06fff303
0e000df3
0afdfb03
0306fb13
0a00f20b
f80f1bf9
0009edf7
fce40208
faf9f3fc
061204fe
f80cff06
111b02fb
07f2080b
0407fef8
100301fd
fefbfc09
f4f8f0fb
09fb13ff
05fd0b13
f1090202
f20a0707
0d030af4
f900fc07
f80f0b09
f90e0102
0a1309fa
040d0f0b
f7f7ef08
0bf7fa01
0315fd05
f8030807
fa0afc01
f9050cfa
f4000105
03f7fbfc
edf900f9
ed0c1500
1204f5fa
00ffeb03
fffc06f9
fd00fe03
07fe0aef
fdfaf007
fff6f60a
0212feee
fef20003
f9fb1605
f1070904
0df80802
fb150113
f80f0712
f91104fe
03fb0afe
00f5040c
f9effffa
f90602f4
03fef40a
0508f107
01fefdfe
0dfe0cf0
0cfd0c0c
0ef00afe
fa04fcf5
ec0b0607
fa08e1fd
fdfe05f9
03f3f808
fb000cfd
f8060610
06f3e403
09f9faff
fd0af3fa
eef916f2
000606ff
061704f8
effdf3f5
01140a09
f80b000d
000800f1
f3eff9fe
f5f70108
030d00fe
e6f6060a
f41400f4
08021414
01f3f8f9
0cfc04f7
0106fd0a
0a0308f6
0e0dfdfb
02f50707
fa020ff4
f90ff802
eff9f60a
fefdf5fb
090be6fe
02f8f4f4
00ff08f7
eff204f1
08faf70a
02020706
f10002f8
0001fc06
fdf4fcf9
f3f50700
04e80305
0df10cfe
f8f902f7
0200fffd
f3fe01f6
fcf6fa01
f906fd00
f1f40607
f6f3ff0e
f1f405fb
f2fbfcfa
fc09e900
1f030103
fe040cf3
0504f900
130cfc03
010cede2
fa0d08e9
fa12ff06
0005fdfe
01fef3f6
02fa01fd
f50109ff
edfb000a
f302f5f6
fc040315
0d00030e
ff00e411
0ce9fbff
0efdfc07
03fe0b0a
0ef40f00
07fdfbf4
eb01fa07
02fdf6fb
fe0c0f14
0ffc09f9
01fff9f2
f0f808fe
030b0304
06f808f8
0703f500
0cfd02ee
050505f7
f4f3fe06
06f6f313
e601ee03
0ef9f406
f40308f7
13fa0f03
08f60401
16ed07f3
020d0d02
170ffc00
0e070feb
f5f8080d
fc020b0f
14f8f0f5
f10cf901
f9ff0e01
080c030d
0b100cf5
00f3f5ed
000c0101
0bfd05f9
050907f4
13040412
07f9050e
00fd08f6
f7f5fdeb
0300fe03
0e0b0406
f803f907
02ef040a
04f0fcfa
05f7fdff
f4030f09
01fa06f1
0004fafd
0f02f307
fefce9fb
fbff10f9
030cf6fd
0ffe0001
0d0200f6
f4081511
020300f7
00060109
0000f607
0af8f9f4
030605f0
f90bf9f8
05090617
05f905fa
01ff09f2
04fdeff7
f9fffbf8
f4fe0812
fe07fc0b
01fafbfd
0d000b0e
f7f4fa09
15f80efc
eadd0cf5
0ffffdf3
f608f605
05f20203
fe03f705
0b10fe09
ff100d06
f9fde304
0b0d07fb
f50708f3
02ee0203
0cfbfd03
0803fc06
f9fa0d01
0e04f1fb
f0fc0f09
f2e9f700
0804fb00
0af40d06
10ff03f9
f4020ff6
00f7fb01
f90908ec
0bf7e50a
040c0203
f1070007
f4f70a19
f70f05f7
fcde04fa
0708f607
f204fe06
05ff01fc
e8e90806
fc041000
fb03f802
0303fc08
fb0300ff
1ff8f7f7
0f0401fd
fefb02f7
f8f2fa05
f708fdfc
fe0601fc
f9030a03
ed09f7f9
071307f8
0003f5fa
fb09fdff
f6fa0b09
02ea08ea
edfefe03
f3fd09f5
f70a09fc
f9eff90a
0404f609
f3f5f80d
fcfef1f0
fefaf714
01fcf503
0b06f806
0a06000a
0b0f0c02
eef602ee
f8f6ff0a
f60efe0a
f8f80efe
f3f40206
ff02f10c
fbfe02ff
04fbfe03
fbf4090b
f60cfdfe
f4fcf2fb
f2080de8
fcfdf413
faf515f9
f514fb07
01f50600
f9fef6fa
f50dfff8
f7f1e708
fef712fc
ebf419ed
f40717fc
fffd0106
fdfffaf6
ecf704f9
03fdfefa
fbfb10fa
fa00fd05
05fbfb04
0305fd0a
fa0619f9
02fb06f5
fa030104
1308fe00
f709eafe
ff0afaff
02040d01
0bf80b08
00f1050e
0507fd09
0706fa02
e703fc0d
ecea020b
08f6fb0c
04fdfbe4
0e0101f1
0005f705
ed030ef8
faef1410
09fbf6f8
0909fcfa
060b02fe
07fb0204
f306f201
ec010efd
f5f5fffc
f4f9ee01
04f4f704
05fd000d
f9fe01fb
f80606f9
ff070905
fc09fb01
f5fff802
fdfcf30b
05faf603
0c04f6f7
0707130f
fe01fff7
06fb0bfd
07f8f5fb
fc010c0d
f0090c0d
00051308
fbf4f709
fff00f00
081afa01
f508fbf6
f508ed09
02f819e7
06f2fcf8
05eef1ff
0dfce403
fdfdfc11
f002fd0b
02fb040a
04ef09fd
ff17ff10
f20a12fb
fcf6fc13
f50a1001
f300fff5
f9fef90b
0508f608
fd0b0304
f6f2f9f0
0802f60e
00fd02fc
0903ff06
0e0c0813
f80315f9
edf90f07
fbfe01fa
f9ee0ffe
1307ea04
ff07060c
02f0ff0a
08fcfdf5
f603fffe
f4f202f5
14010901
fe020401
11020dff
f707ffff
000f0505
01ecf7ff
fdec0304
10100b02
f00c0701
f3ebf005
f8fe0ef5
09eff700
0403f405
050510f6
f800f61f
f8f2fc00
00050403
fc05060b
000af9fd
f908fff7
06e9fc02
0506e5fe
01f6fa00
fd07ec03
0afef506
fcfa0408
f8f4f5fd
0df6f4f1
f9f5f9ff
fb0fee0d
0406fef4
f7020700
f5fafd08
010a04fe
0bfd0c07
04050a0b
fbfe0a07
01f81107
fefc0308
02ff0307
f5f60613
01fc0108
01fffaf1
05020305
f91103fa
000403fe
0b0002fd
0800fd10
09f71408
faf8090e
08fc0cf8
06fefa11
fd10fefc
06040307
02f7010c
f2080df4
fd07fbfa
0703f404
e90e01f2
fd00fd05
00ee07f3
06f4f2ff
0b11f402
fdeffafe
ea0efef2
0cfdf313
0ef7fcfd
fa1b0205
04fdfe02
eafff0f7
ff01ebf4
07070304
100b020c
02f10ffb
fbf60a04
03fbf3f6
fc05faf2
0bffea02
06ff0415
faf1fbfe
06f30804
0de906fc
f604e90e
fdf9f5f8
0704f70d
ff120203
07011311
0d04f50d
f6f3fb12
14fc0605
08fc09f2
f5070107
0101fa06
07fb0210
11f1e6f8
0cf10b01
0a02f9f0
ffffe7f4
ebf2fef7
eef80510
f3fd00f6
03f8f3ed
ff0bfe0c
04061801
0013faef
08fe0805
04f5f404
de0ef7f1
07fc09f5
0604fc0d
05010108
fb05fc10
00000d04
05070110
1c0f0804
021a0908
00ef0afe
e805e810
07030f07
0a0000f6
fff3fd03
f40b0807
f20211f5
fef109f4
0c0cfd04
f2050304
ff01fc03
f40b030c
fe04020a
f903fdf9
04060501
00fa0be7
eff8020c
0a07fffd
0316f604
000efbfc
0c0b11f3
feff10f1
fffff404
fe01f900
f2f60afa
06080c05
fdfc0607
0616fc06
070402f0
fcf102ff
0f090f04
10faf200
01f7f308
fdfc0509
fbebfb00
ff09f8f9
0a00f4f0
f4fdfd0a
0bfaef07
0ffefd03
04ec110c
f2fd1502
eef00203
0606e8f5
0cf60afa
0c01fc00
fcff1001
06f9f9f4
09000103
f3fcfff1
0605ff00
030900f6
fe0708f8
fb0ffe10
ff0cfffa
020509fb
faf607fd
fc05f4fc
eefc0bf7
fcf900fc
ff0301f4
ff07fefa
00fefbfa
f6030c0e
0ff8f60b
07f6fe0c
ff11f001
0601f3fe
f70b0307
fffe12fc
f6fc120c
f005fcee
fffdfc01
fd0601fc
11fe0bf9
05fc0bf6
fa04fc02
110d0af3
010ef6f7
f607ff05
faf503fd
f61d0e07
ee010d07
0e080cf5
000001f3
07f9fd14
f30301fc
19fbf3f7
00fcf2f6
f7f400fd
1303fd07
060a02f8
ff011310
0a130bfa
04040002
fbfd00fc
12fafaf6
07fdfaff
fa05f8f9
0508000c
f6ed01ff
fbf706fd
fb030205
01f804fb
fb00060d
fffaed08
ff0b0d00
040400fc
04010d07
f711effa
0bf100fc
03f20efa
0307f4fd
02ec0b00
ff000c05
00f40c07
0d00f3fc
fefd0af5
f706fdf8
00060bec
f60cfef6
0709f0f3
f310f412
fdfd0607
040105ef
00fff60b
01fc04ff
f1f6fbf6
09fcf3fb
12f8fd08
e8001411
05150b05
0f060403
05120400
1401f7fe
f90307f5
01fafc11
fdfb060f
fe1605fc
f6f703f7
0a06fc0a
08fbf902
fbfc01f1
0c14f4ff
fdf2f804
f9f4f9f8
03f6040f
fbfa0506
f5f10d13
0c0afbf8
ff0bfe0e
06f004fb
fdfb0c01
19f6070b
f5080200
f4030f02
f7ecf3f7
f7fef109
fefaf6f2
f2ec0602
0604f205
ff0e0503
ec1102fa
fefbfcf8
f701f900
0004fa06
1501f0fe
fbf51300
0f081309
f500f4f8
0ffcf504
0808e802
02fafe03
ed0203f4
05070101
08fff90d
0c100f0b
fcfaf905
f8fafa00
fff4000a
fe05fa04
fa0a0200
fc0bf5eb
090004f1
ee11f207
03fd06f9
f30b00fb
0606070e
fffcf7f7
f2fc04f4
f50200f8
fe0304f2
fefefd03
01010709
08fb0efe
ff08e8f8
0bfcfbfb
0a081012
fdf000ff
ff060608
0f0cf2fe
ebfe08fd
01fe01fa
100700fb
ed06f600
fc07f6fb
f80d09f4
f7070bfe
0ffcfefb
eff60a02
faf7fb09
f305f607
19081ff8
fc0ffd0d
0b150cfe
f1fefc01
f6f2effe
ebfff9fe
01ec04f9
ffebe901
f4e9080a
effc120c
04060a14
f0fceff8
01fef40f
02f30310
08f80408
0b0517f7
0d0000f7
f9fcf2f8
f408f00d
02fb0e00
03f61107
04020b05
130801f7
fdfb0405
f8fd090b
f3ed0af7
0d010505
f80515f8
01070bf1
f6eb00f7
0e1307f9
01fffef4
f408f1fb
fb07e9f9
03f11900
fdfd2002
fdef0af7
16ef12f3
faf7f303
050bf20b
fa15f304
00fe0bfd
fa0203fc
0806f912
f8f0f80e
f5e7fe02
f9fb04fa
ee0efd01
0b010210
f80c1bf6
f9f9f604
f8080402
07ef03fa
0402fd0a
fe17f803
06070402
fbfd060b
04f91bfe
f6ff0300
05f6f6fe
010a0001
0104060a
fc03fcf5
02fc0308
f8050802
f603f9f3
09f7f4f8
fd0307fe
f5fd0606
050706f8
11faedf8
fcff030e
eafff504
01fcff08
00fef3f9
fcf304fc
f0e304f2
07090bed
f903fb00
0400000a
02fe0200
09fcfa09
0b15f7fd
03f7090d
e80b0508
fffe0108
0204f5fc
100611ea
f8030209
1200f9fc
fe02f702
fc081300
f6f51004
0903f901
0303fe01
00020af7
f2f9fcf7
07030cf3
f90ffbe8
f905ff02
f6fb07eb
00fe08ff
070904fe
03fdf6f8
fdf9f805
0a05fdf4
07fcf3fb
fffa010b
f6fffff3
0302fb02
f408f9fd
fb0801fe
f2ffeefb
09f706f3
15fef9fd
040808eb
fd020400
0400050a
0e12fafe
f8120107
edfff501
fb07010e
010406ff
f802faf4
f9ff02f4
ffffefee
0d080913
fd09fe0b
fb010e05
06ee00fc
f9f60103
03f30a01
0b000e08
0af6f5f5
f50708fb
faf9fd0e
fe0503fb
fafd0c06
f805f7f1
0303f80b
0815f104
fef6f1fe
f9fd0b05
03050005
000d07fb
f9f704f3
e80201f6
fc030409
0107f9e4
0406f50f
05fce9ef
0a0c0cfe
03fd0af4
0703f901
12f1ff02
f7ecf9ff
0afafb06
f7fc03f1
0702ffff
fdfaf510
0604ff07
fffff500
050af6e2
12f2f206
07fc0017
f4fbfc1f
f4fd0918
f8fe0705
f5040ff8
f4fb11fa
f8fff9ed
06f3f901
00e90bfe
0a0b04ff
0803ec00
0805fdfa
f7fcf7f4
080e080b
0dfef303
f9fff401
0405eefb
03fff8fc
fbf5030b
0404120b
0f09ffee
07f9fd04
f90e0e02
05fbfbfd
fd03f4fd
f707ebfa
040206eb
08f7f0f9
080afbfc
01081300
170101f4
eefaf7f6
f90907f9
fcf2f1fc
f8090407
0a0cfffc
09fff6fc
11fe0202
03091701
0105fe03
fc08fc0c
0f0cfaf9
ff0812ee
0dfdf9f7
f2effefa
08f502fa
03000508
050712f6
04f8fe03
0905f8fa
0404000a
03020904
00fd1d10
1cfcf808
07fef6f2
00faffff
fef90be7
f6fbfbf5
05e20000
040107f9
f9000900
fc0bf3f8
f20df9fe
fd06f900
fcf211fd
00fdfcfe
11010404
f9fb00ff
01f606fa
0ff20003
f900ff10
0407f002
f906ec02
010aff07
fcf8fe10
04f6f4fc
f9050cfc
fcff0bef
f711f3fd
f8f2fa04
fefbf308
02f6f0f4
eb0bfdf4
081108ff
0bfa03f0
eef907fa
fafc0104
fe12faff
09070914
0500fb06
0c0808fd
f207fc03
ff05fe15
0812ff06
01fc03f9
f9040af8
0ef712fd
0003fa0d
f3fe00f3
02fff2fc
13f306f9
020b03f7
f30408f9
ff0ff6fa
f60dfefd
04fef405
0400f405
080efffb
f40b02ee
090e1203
0a060000
0ff60bf0
e6fbec05
03fb020b
12f20014
fefdf4fe
fdf50302
f307090a
05f60900
0f05f9f3
f502f007
fcef01f8
f80703ff
00fbf104
f80302fc
05fc0bf1
e9010d01
0dfbfa18
0303f600
ff090408
faf8110b
f7fbee01
04060b10
f80a0208
fef8ff07
07fff603
0402fefd
0304fbf9
f5f3fcf5
0a01f80a
fd0004f6
fb031517
fd10eb06
eff5f3f0
0af9f702
ff1108f8
0910f9fd
f80d0510
fffcfa03
f9ebfb0f
080ffde8
070905f9
f0f3ff0c
f9091812
07020a02
f804f702
0900f400
fcec0af6
f8fcfc0e
fff20417
f401090a
0d0500fc
f9020119
040d11fb
0bfdf90c
050ff2f6
04fe1a04
0dfa0003
090008fe
fb17ed0b
030dfffc
fafa0ff7
080406fb
f506f204
0d050311
19fff7f5
0a00fef7
fde7f908
0ef4f7fa
f41503ff
06040801
f5fb0709
0e020805
fd01fefc
00f50002
fc06fef4
0cf6fc08
f4070300
f90cfbf1
0ef2f1fc
02fd04f8
0bf8f709
fbf4fc11
f707faf4
f402f002
fdfd0d0e
00f0fb09
fb020209
f40011fc
f7f10d05
0a050a00
0c080016
f0fef8fb
fa000903
0c08e0fa
0dfa090a
05180305
fa01f90b
f7f2ffee
ff01e8fd
1a0f030d
fdf5ef12
fcf403fc
01030d05
01f200fc
ecff05fc
10f61d06
06fdf301
f4fefd04
00fffbfb
fbf4fa00
08f50b01
f9050304
faf805f7
fc0908fc
0408f9ed
07fcfd0e
f7f2ff00
fa01fa00
fff506fb
ff01000d
f8041103
ff040707
0b1b03f9
fafc010c
f7fffefa
010100f5
0508eaf7
0606fdf8
061915f6
06fc08f6
0b06fffc
0508f408
1501f5f9
f7f00bf7
f6f710fd
fdf80004
fa02f9f1
07fc05f6
05fb02fc
03070c12
16000cf4
f40702ef
ff05f9f8
ff0bf509
f50ffc09
07000217
fc11f4ff
0cf805f0
f20bf207
16fa060a
fc01f910
f5100810
0d00ed02
fc12f600
fc0006f6
fdf807fa
07e804fb
f8030f13
1f0c0200
fc11efff
eff8ff09
0f0cf915
f9f0f1fe
081202f3
03fa0202
08ff0807
0af600f5
fc0401f3
07f603f9
fff2fc05
06f60507
fa1816fc
0af20bfd
fff90703
f305ed09
0af900fc
08ea040d
f610f4fd
0300f200
ebfb0807
0ef3fefd
0708fdf4
0009fbfa
ee0015fc
f404fef5
f90807ea
0af4f902
fa0708fc
0df7fa07
0916f904
0fff0b04
05ef00fe
f503fb12
03fafe03
f3e8f202
0dfcfa02
fb01030c
02f3f604
f7fdfcf0
f9f7010b
08ff0b06
f50110fd
08fdff02
fafa0407
081205fe
f800fcf4
0b09f2fa
f8f7faf8
1cfce705
f9fb00fc
ff0301ff
07fef3fa
f1f3ffee
0b06fe08
03f902fe
edf5070a
0e02090a
0c00fa05
10f2e5ff
0210f5ff
f8fc0bf7
09030308
f8f40609
f4faf807
0901f30a
f6080907
020df501
fc0ef7ff
060cff00
15fefa09
f8fdf8fc
fd0d0a00
ef01e8fb
ff01f8f9
f1030204
f8f6fe04
0fff04fc
0bfbee10
040af507
fe04f900
19f1f7f2
04fdf400
ed0110fb
0f0bfef7
f8fefbf5
f50d0e08
02080302
08ee051a
f305f3f8
fc0c0512
f7fa04fb
f8ec0903
ecf8fdff
faf706f7
20020309
fd1809f7
11f9fef0
040ffc11
fc030801
fe01f505
0101f3fe
f2f9f8fc
0a0601fe
fbfffeec
fc0112f9
fb16f905
1109f7fe
00fe06f1
01f50208
05fcf1f5
00f6f908
0cfbf7f9
f809f4fd
ff0d0c0e
fb04fdfe
0efdf2fa
f8080316
f90f0b09
0204f7fb
fdfa0bfd
ff0118f6
faf2f80f
0bf9000e
070cf8fb
fff6fb0a
faf901f4
0a1004fb
fff8f31b
04f802f8
ef02ef08
f9f5ff08
fc00fc03
00fc0107
070f0bfd
ff000607
f6000509
f3020315
00f803f0
06f2f6ef
09f21100
090600fa
fc0107f4
000008f7
09fcfcff
f4fbfa0d
fd00f806
ef03f7f7
f7f00106
070500f5
06f9f806
070df103
00f9f70e
15fe02fe
ef08ee07
05f916f7
f3fb04f7
040703fc
08080508
fd0204f8
efe3f9f6
effef600
080514ea
f30201f6
040af300
f4f7fa07
01031e03
fa000f0e
ed03f509
00e80105
f909f207
0a0b0ef0
fef00213
fe17f6fc
0805ff0d
06fdeeff
fcf50605
fdf9010a
f4fff218
f3030a08
f91003f9
ebe8faed
fcfa010b
00f1f905
14fff601
fd000402
f3effbf8
f7f201fb
110802f5
01f5f3fc
fe010ffd
f9ebf4ec
05fef9f0
eff4f1f9
0bf8f6fd
fa0a040a
ff00f50a
07070507
fcf00504
080a030b
0809fdfe
f7f2070a
f3fbea04
fc0c0b0c
fa020bfc
07010711
e90afff9
effef708
eefb030b
0ef8fc04
f2f00afa
fcf50bff
f2fefced
01eff002
010202fe
f6fcfffd
09030a0d
fcfc02fc
f5f70305
011d04fe
00fa0a03
fc05f910
f8ff0111
150007f9
0cf2f710
ee0cf607
ee09010b
0b0e1509
120200f9
f4fafd03
f4fef2fd
14f8f402
fef4110b
fe030106
06eb0701
fd03f80f
02fbf500
05fced01
0707f7fe
f402f50c
08f9fcfa
01f6f908
fef90602
fb040501
fd09f70a
f5faf2eb
02fb0ae2
07fd1905
fb03fdf5
fcf60911
06f1fcfd
01fa000c
0af9fef2
01f80109
0617f7f4
fbfd0005
ed110207
fb02f504
04f508f2
09fcfff7
f815fefc
fffb11f1
090902f8
ff0cf2fd
ea0d0e12
01e5f8ee
f9fe03f6
fd01f101
05fdf7f6
0502041b
fbf40209
fa02f306
06f31808
fa0cfefc
0c01fb0c
0709ff09
01f1f2fc
edf8f0f2
04ffecf2
120c08fb
13fbf6fd
efeafd0f
fbf9ee0b
0212fefc
fe04f60e
f906000f
04040806
0906fdf9
fc010b01
eafd05f1
f70d13fe
03ff0a0b
fd0103f5
1302fe01
f904f9fe
fc0f00ea
fff6fff4
05f7fafc
fbf6fd0e
0303fafc
02010602
0200ecf4
fefafa0c
fdfbf60c
fd14fb17
02fd040f
0afb04fd
060504f7
fdfc1206
060afefa
fefcf505
ec09ef02
f6fc0204
fff80301
eb03120a
f8f90e03
fc05e900
1204f4fe
fdf70bf4
fc0e0003
0008fafa
0902f7ff
0bf50606
07ef0304
010a03ff
0e05f2f6
fbf606e8
fbfbf3fa
040707e0
14f80903
0801ed00
f407fbfb
11090816
0afd0402
0cf9fe03
fd060303
08fbfd04
fe02fce7
00eef4f9
080902f7
f8f3f405
f807fd0d
ee10fc04
02fc0601
fefffd0f
f0060502
ff0f0c00
0bf8feff
f8f7fceb
f209fd03
fd01ffed
fb18fd01
e9fa060e
f809f6f3
fc00ffef
f2f6030c
fff602fe
0a0dff03
fbf4fdf8
ff01f708
fdf60908
f30105fd
fef0e7f7
0a020008
f3100104
ed0f0910
0215f8f9
1ff0faec
0905f8fb
fc0f00fd
e7fc01f8
0bfb040f
0e0e12fa
fd080a05
ff0efb04
03fb0408
060401f9
0a01fb02
ed01fefc
eaf4f9f6
f801010b
16fffb02
000909f9
e7010216
f9090dfb
0ef8f9fd
fbf2fbfc
030bf508
00fe01f7
07040801
0ff70008
f31008fc
03f40402
f6f801f3
f2010812
fc0603f1
fc0c0f07
f9fe07fa
04080cfc
060511fe
f9fe0005
000e0106
f8f8f1f8
0200050f
0201060c
03090200
fc030d17
f20d02f9
f818090b
04000800
f8f305f5
f7ecff08
050107f5
fc0bf6f4
0b070202
f008ecf8
fcfd0803
fc08fafb
111108f9
eef700fb
02fcf3f4
f6f4eff3
f7f00618
f5050c00
fbfee9f4
03fd0b0a
f3031902
f6fdfa09
f9f819f4
f8fb04f5
fe0c00fe
f9fe0d03
ff0afff3
f4f5fc00
0305fcfd
f3fdf9fe
f801f9f5
f9fcf600
15070207
edfbfff9
f5f612fe
07edf200
fffe06fd
02130209
09ff00fd
060b0ff2
0410f8ed
02e7f00a
f8ee0703
fffdf6ff
0005ffff
f005f9f4
f3fbf3f3
06feed03
00fdff19
f9ec0c09
07f3f9fc
09020be9
fbf6ef08
130f040b
0af60112
03f70c12
05011005
07ff1006
06fd0607
02ff0306
07fcf80d
000c000d
fff8f5f4
f9f70101
08f70b10
f2ee0602
0bea0205
fafa0afb
100c06fb
ed130bed
f4faf70a
09090607
061002f6
11ff0af2
0905fef8
f301ffef
f103140a
f604fe04
07f10005
f80303f4
0ffaf6ef
fa0eed09
06fe05ff
05f8f909
0807fbf4
fa13f615
fd071107
fe08e8fd
03010af6
faeef7f9
06ffff09
f6e5edf8
fbf3fcfb
03f003fc
04f5fdf3
fdf10203
f6f805eb
1aed0afc
f1fafffe
fcfcf701
01ecf7e8
0eeffb0d
0afe0afd
fbfb08fb
09f80f08
f0021604
e9f7f6ea
0eeff1f1
ff05fe0c
0501fb06
0bea050b
0609000a
00fcff00
0cf300f8
00fcfdf3
0107fc00
02ed06fc
fbf6fefa
fef9f406
0708090e
010409f7
f6f8f706
0dfa08fc
0901ffff
ebf90207
0101fdf7
f8ecf7fa
f203faf7
0a050d08
f90df4ff
ea10f6f8
00ff06e9
2007f203
15eb06ff
03f90df7
f60706f8
0ef80906
0804f0fe
02f909ff
fff4fe06
f902f6fc
07ff0bf8
f7fd0003
f1f8f606
01eef50c
010cf6f9
f4060800
ff05fd00
0809fffd
f401040f
05f302f7
0f0503fc
fb09f206
fdfd0801
fc050809
fbea0402
05f4fa0b
02f206fc
051006fe
0a060dfe
0507ef03
06fb0304
fafa0008
fdeefa09
f9f506fb
061b0fff
fe06faea
f90c0df1
f80b0106
08ef10ff
f5ef0102
03040efc
fc010dff
f9eef8fe
edff0404
f3f004fa
f607eef7
eef0fcfd
fbed0209
f60ffc05
fff6fe02
f1f7f6fb
fb08f408
0ffb1003
0205070b
f5f6030d
0606fcfc
04fbf20e
f4fbe602
faed03fd
040405f6
fbff0100
f4060715
f5ecfdf9
03f7edf7
fb11ff0a
f70ffa13
06fd00ff
0407edfc
ff0d0c18
ff08f9fe
faf1fb07
ff01fcfe
13ff0a16
e0f4fefc
fa13ecf8
00f30705
f1f8e600
04fcf201
0afdfe06
f9f00bf9
fbeb0203
0d03effd
fff3fd03
fa030700
0feff6f8
f1080a07
f4e9fd08
0afa01fc
0300f714
f1010c06
0af3030b
fdff0aea
07ff09f2
f7040709
04030014
f8fafb02
fae205fe
060108ef
12fc0d15
f9fef00a
ff0bff08
fafdfd00
f60706f5
0d00e9f3
0102fef4
f6fb06fc
fff702fe
160703fb
06fa0e02
060af4f9
f704f804
fa02f516
fb00f209
fe09f704
070e150f
f700eff8
fafc0c07
0301f6f7
04f5fb00
1c0000ff
f2010a08
f308fc12
0500f400
eb00f808
f7e70bfa
050108f8
0f15fd0a
fbfdf708
150fe8fb
ff09fbff
0decf506
e805fbff
eefbf60d
1406fef9
06130d02
05fbfaf0
03fafc0b
f205f5f6
fb16050a
0503fd00
04fb02fa
edf00d04
07f60508
fef508ff
fc080f04
ff11060b
010b0307
080505f0
00f7ecfa
faf0f90d
fb01ed09
010802f1
000e1608
ff0a0c05
f7fe0a0c
160f0f01
f8050e03
f3f8f4ff
fbf9f50c
0de8f618
f8fefdfd
01f5ec0a
f1fa00ea
08ff0d0f
fb080200
ea000106
fd0e0102
01fbf5f4
fc0b0ef1
e810ff19
ffff00ff
0bfd12f0
020201fe
f4f70803
f3f50bfe
f1000df1
020cff04
0008fa0c
010808fc
03effefc
031b05fa
f4f8f60e
010b00f9
f80110ef
f9f9fb04
fbfd1502
000407fb
0aedfa12
07f10a05
0af90405
0efcf601
0602fef9
08f607f9
0afdfbfa
00f806fb
03fffb11
f3f80aed
f4fefcf1
fff70800
e0010d07
f50b0b06
fcf81016
0ce70e10
13ed040e
0afd021b
fef803f5
f3f6fe14
0405010a
fe04f7f8
ee05fb01
0b05fdf2
f20a05ee
120bee06
eb04fd1e
010d07f3
f8fc0702
e7ea0707
0d02f500
00f80304
e6f7eefa
f10301fc
ff0a0507
0405fded
020e01fa
0df6ff01
0afefdfa
17fceafc
04020cfb
090aed0d
fc01f614
fffc02ee
01fef206
0debf212
fc06050b
0008ff02
f7f7030b
f6fd0109
0007fdf9
f9ee02fe
0111f70f
f904e0fa
010bff08
fefdf903
faf1ff03
05f6f1f5
03ff04ff
fd0f0706
f3050703
0705fb06
09f8080a
f70801ef
f2ff1609
fbec0d01
fa08fd02
f302f612
04f60d07
f7090d0b
10f8fa0b
f9f1f6f1
0d00f601
f9f904fc
fd0d0301
0f0c1a0d
06faff03
14020202
0ef914f8
f808faf2
01f6fd08
f0070216
f9020a1d
0e03fcff
05f4fdf8
02e4fff4
fb0a1006
faf907fc
f802f9f4
04f2000e
fbee0c05
06f503fa
02f400f0
eb1a000a
0e08fffa
f9f2ffe7
ef0cf717
f7f5f8f3
0404f8f3
fd020a00
fefb04fe
18fe0112
f3fcf203
f8f3fef1
f9080203
fb010506
f8fd0303
ee020f09
01fff90c
e2030414
05fd08f1
f60818fe
2000f903
0000f6f6
0511fff8
0e081403
fcf30404
fe020105
fb06fbf8
070e09fe
031a0503
01fefaf4
03ff0308
0d0907ee
0611fb11
00f015f9
f206fafb
0a000009
fafe06f8
f6fffafa
0cffeeff
1601dcf1
11fff501
00fd1008
0c05fe0e
fcfe0a02
fbf0040e
f30508fe
0b091000
fd0807f9
eb02f300
f5080df7
fc08f2f1
0908fc06
0df9f000
f8ef0001
f80406ff
fcfe010c
f6fbfa05
09ff050f
f8f50700
06f90405
1300f7ff
ff03fbf5
1af3ff00
f2fd060d
0dff08f0
09040403
0a0cfef8
0108fc02
f8f6f4fa
fa01f619
f201f5fb
00090309
000c0803
fefc0406
f8fe0efc
06fe0001
0a040afc
fefc07f2
0509ee01
fef208fa
fdfc0cf7
fa13f2ff
ee000106
fcf711f2
06f9fe04
f9110eff
0be708fc
02100206
0800f8f3
000d0307
fe0ef506
0ef0030b
fcf6fd11
030ffbfa
f9f7060d
ffff0907
06fa01ef
03f50203
fa1202fc
03e9f0f9
0207f9fd
0300fc0f
100210f4
0bf6fefe
f6f6fd06
07f20bfd
ebfd0301
11f90006
05f2fb09
ec01f9fe
f7f2fbf7
fe0401f8
f11c13f1
09fcfc07
fcf5f002
1001f708
0507fd14
fb01f20b
fb09e907
06f00105
fbf8150e
0c030a02
07000dfa
07140804
07f9fc0c
fcf1f704
06fcf706
01f8121a
16010dee
031405fb
ff14ed0d
08010f0d
e6fc1903
fffcf6fd
f7fb0f06
f8f7f7f3
f7f0fff9
f007f60b
f10becf3
0b0a0302
0903fb00
0e060700
e8f7f8f7
0efa0004
f009fbf7
02f80bf3
fff709fe
f4fdf310
fafe0601
fefe08fc
04f604fb
fbfafc09
f2ff0907
0406f4ff
fa02fbfd
0019fefa
0bf3fef9
fd0404fc
ff11f211
f10107f8
0113f907
fb09fd02
04001304
0a10f905
f4f80afb
060a0618
10060b00
f5f613f4
f4f90903
fffa04f6
01f0f50f
080605f6
f9f8fb01
f608faf1
09f90416
07f7f801
03fdfefa
ebf200fe
f80901f9
02f6f6fb
ff06fdff
fbf9dd02
eb0c07f5
09fcfb01
09fc03fe
fa09fbf4
0906030d
f3eef515
fd00fff8
e8ebee0a
0d12fef5
0b1a02ff
0407fd03
1c0b07f6
fdeafc06
f7f40504
06fcfbed
f3f304fb
f4f7faf9
17edfe03
0e11100d
ecff0a16
07011913
07ffe2f8
0202fafc
f3f3eef5
03f30001
06f80208
fe0c0204
ec0bfd02
fffd0605
0efffc0b
0e000000
0a06fcff
fbf3ff03
0a06fb0e
fcfcf6f8
02f90feb
021001f5
0b04fa00
f8f4f4f8
04fe07ec
f4fb18f5
fb0df415
0ff3ff02
06fe0104
fbff080e
fff1090b
f0080301
08f609f0
f7eef502
eef6fa00
f909fc0d
18060306
0af503ec
f60efb13
f2fb0403
eefcfefd
fe01ef12
fc060616
04ff0702
0a120cfa
040607ed
05fafefd
14fb06fe
fdfc1105
0ef9fe09
06fdf800
ff0d0bf7
00ff0300
fcf9fcf8
13f600ef
09ff0f07
070aeff3
f9f4fefd
0afffcef
f2f2fdf7
000508fe
04f10411
06fbff07
020d0804
060bfdfb
f805f3ff
fefb0706
0201ff01
fa0107fb
10080a17
17100c02
f905fce9
03fdf001
fbfff607
fc07fe06
f0ff02f2
12f9fcff
ea05e6ef
f600fef1
08f901fc
ff10080d
0009f9eb
05170d09
fb0f0ff7
feef02fd
ea080bf4
e9f208f6
0910ef09
fc0708fd
ed020e03
eefbfef7
09fffff7
04051d05
0a04f503
1100fcf5
fcfefbf9
f911fd00
0c000706
0501fa10
101000fa
f7010703
0601fefd
0a060d01
04f1f803
0613fb05
fe0cfff3
000c0af3
f3011218
fd000013
16f5f807
0705f200
05060503
fdfdfff6
f4fd0504
e708f4ff
fbfdf80f
03e9060c
0908fcf5
fe07f5fd
09fe0af3
0a08fcfb
000afd04
fcf0fefd
01f408f6
06fef6f7
020af904
fa04fcfd
00fff5f4
fbfffb05
0dff0700
1010ed0d
01f302fe
0e010f03
f9040a12
0201feff
0ef1fa04
fbfcf700
f9fc0fe5
f5fb03fc
f80cf8fe
f5eef30c
10fefbff
fa00fef9
f60ff905
f609fe00
f401fafd
080506f1
020404fd
030e09f8
f31bedfe
0cf4f50e
f304ecf9
0103fefb
01030b06
fff7fb11
f909040c
f7ff08f3
02f6eafb
03050307
fff70d13
02f408f8
0e0101f5
050407f7
f7e801f4
0aff0af3
0cf500fc
fb07f908
fef70115
fb1304fb
fc03fb04
f8f8fb15
040bfa08
fffa060d
f304fd0d
06fdf6f7
e5fd10e4
f205fff4
f4fc010a
0b07fdf4
f8040bfb
0c0b03ff
ed0d070b
040005f4
02fdf8f9
07f9fa05
f60b0311
080c0607
fe0b0000
000d01e4
fdf904fd
0402f4fc
fbf50508
0603f4fc
10fbfe16
10fa11fe
000a02f9
fefe0902
ff061007
08fe05f4
f6120804
ffff100b
06f6f50e
fef5f202
f6fb0cf2
01070100
f514f3fc
fffefeeb
f814fff5
effef9ef
04f51009
ff0406ee
f70b0d05
05fb0f01
0301f0fc
080bf902
fcf4f9f6
f6fa01fb
0d03ff02
fcfd0802
f8fe07fc
fd070611
000df7fb
0a0e03f2
0000fcf1
04fa01fd
f2fcfcf1
fbf1fe05
00eaf8f7
fe00f0fa
f8f50005
f5fb05fa
f9f70c0f
07fc0cfd
f808f6f9
02fbf90f
00070308
f9f90707
f300fa06
f406f4fc
09f406ff
10fb01ee
10ff0415
fd0bf601
0106fb0c
07140519
ff14f5fd
f80803ff
02f6fc05
f702f20a
09f8f5fd
0400f50b
07050109
f1f9f216
0dfefcfe
08fb0200
0c0cfa05
0af50c06
09f3f809
0bfc00f6
fcfcfbf9
fc03fdff
f60df615
09f805f5
060400eb
f607fee9
0feefffb
f5000b11
04ecfcf5
f409f600
ff00f7ff
fe061602
f9070609
f90df6e8
03fa05f2
0efa04f4
0aff0d0c
f000040e
f9f9f9fc
00fb10fe
00e60d10
f906f601
00090dff
fbfff2fe
18f80e0b
f703ff23
010100fc
000001fa
07fb03fc
f9fdfc07
fd1107f9
02f7130b
f3f80402
f7ea0a04
f00301fe
0f04f600
ff01f7ff
f8f5f204
0102fef0
0afe0907
f2fffe05
05f916f8
060000f5
0bf207ec
f6fd06fc
0205f512
fdf70a0f
09faf4fe
09f30cfd
f6ef060a
fd0af0f8
f6020401
03eb0105
f80ff1ef
ff070304
1203fb18
030bfb04
fefa000e
fdf706f8
06eb0701
02050103
19090e0b
1b0a0713
f609fd16
f404fb03
0d05f7ff
0af01901
0107fbf4
fdf6fef8
0802040a
f00c00f1
030afff6
030d0b0a
fb03040a
fc05fdf6
f8f6f9f8
09fa0107
f707f6fb
0501060e
f00308f3
ff0104ea
f7fd0a03
fbe5f504
12111307
0e01f7fd
0317f806
050617fd
fe05fbf4
05030c0c
ee091109
efedfaf4
04050e05
04fd0e00
06070617
09fa09f9
fcff0515
0508fefa
fbfa0800
06090a00
f205040a
f60f00fb
f70cf50d
eeff0aff
fd0e0b10
fdf90307
0503f306
f901f806
0bf5f707
f8f1f908
09070205
fcf9edfe
05090d04
04000101
eefc080c
09f5010d
fcf80a06
0f070105
f40cf3eb
1705041a
01f4edf8
03feffff
f8f903fc
0c010bfc
01f70903
fc000afa
060904ff
fee51100
fd09fbed
04fd0408
03f6ed05
f6f908f0
edfc0df5
011b0b06
0c040002
120505e6
fb080512
f606fd09
fef1f4f8
edf3f6fb
f7fb0c0c
04f31af9
0001f105
fcfcfcff
00faf706
fd03fc15
0608f508
0610fe13
fef8f609
05fd1802
05f4050d
f8060901
fc040102
0bf5040b
05f302fb
f6fd0708
09fa0c18
0b030903
ff12fb09
0509fa07
02fc0b01
0cf80cfd
f906ea0f
15f60d01
fa0508fc
f3011109
0406fe0e
f503fbf0
02050001
f608000b
0109f7f9
fbff02f6
07090d01
f503fbf6
fbfef505
ff0500f1
0300fff3
fdf8fef0
06f8f701
fe07f717
fcfa09fb
fef3f300
eefe14fd
fd08fcfe
0cfd050a
06faf1f0
fc09f5fc
f2fa0007
01f3ff09
08fd0307
09ea0004
0100fa0f
f606fe0d
0b06f5f4
110809f3
08f3f7ff
fa08f4f1
f40305f5
f7070003
0f0002f2
fffcf5f6
030607f9
08020800
fff505fc
0dfcfe00
03fa06ff
0304010f
01f60302
01f4fb0b
f9fffdfe
f603f2f8
f3f7f3ed
f9f7fa02
060fe908
11fc0300
0cfa0405
0ffff3fb
000d0406
050a0115
0b030dfa
04030cf7
010501eb
feff011a
06f4f2f7
f702f6fd
09fc0dff
011204fd
0bff0004
fa0a06f7
fb0202f3
fdff0b06
faf9fb02
0100fe07
fbfcfb09
f7040001
02ff03f5
fbf201f2
f7110af6
f0f80703
07fefef7
f80f07ff
f60208f4
0c00ff00
fe03f5fd
f303fc0b
120a0706
f7fc0e0a
f3fff41f
f403fcef
0204f0f8
041c0501
ef00f4fb
060201f6
0a040502
080aeffb
defb0007
fb040bf9
0bfc09e7
fa0605ff
09fffe0e
fef709ec
fef406f7
f5fdf8fb
e5011308
080806fc
050cfeff
05f700fa
15f509f7
05f906eb
0204fbff
f90901fc
fe06fd04
04f4f6fc
f8f70a07
fef2fdef
fa04f0f4
04f8f305
fbfd02fe
fc0200fc
04eff806
fff8ff05
fa1405f7
f7fe02ff
04050712
fa08f506
04060ef3
ff0008ee
07f208fc
ff060005
02100205
06f90a06
fefefef5
f706f602
00f005f5
f7fdf606
0d0af8f8
04f8eafc
fef911f5
04ea0af2
110602fe
f9000002
faf9f4f8
00fe0fe8
05fbfbfb
fd0efd0c
fcf7fb0e
f5031000
0400f807
04070404
010b0f0a
f4f403f9
02fe0107
f1f40604
02f112f3
f0f904eb
07fafb00
fa000b02
f0f200ff
07ec08fe
05fff0fd
00f809fc
f8f3110b
fcff0c0a
f802f102
ff0c0e08
f702e50c
08f7ff05
f7fa00f6
f508f5f5
0ffe000d
f8040606
f8fd02fb
03ff1101
f7f51416
f011fd1a
00f9fef9
00fe12f7
09f2fb01
0dfdfe01
0603fe0a
03fc1105
fff9fa01
0ce308ff
ed1108e5
0302f6f6
fe1004f9
04fb0d01
07fdfd03
0500fb0e
0b040107
01f81af8
09fdf1ff
fb060704
f4fbeef8
0c000405
1106f401
f500f6f9
150710f5
06f70d03
01ecfaf4
fb00ec05
f1090202
0cf60308
f901faf5
ff07fffb
f4de0104
fb0705fc
ed0a1100
f60df6fb
fc00faf0
fe00feff
0e0304e8
06fe00fb
ef130110
18f01707
05f8010b
00080812
08f30bfd
0e16faf7
fdfd030b
04fbff00
01fcfcff
fa0df903
f202f4fa
fafa02f9
fe030c02
03fe0c0c
1603f20b
13f8fcff
01fd04fe
ff050004
0109f108
fdf10417
0203fff4
fff4f6f2
0cf10301
00fdf6fb
05fdf5fa
1104f606
0702f0f1
06fd0a0a
07120bf8
fbfff1f8
ecfc01fb
00f905fd
f3fbfcf7
f8f7fcfa
fdf203fd
06fffcfd
ff01f905
03f6f8f4
06080cf5
02f8fefb
0407ef0c
081108f9
f903eafd
fef10a10
00140bf3
e1020b00
0cfaf108
e60505fa
090c070b
fef9fffe
06010702
000203f4
f9f00104
f5020302
fe0cf9f2
040df5fc
05f8050d
02fdff07
10ff0702
fdfc000b
0008ff00
09f8000b
fdf80104
fe09f9f1
fbfefcfb
0e05fbfe
0a020bf6
edfe0d0b
f7e5010e
13fc1803
f9f8f707
080405f7
ee0202f3
06fa09fe
050df802
00f203fd
031502fb
f7fb0d01
08f1050a
08fef6e9
0e050905
0301f4f3
0afdffe0
16020106
071002ff
f80a08fb
fe04f007
0ef201f4
08f9fb01
020004fe
f80404f9
fc11ec00
fcf6f20d
f708fdff
0b0208fa
f803fc02
fc11ff06
0603fc03
f6f407fa
020206f7
fdf2fb03
01f502ed
fc07f706
fef30101
fffd0218
f0f1fdee
0cf50c07
040e0005
0614fafb
020cf119
f805fefd
f30cffff
fcf015f1
fff903f8
09f90802
0604fffa
07e80411
07f8f7f9
0afeef03
07fd0304
03121001
040c0d12
fcf8fef9
fb0207fd
fc01fb0d
fd02020b
0804ff01
fb05ff08
02f20604
0efa01fd
fe07020f
000e0e05
f900f801
01f4fbfe
f8fff704
fd0d0001
fe05e902
fa1508fa
ff020103
00fa170c
f50302f7
0a09fe06
0f08f70b
f608f6fe
050807fd
fc06ff03
0c03fef8
0715fbff
01f11207
0bf40205
fef70d04
f0fa14f7
ee0ff81d
0301f9fb
fa03faff
07fc06fd
fdf2f7e8
0dfbfcfa
05faf404
01fa00f7
0cfced07
0810f31a
09fef0f7
04f61210
f4fc13fb
0703fd08
fe00fb06
05fcf101
040a07f5
0004f9f1
f007fdf2
fbf9060b
06080f07
f509eef5
f708fffd
f50afefa
f3f6f514
09f4fcfd
18fdfe07
fe08f105
f3feef02
fffafa01
f710f9fd
130c0705
0909fe07
f30deefa
05130c04
050b08f9
03f908fd
f0fa0506
03f80c0f
ff030205
0a02f704
04f4ec08
07f1f805
f807f8fb
0f0605f4
eaf8090e
f7fef908
03f3f90c
0c09f105
06f708fa
03fff907
fa10fcfd
070902f8
fcfe07fa
fdf60a03
05fbfeff
0307fc0b
14fdfcf4
fcfa0bf9
fafff800
04ebff00
fd0eeef2
0b08f90c
050506fa
f8f80502
0908ecf0
fdfc08f6
fa0bf9fc
f11007fa
020500fb
f212ff00
f9f3f707
11e2fef8
f5f5fe10
fefc01f8
0aecfb00
12ef0601
07f40509
f8fb15fe
f20b05fc
fa0100fe
ffee05f2
0a0bea00
1306fffa
09f1feee
f8f4fc00
f60fee08
03f80105
08fe03fd
01fc07fa
0709f907
fafbe409
111300fe
05f70705
010b0eed
f507f8f9
0b0afb0a
fdfa04fd
060500ff
00ff08fb
0300f906
0df2fc00
fb0dfcf8
160a0509
f5f8f700
fdf60304
fefdf50c
05f9fafc
0dfd02f7
f612ff05
0301f103
0105f00a
00fcfdfc
f8fbfcf4
ecfbfaff
fb03fafc
0303fe02
e90004fd
f80a00f0
03ee0703
f4fef009
0f010bfb
04eb1218
0407f6fc
f4fbfa10
0d03f808
f001f209
fff4f700
fcf601f5
07fdf400
f605fc15
19f903fe
0e0600f0
010b0702
00ff04f4
050cff0d
10020ffa
07040efd
f8f90501
fe110a02
0bfdfd03
f314f9fa
f90d06fb
f9fdfa0a
fe0d020a
fbfefe04
ff020a04
f4f70c0f
0707f104
080ce508
f6f104e7
06fef1f7
01ff0a06
0a10f9fa
0afa010f
0300faf8
f50208fd
f51905ff
07fffe05
08120300
fe0c01f7
faf718f1
f904f7ff
00ff1106
fa05f2f8
050bfdee
06fffd00
fd0d0004
fff1fbf8
06f8f908
04f9fff4
06020f03
03fefc02
f70005fd
0006f4fd
01fdff01
f6f8fd03
100ffd0e
f404090d
15f8fee8
fa070804
2001f9fc
07170706
17f504ed
fefef801
03f5f6f4
22e300f9
0306030d
0afb0dff
fe0bf30d
0304faff
05fffa0b
010a08fe
11f7fdf7
f9fc0109
05f80e0a
070c03f7
fb00fc04
f6fcfef3
f90203fb
fafbf0eb
fe02f0ee
16fdfcff
0a040108
f3080ffb
00ed04fa
f3fffcf3
fa1507f9
03ee1004
eff4ff06
ee0bfe10
00fafefc
fa02f9fd
fe0c04f4
fff9f8f2
ec0403fd
fcfc06f0
f3f000ff
f7f6fff3
f9faf808
ec04fdfb
f8ecf9f7
050701ff
0804f1fa
0bf5080a
0609fbff
00f51607
01eefbf7
050c060b
f8ed0ef7
f5ed0312
f80bfbf6
fcff0209
f7fdf5f9
02f7fa14
08fbfe04
f7f7fff8
f803fbf6
fafc0b0c
f6ef0afb
f9edfdfc
10f908f7
eb05ed00
080903fe
fd0d0bf7
1007050a
f90afd0d
0c040715
efef00f7
09090607
fa07f80e
fef90cfd
f3fcfff3
03fffbfe
fa0a0a09
01f5fe0b
0bfc00f8
0215f4ff
00080cec
f2f90710
08fa0afe
0dfe0a02
ff090dfd
07f1fbfb
0700fc05
1f0f0812
f406fdf7
faf80afb
e6f40806
0906ee04
eefdf701
fb0afc00
0bfff1ee
f40cfdfb
0c06ff04
100cfefc
f9010c06
f70efc03
04f62008
f3050a01
f908eb00
f9ff060e
0605f906
06f2000a
fc121000
0afef7e5
fdeff9fa
06f9fc0d
f208fa09
0b070100
fcf60900
03fbf8f7
01f4fff9
07ed0cfe
05f10afe
060f05ef
060c0cf1
f506ea00
04fefe09
0ff902f9
060afb0c
10f7fffc
0202150b
ef00fd03
f2fb00f2
05fefcf0
02070203
05130e04
07effe0d
000b0cfe
12fefbff
fe0203fd
fc010303
08f6f800
08fd06fa
fafc0320
02fafa05
0cfbf408
f2f0f4fb
07090102
fef7f3f0
fafe0b0c
f90ff405
fa04f407
fe14fdf0
05070409
fcf30bfe
04f7130c
f9f5050f
f50a06fd
f90204fb
f9f30202
f4fc03f5
f8e60700
eef214e5
fb00fc10
1606030b
edfc0508
190e04f9
0b080b0e
0802f614
faf711f6
fff101f3
fffff9ef
07f1f3f4
f7fc00fc
fbfe06fa
f3f60d17
1305fff5
0c0df211
f2fe010b
010700ff
07eff7ee
06ef0402
f70300f3
f80302fc
07030005
efedff0d
0802fd0c
ebf900fa
020701f4
f40a10ed
000101f0
f5fc0905
f6fb01fc
06f40e10
0713f10d
0c0cde02
0307f0f9
0e0d01f9
f9100110
f90a02fc
000afc10
f7fe00fe
0101fcef
ff05e804
010a0709
f30317f7
07fb04fe
faffeef8
14fc0705
f6fe02eb
05e8fbf4
fb0f06f8
ecf7fc04
f1000a04
fbf60201
021301fc
f0fd00f9
f710fbf4
fafa0b03
e8f2ed09
f0f1f5fc
0400030c
0deaeb02
03fffef4
02fce702
effaeb05
fdfaff0a
ee06f3f9
03050112
0ef70813
0f06fdf3
fe1212f4
0b080903
0208f905
02fd0ffe
f9f8040b
0d081404
02f8f710
0109f004
fcf3f80a
09fbfd09
fdefeefd
050010f7
f90e04f3
07ffee06
0509f01a
e90105f4
fb0a071a
120905fc
fdffff09
06fcfd01
f0f9f606
07fd090a
04fcf602
08f71402
06060003
fc07040e
edf2fe05
f2f7ec07
f2060712
0308f710
e6e7fdec
0c0a04ed
0504fbe3
11110203
faff0203
0afcec0e
fdf3f2fd
03f6f9f5
0d15f70e
f0ee090a
09eef203
fef5fb08
fe080e01
0511fcf6
fe0403ff
0b00f70b
12f5fc07
fa14fcfa
0beffa07
f9070605
02080df7
12ffee08
fc0703f8
fffdfdf5
f602fdfd
0ffdf700
fcf300fe
f802f706
faf50af5
0c080e00
f5020e01
f80505f4
fbf9feff
effdf60e
0c07fcf4
f6f5fd08
0d0c0cff
fcf90bfb
f1eafd08
f1ecfdf5
00f3f817
fe03fa0c
ff0200f8
00fe05eb
ea0005f3
ecf6020b
03f4030a
0c14f603
fff6f411
fcfdfefd
010403fa
070a04fb
eeff00f0
fdfc03ff
f7fc0702
fe0e0f05
08180104
01edf5fa
f20fec03
f407fff2
f70ef905
03eb0500
fe03eeef
f4ec20ef
0f000a05
02fffc02
0005fdfe
f50dfb04
0e0604fb
15fafd08
03f900ff
ee030009
02f6f3fb
0b0bedfc
f6fafefc
f0f50809
10fcfa07
fc000ee8
fb0f01f8
f814fb00
09090cf9
00fd01f9
f3ecfd04
04f7e503
ee0ff806
0afe04fe
f404010d
00fefc14
0504ff22
00faf913
0706f90d
03090304
f00306e9
0cf40c0b
fc060501
fbfd0109
03f3ecfe
f4ff0cff
fd0af1fd
02fa0e01
fb130af7
fef90d0d
fa0105fa
1dfe0d00
00f608f6
0501f503
fa06ff07
000dfcfd
ffee050a
07fafe08
f70203f8
e8fcf504
0501f80d
fb10f204
f10f0ef5
feeb0714
f6f606f9
00080204
10f4ff00
0602f6f2
f8010afb
fb01020d
09f006f9
fd001bfa
04090bfd
03f5f8fb
0ff4f4fc
ed02f9fa
01fcf20d
06090801
fefcfe19
fc090a0c
041213f6
ff0500ff
0d0dfb02
fafbfa01
ff060bf9
0c0e0007
07fc0e08
faf0f9f5
fcfe01fc
ecf6fa0b
05f40100
08fffe08
f9ecf8fc
02080c00
05fc0bfb
06f80514
01070bf8
eff7f6f7
0efffdfb
01e2f5f3
f413f6fb
02f10405
01ff03f8
fc0b08ff
04fefd08
090dfa0a
1413fcf2
0d030bf8
f9f107f5
0408f6fa
070404f3
fffa0bf6
150202f4
f702f203
fff4fcfe
0706fefa
11f90401
0713f9f2
0c01fe01
faffe109
fd120505
fbf51202
1303fc0f
0fedfefd
160f13ff
01fc00fd
f010fdf7
f0130cf2
f10dfafb
06fbf7f8
0902f709
fe0005ff
fc01ef0e
09fbfde9
01effd03
03ef040d
0b000bf2
12fdf1fb
00f8efef
fefe06f2
f8150f01
0102ff0f
fd0806f7
ff080c01
0907fc07
fa03fef9
f7fc0801
fffb06fc
fe11f304
fa0bfafa
1a1704fd
010811f6
03130afb
ff05f9f5
08f9fcf9
feeff8ff
06ff0100
1df50002
f7dfef0c
f60310ff
0c03ff0b
0dfcfa14
00f60300
0a03f705
13ecf7fe
0804f9fa
08000301
f8fef3fd
f604eaf9
0905faf7
f9f8f706
090a10fb
060b05fc
fd0401f9
0ef704f5
0403feef
0404fcff
fcf5fd06
fc0af600
fc0bfef6
fc0f080c
040e11ff
fff40903
f7e71009
f3091408
fcf2fa07
010007fe
02fc0016
feeff8fc
0cf8fcfb
00fc07f6
00fafdeb
12fc04fe
03f0f40a
ff0d0af6
f9f60906
ebf80af3
01ef0df7
fa11fa0d
0b000808
f6fe08f9
0c050309
0cf8fbfa
040c0001
f9fcfd0a
030303fe
e0faf715
0103f2ff
000df903
0cfb10fd
f80b070d
0003fdf2
0b08fc00
ff0df10a
f4f4f8f6
ea080b15
0508f10c
f5f50704
fc11ec04
02fc0602
f8000ff7
04001206
01ee05ea
fbfd06fe
f0f800fa
11f7f000
120710f5
fafcf5fa
0e050a01
0a0a0b07
010ffa0b
0effef03
0803ff03
f9fbfe06
f3f809f6
080305fd
fbff06ff
f50402fc
000c0207
07020101
f6fcfb04
f404030f
fffcfc03
fb0bfffc
13f50be7
02feee04
fdff03fe
02fcf601
0cf2fafb
f6f40804
07030e06
00050b02
15090f0d
110aee00
0bf40908
12060a0d
0d07f4ff
0cfff2f6
fd0df600
06ff0afe
f4f4fafb
ebf803fa
ff19fef6
0a0c1507
f8fb05f2
fffcfa05
02ed0b0b
05080bfc
0afa06f8
10141b07
01ed06f9
0bfaec01
f90c0af9
0006f8fa
0dfcf802
f9050f0c
f2f7fa11
fe05030e
f10700fb
fafbfaf4
08051106
00f0f90f
f3f20602
05001003
e1fa01f1
00f10b0b
02eef606
02f70d02
01fff70e
05030710
0809fe0d
ff04fdfb
15010505
0dfe0800
ed10fc08
0bfef801
f9eb0710
f1f10001
02ea11f2
070206fc
0200e7fa
08f50309
050609fe
f4f7ee0b
fe0704fb
0111f203
0df40100
0c08f1fb
060407ed
fbfdfb01
f40003f5
0702f714
f7fcfe06
fa0ff8f8
f4fd03f4
04fcf802
03fb0003
f9f30505
f002fd01
fa06fde7
fef705f7
fa0620fc
020504fa
0d05eafd
fd08f3fb
04f40b04
fe0405f4
f3fd01ff
faf802fd
ff04f7ff
0506010d
f6ec0ff3
fbf2f8f3
f3060aff
f50bfa02
ff00f7f2
fe01130b
0004f709
faf4fbe7
0e010a03
02001212
f2fefbf2
09fa0502
f5fe07f2
0bfa01fe
f4f90605
ed13f50b
0802f1fe
05f400fb
021205f9
02f902fd
f407fcfc
09fe0404
02fd04fb
010bf30a
ebf8070a
02130309
0903f70b
030af607
03faf7f5
0700f9fe
010a0904
07f70809
06fe0403
fb02e60a
f2f40700
08eef9ef
e9fb02ea
09fa0408
0005f905
1c070001
fafdfdf8
fa121004
fa1803fb
050005fd
f7110bf2
fafc0df7
03f0e908
05020400
f2fe0f0c
fefc0900
0705fdf8
f3fd1404
0e0df7ff
f6f80ef2
00fefdfb
f50bfbf1
f203f603
fcfe0b04
fcf80bf6
f5eff5fd
00fe00f3
0cf5f9ea
fc0906fd
f60b09ff
faeb0005
12050403
100d11fe
0d090804
09ff0607
0c0bfafe
fcf4fe08
f1fee40d
fdf90af9
010efaf4
04040ffa
01ed0807
fa13f602
f4f905ea
0701020e
f4f101f2
010509fa
f20a07f2
fcfe1405
f3f7fe09
02f7fa06
fd08f9fd
0ff307f4
08fd0c01
f9fc10f4
08081703
f7fd020e
f2150203
00f30bfc
f3f5f4fe
03f8180b
fb0b0a0d
02fbf9f4
0b08f802
100af6fb
0c04ec03
fe050611
fc081400
121011fd
0e07ecf3
fbedfe0e
14ee0402
0409f9f9
f3f4f600
0002f30c
0707fa0a
11f107ff
00180c02
0af5f6f8
0d0ef607
f3000306
00fa0df6
01fe0ffc
f7fe0400
0bf505fd
00f9fdfc
0206030b
f707f901
10f2f804
ff0bfdf2
0ef30008
faf513ee
000603fe
f8ff00f5
010efef3
f605f610
f617e3fd
ff1a06f5
020409ec
f6f8f702
01f6f7f7
18f7f80d
f7ee0815
f30f0dff
07021b00
030bfdfe
fef8fa02
f7fffbeb
fbf80a04
eff3f5fb
06f1f909
fbfa0403
000112fe
f7110df3
fcfbfafa
f7fdff0d
f2f00705
f20306fa
04f9ec0d
02f7ed03
0cfbf616
f51506f3
fb0c04f9
fcdffd05
f201fc01
050502f7
0108fcff
0009fcfa
03ff07f0
11f306fb
fcee0df5
12f0f203
10fc02ed
fe0cf4e9
0f14f308
fc12010a
fbf20203
0c0a04ff
02fffaf5
07eff7fc
0e01f5f0
08fafcf6
0df404fb
f7f5f5fa
fe000105
f7fe0c06
09f5fdf7
0203f908
09f7fd08
01030dfc
f9f00504
0305feef
fa06fef7
fbfd080f
f503fdff
f5f3fdfb
05fd01f8
0a0605f1
1208030b
080a0308
f50005f9
ff0af8f8
fa041106
f600fb03
1afaf4f4
0803f700
06f40510
0ef9f7ff
01050206
0604fbef
fa01f510
15edf8f6
080afd01
f40ff306
f2eef202
02f5f702
fefff806
fef9ffea
020705f8
f4f0eff3
f70e0302
0611fff6
ff03f5fb
ff07fbf7
041108fe
f801f403
0dfaf500
00070807
0a040c0f
030402fd
f5f6f309
f9090efc
0008030e
02f8ff08
09f8f805
fd04f5ed
ef0807f5
fc040b05
02f3ee0e
0ff3f806
f5fcf2fc
00ec01f0
100002f0
13fe01f0
fafe02fc
ff000401
09f4fa04
08fa0d05
f907f7f9
f2f3f4ed
0401ea02
0dff0617
0302fdfb
0103f105
07fc05fe
ef0200ed
fffe0b09
011afeff
07070b17
fe030310
09f407fd
00fe010e
01f5fbfe
f4fe10f5
fef9f8ec
fe0a060a
120101fa
f90300fc
fcf6fdfc
0d020905
fdf10b02
1101f9f0
02fe03fe
0407fdf6
010e0603
f50008f3
08fb0b0d
ff08fffd
f709e6f8
f5fef9f9
011405fb
0302f204
fcedeffa
02040807
070c06fc
09f704f9
03f4f108
f80bfc0a
fff211f5
ee0407f4
faf1fdf7
11fb080b
0107ff00
f909f918
ee1408f6
f90e01fb
ed0cffff
0afb0301
00030804
fa05f901
f70efe01
fd021100
06ff05f2
f6fef9ff
00e6fe0e
ee0a16ec
f3ff0406
fb020111
050208fe
03ef00ff
05f9f4e8
0c0700fb
070305f9
02f60000
040b00fd
01ef0704
03f7f8f5
ff080608
fc03ecf9
09f801ff
f205fdfc
fef604fa
f6fb06f0
f613e5fe
ffff0cf9
00fff205
0807f5fc
0301fae8
0308f503
e8fcfdf7
f0f10d17
f3f701f3
fcf9f601
06e60302
f1faf706
00e8f004
f9100c07
090f15fd
f2030010
03060a0d
fffe16f9
f101f6f2
01fcfd05
02fef4fd
f6f9f5fb
120cfb16
fd0f090f
f701f101
faf60709
fe000208
06e9fe16
fdf902f6
01f108f2
fa0901ff
fa0a03fe
0104ff0c
f10501f8
0302fb09
000d0801
07f1fafc
f609fe02
fe09ff02
06f9fefa
0501f3fd
eff3fbfc
f0fd020d
0b00fcef
020013ff
fafa10f1
07f6f90a
fd0d0bfa
04040b07
01f9fdfd
06f4f901
ff040517
fb05f510
140cf102
060501f3
fbfcf312
fbf900fc
05f00500
03fc11fc
fa0a0a00
fef800f4
fff9ffff
0bf80404
fdfffd11
04fdf607
0a020eef
ed0cf801
f6f802f3
ff0602fe
ef07050c
f0fd0709
f5fb04f0
10f8fffb
060805ff
0706f418
08f000fb
0f0301ed
0a04f6f9
fcec0208
0cf201f7
ef09f602
ff0bffeb
eb04edfe
09f30cf6
f90300fa
05f20004
040f050a
fcfef80f
ffecfefb
04f4fff8
09f6f10c
ff030708
fce6fcf7
fef211fd
01fb0df8
ff0dfaf4
0afaf702
eff7faff
02fb05fd
f8f8f90b
fcf5f404
f50af9fc
040319f8
06f5f609
1b0106f9
f908f00a
0101010e
0803ffec
f40b01fb
0d00ffff
01eef904
0cfd0ffc
060e07fc
f3f80eef
010401f7
ff0600fa
0905020b
020509fe
fdfe0a0e
16f9f2f5
01020a0d
0503f506
fefafc05
f80401fd
f4f8f8f8
031d0714
110c03fc
fe0efefb
0708fc0c
f010f102
e2fe0cfb
1603f902
fa0b02ff
0101f3f1
0ff9f700
07f6f910
f4fa0b07
fcedf504
ff16fde7
f3ff11f1
f5000803
0c00f700
f00202e7
06020108
03f80200
ff04030d
06eff5fa
0a0df901
0afb0310
f604fa05
f9ebfa01
0100f0f8
0a0c0afc
0201f201
f4fefd03
f8f50006
0e110dfb
04f2f901
ed020001
f307fd16
f805fbf0
03fd07ff
0bfd0b01
fa130408
fc0ef0f7
0cf4fb02
faf7f901
09f907f6
0208f1fb
f4fffdf6
f1fc0df6
0809fa02
ff0beafe
02ff0809
070f1707
01fc030e
01090306
01fdf5fe
fff10d14
f413ef1b
06fb05fd
f4f3fa04
01f4fbf6
fe060bf1
f6fbfd12
07100a05
fa04000b
fafefff6
faf60b05
070afb09
fc00f70a
03fe06f7
0df80200
1b0203fd
050c04fa
fc05080c
ef010405
f2fc0bfa
eaf40504
0801f6f6
010ffb0b
0f04f8f4
030602f4
07021203
ea080bfc
0d0afcfb
0bf2ef0e
f00cf5f3
f10701fc
090b0609
03f80af7
05ffff05
0c110505
0b00f1f9
fef5f6f5
0101fe00
06f9f20f
02070207
fd09f7f4
fbf40d0e
11effdf5
040d0afd
0dfdfa04
00f70bea
0809fcf1
0e020b17
eb02effb
fe070308
040a0417
0efc1101
fcee0411
f5f91707
02000502
100205fa
08e9edfe
ef0a17f4
03fd0d09
0ef7fc0d
fc06f303
f5f5ff05
f10cf2f9
120ef2f0
fdf914f9
08f7fef7
e30902fc
f206080b
03040310
0206ee10
0503fefa
fbfd0805
ff0af9f8
f704fbf9
f3fb0209
06fdf302
ecfb110f
07020503
f9fefb05
ff09f60d
f404fcfe
ee031afa
020615ff
19ff08ff
06fef2f3
f40d0314
0b090e02
010bfc06
041803fa
0bf4ef0c
0609fff9
fefff6ff
08fce801
f100f6f6
f1f701fd
ff0502f8
f6f20501
fef9eef5
04fef606
fff50215
0904fef7
02f5fb05
f9060409
0609f811
fbfbfaf5
f102fa00
f8060efa
f8fbf3ff
02ff01fd
060707f7
fb0b0810
00ff01f7
0208fcf0
f5fce9fb
f7060000
0c0302f9
07f000fa
f9fdf810
15fff506
03fafcfb
07f60cfc
f8f306f9
f9fdfbfe
ee08fcf7
10ff040b
f60a0803
fc01fcf6
0decf60b
02fdf5fd
f2fced0d
fef6fb09
02fff6f8
0b06fbf3
18e4fcff
03fffdf3
ec0b12fd
04f60bf0
ecfaf30c
fff5fefb
fffe0700
f2030af4
f9fafb02
f706fefa
f5faf5fb
f20cf802
04eefff4
ff130cfd
07fdf9f2
fc05f8ff
0402ef0f
f70703fe
f1ff07f0
1404f8fb
fe07fcfd
f40010fb
05f808f5
01ff0513
fcfafef6
00fefdfe
ff08fbfa
0210070b
03e9f4fb
f9fdfa0c
07f2ed01
fdf500f7
01ecf906
0df908fe
0b08f8fb
fb0cf80f
fdfbf90d
0700fef9
f704f718
08fb0308
101008fa
0906f109
fffd01f3
f4ffee00
0015f60a
0108f704
f4fcf708
f8fd01fb
00eb0208
01f1f7f0
f8fffcf8
e0021c08
eef0f10c
ef020205
fa070c09
01fef5f9
01f4fb07
0200fe0e
f9fbf60e
00050807
ffff0a0c
030af903
f5fd04f6
070512fa
fdfd0f0d
040ef0fd
f30601fe
f3ee05f5
0b0104f5
f20205ed
0f0104ff
0aeff2ff
fa121a0c
03f414fc
ff0306f6
f9f215f5
f7fff601
f100f1ec
edfefcf5
010203fe
00ee0af5
01fe0d0a
f3fdf6f6
f2f0ee09
02f1faee
10f30503
02fb0702
f3fb0df2
fa030a03
0c0101ff
eef70900
0f0d00f6
fbff0b00
0707fa09
f8fa070d
0af0ff00
f3f205f6
0f090a0c
00070bf7
01fcfdf4
fcf207f4
f9040cfc
fc080103
fcfa0f00
04f60e08
04f8fb04
0ffff101
08f503f4
0601fdeb
06f7f1fe
f6fbff0b
f8f410ee
0ffbfc05
13f6fbfe
04f7f8f7
0ef804f8
0304fcf9
070c06f9
0500fe07
0009f1f0
fe12fef1
0df90202
fffbe806
04fdfcf1
14fdf805
ef07fb12
0af90403
0af6fbf3
10ebe401
08040af4
01f6fc03
0cfefc04
fb0dfdfc
0115f8fd
fa01faf1
fef10803
f0f90005
0e0cf406
fc0608fb
0bf80704
f9f5fcf4
f4090b03
f2fbf7f8
f9ec06f1
f2f31008
07060714
0c1a03ff
00020208
f10c060d
fc040e07
fb02020b
faff13eb
fffbfb04
fefcfbf4
fc0eff00
05fe0205
f31a0804
00fd0af7
fcfd0bfa
06fa0b00
04080009
fe06f409
fa020d00
02030a03
070cfa00
110c0bfb
fd0beff2
00fe10f5
fbfaf708
0a00f5f7
f1ff02fc
02f6fa0e
0afdfc03
0305f7fd
f6060302
0eebf8fb
f9e60afe
070003eb
00f90df4
0d0a100a
0216ff05
fe040915
f4f9eefe
0e1f0a06
f4f10702
01fe01f6
02fd00fc
fdf9e9f9
09f3ffec
f003eff5
fefdf4f6
0406fff5
fdfc01fd
021210fd
0a030503
fbfe0108
fcee0b14
00fc07fc
01fdf601
fd08030f
06fbf2fa
05f5070b
f3ff02f4
fb160b06
f8f80efe
fa030bf3
fafb05fe
fdf6fefa
00090af6
0d00fefd
f5020901
f1fbec0d
0001ff07
ef110aeb
010003fc
0704030d
05ff0402
06fe040c
fa140502
f712f911
03f1fcfb
08000106
0a060011
ff0afa06
f6fcfe07
001def08
f401ff00
eefd00fd
161019fa
050600fa
fd0b01fc
f1ed0301
00f9f8f8
fafcfd02
06000003
00fe0802
eb000200
00f1f500
02fefd03
06ec01f5
0212fb06
f1ff09f2
ff0a04f8
0405e2f7
0402f505
fc020205
06fafe0d
fa0713ff
f9ec10ef
0a01edfe
f50bf6ff
f4faf1fa
0cfcf00d
0ef6f808
04f305ff
04000409
fe020504
f2030004
00040af6
f4f50cfa
fe01f904
04ff050c
020d0106
f706fcfc
fdfeff07
03030bff
f70503f8
f10d0701
f9eff5fa
000b07fb
fefb05f5
f91201fb
ffffed02
f4f0f7f9
f607e70e
01f7fcef
0900ff01
fefffb14
fb0f1302
10fbf802
e8f800ed
ea030905
f30002fc
0cfd04f2
ffe21406
fe0307f0
0afefaff
f6f2f51c
ea06eefb
f5fb05f5
02faf601
12020807
f6fd02fd
0602f90c
fbf1f809
080000f4
11fe00ff
0004fef3
fb010315
0d0102fd
01f7fdf4
13fcff05
0e0cfd05
03010bfc
07f9fb00
f6fe0705
0101f9fe
f1fefbf2
f4f8f40d
e8fb08f7
f9f10403
02f803ef
05fd08ff
090202fd
0bfafe05
fff8f3f5
09f90203
02fff4f2
0efafcf4
fffcfa0f
111afef9
070ff9f8
f602f200
0d03ffff
f6040404
0510faf8
07fa0605
f80af6f2
06fc01f6
13010005
000ffe03
0afc0d0c
f3f4fefb
ffef0d03
fe070403
fd050ff9
f701f701
f906020b
02fbfc08
09f103ff
f305f1fb
0905f906
f7f910f8
fcff0514
ff04fd09
071a0311
0cfb01f5
f509f702
01f50607
0404fffa
f602fff0
110510f0
f9ee0307
f7000400
05050602
fd080c02
0108fff9
081004f9
fd0508f1
10070ef9
fdf903f5
06fef901
01ff1211
fb010c00
fe0bf8fa
f809effe
0df90701
faf7e400
fdfa03f7
18fc0b06
e604ff05
f2f7fff8
fe00080b
f0fc06fa
020af805
070af8fe
18f7f204
f910f6f4
01f808f1
fdff0d05
0a01fff2
0603fbfe
080c0605
f5fcf7f6
03fb0c02
f6fb030a
f1fc00fb
fd060008
fcf7f9fe
f8080b0b
f702120b
11faf708
000609f7
f6fef2fc
14ff0701
0702faed
f9ee000e
fb07faff
0afefef7
09fefdf6
00fd14f6
f3ea060c
fb04f9f6
faf7ebfc
12f10cfe
f6f80101
0802f802
06f50e05
f5ee1702
f7f8f8fd
0c10faf8
f9fa0bf5
fdfcfd08
fe020006
fcf3faf3
fbf308fc
efec0300
030807fa
f9fbfa10
08f90205
fe090701
eefe08fa
11fd0603
0b0102fb
fcf40c00
16fc0810
ff06f004
03f50803
f2130819
fa12fc09
f5ed1007
f80a0b02
fd080500
0c0afafe
f602030f
050b0204
fafe0e0f
fa10e5fd
0b060c0a
f9f1f7eb
0201fff9
faf204f1
0705e80e
0f0b1804
0ef60403
0bf10cf4
11ff0100
07feff04
f116fc0c
fc00fff9
02fef9f9
ebff02f2
09ff0d0b
f4050a08
fb0305f8
ebfc0806
0409f7f1
fef6fd03
07fa021a
f60ffdf5
e501fc02
0af4f800
0602f9fc
fb0b0905
f50916f8
f60bfbfb
ff060c0b
fe0303fd
faf10c06
fdf90bf5
fa0f13f6
00f0f7fe
fa16fa05
0afe0008
1103f5f8
030e0cfb
fbfcfb01
f6f9f9fb
f6f50606
fbf2fa02
f705f102
f8100dff
0b0f00f5
fd050304
0105f5f1
f7efeff6
fa05f207
fbfef50f
030a03fa
0a0b04ff
fcf9feff
fdfb06f8
fa040a03
0afff607
fc0afdf7
020801fa
f4100bf6
0000010b
0cf4fe09
08f6f3f1
03000e0e
fbfd000a
0beefbfe
f7011a0c
fb0f0101
05ed0004
13fd0ff0
fefff905
fc0efcfe
fa030bf6
0c030e08
0be7f8f6
f2fe03fb
fff60200
0a010efd
effdfdee
f3f008ff
0706f000
0cfa16fc
0c01fbfd
f5fc0600
fa01f205
f409ef08
fdf5fd08
fd02ff06
fff5fc06
f603e9f8
fd00f70a
f5fc0a10
1cfb0df5
faf300fc
fc070cf7
ef05fb00
06f8f8f6
0a01062d
eb020317
0509f6f5
0805fa05
0af809f4
04fefe02
f1fbf602
0a07f8f7
04fff007
ef031ef4
feff030e
10f40003
020a05fe
fef606f2
fbf2fc0a
f3faf409
eb0cfbfb
09f1faf4
f8fcfa0a
05f3ff0e
1919f0ec
fb02f8f0
04fe0803
11fcfa05
0403ef16
f6f408f5
00fc0c05
f0fee407
02000900
08000bff
fc0106ed
fafb03f0
f709fa09
03f612fb
0209030b
0d11f4f7
051904ee
fbf800fb
f7fff90c
fd0a02fb
fcf90f01
ef04fb00
0cfd0404
050c08fe
fbfcf500
050914f6
050cff00
020ae6fc
fb03fb05
000105ec
f80601f7
fa0c020c
04fafdfa
fedff500
f40e0800
fe00fcff
0603fc00
fefffb02
fefeebfa
030e0309
0afef801
11f9fb0b
fafdfef9
f905f6f3
ec070e0d
fc0101fb
fdf809fd
06fc08fa
04fffef4
010dfff1
f5ef00f0
0309fd06
0dff09f4
fc0604f3
0303f8f1
fdfefe06
03f30702
0204fffa
03010503
f00611fe
0304f700
f5fefe00
fb040ef7
ea040403
0bfaf5f6
00f3faf6
100dff02
fafe0310
f50502ff
ec09fcfa
fdf70200
ea0cf8e5
08f8f1fa
03ff0104
00e9f604
f801060c
07fcf9f1
f6f8fcfc
02edfbf6
0304fa05
e80003fa
f600000d
f7f9fd04
050c0af6
0ff0fcfc
090a1604
fe0efb0a
0cf604eb
ff0702ff
0bfffdfc
fafbf700
02f412f5
03fb02fe
fafd0312
f9e701fb
06fe0b18
fbffed09
00050404
0f000d06
00f105fb
040605f1
fa07f60a
0a05fdf7
04f90602
f5fef9fc
f2f1070f
f610ff01
07f8070c
050b0a02
0401fe01
f500ed06
050100fd
fa10f80a
ff0bfdfb
f4f80dfe
fc07fcf5
f400fb0c
05fe0a12
01faeafa
f901f10a
fafff0f7
0b0f1204
f6040108
fefb030f
082008f6
0cf30205
fcfd03f4
07f50bec
04fefa02
05ee0002
0705fe02
00ecfc00
f700fd0e
0b0700f9
f90dfc05
04fbfbeb
f305f7ff
fe01f4f0
17f60701
06fbf301
070c0003
f6fffb0e
01fffa05
ef03fc01
f910f308
ff08fc0a
100700ff
fffd0b05
0a02fcfa
f9050a0a
0a050ffb
fef309fc
fdf6f500
050cf9f9
0ef7f5f2
0805ff0f
18f90204
f7f6f9fe
09fbfe02
110203f3
0ef703f0
0e0300f3
020314fe
01070f08
03110def
0dfa07fa
05010202
000d0701
080307fb
f3ff1614
080fe5fd
f8fef907
fe030308
17fff70b
13f615e4
fcee1005
0bfb0510
f00908fa
eb0a1609
fd0cf605
fff6f5fa
fc00ebff
fff706fa
00fd0101
0311f3f5
faf80af8
f70e08fd
f511fcfd
f3000702
101004ff
00fc0207
02f912f5
07faef06
e8f6f1fe
05f40304
0305f3fd
fbffff05
0300eff8
ec0010fe
fdfaf2f9
fb01f906
0e1c0f00
f9000c07
0ff5fcf2
fe03fc01
0300f2f3
fdf7f2f0
f302f3fa
f80402f8
0209fded
0410f9f8
fcfff808
fdfffdfd
02f304ff
09ebf709
fe0a06f0
03fe05f7
00e501fd
04020c0a
ff03f10f
04f80508
01fdfdf2
f0070008
ef040308
040d0906
0005f2fe
0905fdf1
06f6eef3
fc0303f6
f30e03ff
10010e05
f8f500fb
0a0b00fa
04fc0cfa
fafbe802
f801f005
08020cef
0f0afc09
f8ec0cfe
fbf90c00
0204fcf9
fbf902ec
fffb07ff
f5fdf20f
f80801f5
0403fffe
e6fc0dff
fff0fffa
0ff4fdf4
0a02030f
fb0b0103
fdfc0201
ff0409ef
f003fe0a
f80f0c08
f8040cfb
f8040bf7
0b0de905
fb070ffe
fbf90004
fe00f802
eafc030a
08fcfb07
0503fefa
06fd0300
030bf1fb
0d0f0805
04f90203
04070b0e
fd03000f
0af1fefe
15fa0af8
fd11f40d
08fe02f2
0301fdfb
080205f2
eefc1303
000800f3
fd0df905
eefe11f9
f9f2fe0a
fcfaf603
ff0ffaec
0205fb0a
0e0afb01
08f5f404
f8feff08
0b02f303
0106060c
fcf6fb05
f6efed04
feef0105
f506fa14
faf80cf9
0104fafe
0d0b0efc
1106ec02
faf60002
03000012
0af80101
06fc0304
0df1f6ea
fc0508f2
f4f709ff
f3f2fd03
05fbf805
e6020ffe
07ebfd0d
f7ff070c
0713050b
08fc07f8
0e0cfb00
0005fef3
fc0409f9
060dfaef
fafefe00
f4f60ff2
f0f4fbff
f51af80f
f805fafa
15030306
0308fc00
f808f709
09fdf6f6
f6040403
0debf207
f7fc070a
fe0102fa
fbf703fc
11fded0a
fd0ef3e5
0d080efe
0b0304f0
ed080ff3
f103e9fe
f201f5fc
0903f409
f80afb00
05f20bfd
fae8fb12
fb04f900
0010fff9
f4fe0204
f7fd0315
e70707fa
1002fdfe
05fff6f9
ff05f8f3
fdfaf10f
f2f7fb03
041aff13
f7ff0206
02ed0404
04fbff12
fd01f801
efe9ee07
0602070c
f20107ff
0af41bf5
0bf7f812
0b17f6eb
090d02f7
fb050af8
06ef0107
fe000a00
050a07ff
f9fc0507
0004fdf3
fcf6fcf9
fdf90205
eb01fe00
0c0efc04
09fc08f2
fd0b08ec
02f502fd
02f5f8f9
0a0405f7
f7fd10ee
fdfefbff
f1f90306
0bf50508
f7f7f9fb
0f0a0503
e8fb0402
fbfefe11
0402fbf4
f8e5f904
000307f8
fa0007e5
01011907
f5f100fc
fff9fff1
f1f0eaf8
fe030302
0600f2d9
e8fff802
ff07f407
05fa03f7
f4011006
0c00fef9
f804f8fb
fdf30112
eef206eb
ed0305fd
f002150a
02fd04f1
0bebf2f6
f3fbfcf2
0af316fd
04fbfef8
f8090205
06f403f1
fae4fbfa
fff7fcff
0dfceefd
ef06f1fc
07fc0904
ef05fd08
fef7fbf9
020807f6
03fdf002
f30007ef
0100eef1
ef00060f
0ff60ef7
0907fc03
04fd02fa
0912fb0e
f3090c08
03fdf703
110afd03
f5fffbff
ea06fe19
0af2fb04
0a0e000d
08f5fdeb
ea0807f9
03020cf9
fefa02ff
01030316
0dfff605
fdf2f0f1
fdfd0107
1d07ee09
06f706ed
0bfdf1fc
0902fa05
00fdf5f1
fdff05ee
06fb0104
f50af5f3
ec0508fa
0708eb0d
f8030bf3
f104fc0e
f8f60616
06faffff
04f30308
19fc0c05
f5faf9fe
06081006
12f9fffb
00f8fcfe
f6fafa06
0e0701ff
fdfb0e03
0af90015
0cf300ff
0e02f2fc
0401fafb
e7fd0bfd
f7f00100
ef0efb0a
02020bfd
0e05fd02
0efcfc13
04f6fe0a
0b04fdfe
0c070002
f7fcf606
fd0efbfb
0b0bfb04
fcfb0c05
01f9ee02
fb00f80a
fffa07fa
06020607
02f607ff
0f0d0400
11e9fc06
02f3040b
0af9fbfb
04030000
fafd0c06
00f8fff8
fbf80602
f20ff801
fffe060e
fb09fbf9
f902edfc
fe02f600
ff04f50e
e9fffff6
f0f9e809
0a03fd06
f909f0fc
fd0bf9ff
06f2f9f8
f101f406
f3fd12fc
06fdfefc
0906fcf4
04fd0411
03fefaf8
fdf6000a
fb0800ff
0401050e
03050606
06050dfe
ff03f30c
ff0905fa
ecf5010d
fb0e0ffa
0af90706
07f80f08
0401f209
1a130aff
fbfffafe
1def060a
ff05f3ff
fcfdf9fd
04110908
fd040a09
f70d0100
0206ff05
00fcfdfc
f900fcf8
ff0b0508
0df40501
06010604
f3e9f9f7
f403edfc
fc0e06f5
f51b03fa
f7ff08e9
f810eff2
ff0b0c0a
f1fef2fd
f8f814fb
03f6ee06
f4fc0eed
09f2f9fa
f106fc0e
0f090304
fcfff4f3
fcf6fc06
060a02fc
08f902f8
0cfcfa02
f50407f7
00fb06f0
15f5ff02
faf512f6
02f2f807
00060102
03fff909
03f5040a
0d050904
f9f90001
ff0c09f8
fff5f6e1
fb0b0cff
030afe01
fb02fd03
ff0a0dea
12ebf00e
f80b04fb
06fc0a0c
05fb04ef
ff11f902
f908ec00
0f10fc00
05ee0afe
f7fe09f8
f31b1502
fa18ffeb
f9070605
f40805f8
0a05ff07
f9130e03
ef0212fa
fafd02fe
00fcf30d
f4f9f211
05fd14f9
0302f50f
00f3f1f8
f708fcf8
f1ff0003
ff0002f4
0afb01fa
050a07f1
eb0917fc
09fdfcf8
f708faed
f7041508
f40a0813
08050303
03ff0106
f1fe0af7
fbfb0909
03fcf900
f305fcfd
e914ff0e
0411ff07
fb0dfe05
12fff802
0ff70a06
fd0ffe06
fc050f08
07fc07fa
ec070af8
f0f9f010
1013f90f
0101fbfa
f40205fc
040400ff
000dfb12
0702f6fc
f4fa01eb
f7010e16
fd000604
f4fbf905
f90d0913
eb0bf104
131405fe
fceb0cfc
fc020201
f71008fd
fefc060b
fbfafefc
0f09030c
f5fcffff
f3000906
f801f901
000405ff
07010003
fcf50b0b
03fbf10d
0b03fd07
fb0d0200
f107f408
12040903
fbf8fffb
00fe00fd
010c0aff
01001105
011700fc
0cf70216
03fff7fa
fafcfbf2
13f4fa0d
01ff0805
fa08ed01
01090800
fa040401
eaf80206
f8070602
0904ff07
0503fcfc
040203f3
f80609ff
01080011
0e06f901
fcf2fef2
fcfe0d06
06030b06
f3fd0ff0
02060007
02f70303
fefe0804
00ef0503
f30efa03
0c0508f1
f90907f1
fb0af301
f9fe0407
fef1ed0b
fd02020a
fb02ecfe
09f2fe02
fb0602f7
0c0bf800
fe0801f7
0605fcff
fff90b01
10050602
12f80113
01ef02fe
fd0b07f7
07010a08
e0f609fc
12fff80c
fff8ff06
fe050a09
03f0f300
0803ee03
070a0802
0311fffe
fe000f14
fdfffc0d
fef4f4fd
03ef0e10
080c08fb
fc08ff01
050af306
faff0205
f202f002
f6f70312
f00bfbfa
00020304
fb01f5fb
f8f8f906
f307f400
08060101
0c050d06
02f7f9ed
f70afb02
f711f703
0f02faf9
f80b15f3
0dfffb00
07060203
02fc06f8
000ff7f6
1101f4ef
0bfdf7fd
eb07fb04
19080205
03fcf5fa
ff08eff9
e3030e1a
f504fefc
fb090204
fc02040b
03fbf80d
100d050b
f5ed0608
fb1c080a
eefdfcf3
0ee3effc
ff070204
020b08e6
0700fef8
04020315
f5f804f4
0afcf902
06f90210
fa00f601
e7f801f9
02050700
05fb01f3
fc000cfe
f7fbf9fe
04040e10
07fbf8ff
0afc1007
0003090c
f9070c10
f70408f8
f20918f3
e70d05f8
e706ff03
f104020a
09050309
05f3fd08
0109fafb
fdf3051a
14060800
fef516ea
07f2fd0c
12efec06
10fd040c
0df1f802
f806f601
041a0407
010b0406
f80f09f2
0200ff10
030501f4
f5f7fbf7
ff0702ff
06070401
060506f5
03fcf3fc
f905ef02
0604040f
f605eef3
fdf50612
f808f4fc
0001fb0b
0a0102f9
f71df8f0
f5fe0c04
fe1004f6
fbf4fd04
fb04f702
06020600
0808020a
eeff090e
ff0b02f9
fe0009f4
fd06fce5
0800f903
0b00faf3
fa090a12
f9fa0d07
140f02fa
fffa0605
05090c00
01faf7ff
faf8fb09
06f50d08
0604f803
ffea0013
0102fefe
fdf0fa10
020deef6
fd0ef6fa
f0fef1f3
df140d0e
fe0307ef
01060ffc
090902ff
f2ea0300
fa0d05fd
16fe0805
07f3f901
1415070f
f2fb0b04
fc0bfe09
0101f4f3
08fffb13
08000708
11ff1007
fe09f70e
08ff080b
0efb08eb
f7f7fffe
04feff07
08fef4f8
14f711f3
060de900
010d1bfd
031400fa
fae801f5
e9fd02fc
f7f4fdfd
02fb0cfe
0016fc04
f804f8f6
0bfe0400
ef01f6fc
f704fce4
f5effd02
01fa0f03
fafb11ff
f9fb0705
fef30cf8
0509eefe
fbfc0d13
07f60201
fe01f7ed
07fd0702
f70307f9
1903fd12
0d070503
010af2ee
06fcf2f9
ff110714
fdef110e
03e90308
fe00fd04
faebf610
020ffef3
10fd01f5
fdf2fcf3
fc0a02fd
0314fc13
f6030dfa
00fa0af9
0d02f10b
07f703fc
faf90bf8
0203020a
04f90dfe
0907f90f
03f308ff
ed07050e
0306fffb
effaf1f5
0103edef
ecf7f508
06f40502
05feee07
07fdfdf3
0b1100fd
09fa05ff
fefdf3f4
f5ffff03
fef9f9fe
f515f801
f9f6f2ef
0efa08fb
05f402f4
fff50701
0ffffa00
f9fd0703
f8f216f3
f001f6f6
06fc030d
07000100
03ff10ed
fdec01f6
f8040df7
03fffaf2
fa0407f0
ff0cff0a
0c1104fa
ec03f6f6
09130601
0b02f6f3
09fa1605
fc0efc0d
0202e905
f8fef306
08fffa03
04040d01
04f90305
0317f20e
13fd10ec
e40b0800
f905070f
fbf9f306
fc05f508
16f5fe01
fc0efff4
f6ebf800
f509030a
0011f80f
ea0f17f1
f6f3fafe
10fffef4
ec0aff02
03f004fe
0402fbff
0df70cf9
fdf9f8fb
fffc0ef8
fdf8030b
050308fd
f8f9f903
ff0e02fc
0b0afef9
1403fc0d
f300f10e
0b0510fb
faf1ff05
f502fc0b
01f4f305
00fefd06
f804f8ed
f7f9f600
0dfef408
0c010206
08edfaea
f00cfcf4
fd01fcf3
010800fd
f7f70200
0ff514f2
fa03fb04
00ffea02
0c010406
00fff4ed
fcf70df3
eef90a0d
fa17100a
0102050f
fbef05f2
081d0702
000d06fe
14f8f9fa
07060807
10f0f200
070701fb
04fc07eb
0b09ff05
020bfe08
e7fef401
f4f8fffb
f8010b02
09060a10
080df410
e70502f2
0008f8fb
f00308f1
100a03f7
00fd09ff
05080507
0b060f06
0e02eaf7
f9f910f5
fb030702
0504fb0c
f7fc01f7
01fd050c
02f404ef
07ff0a08
f9f0fbfa
ff020bfd
fc04fbf9
fe0407f2
01ff00f3
f3fcf514
fbfc03fc
f6f812fb
10ed0216
0310fef6
01f90315
0c02ff07
12fdf301
0504fcfd
f4fbf5f9
0c0001f6
0b09fa07
fcfafa04
0709fe05
fbf4f40f
fd07fef7
fa0211fe
0af00dfa
010af702
00feed00
05fb07f7
0df4ed0a
0302e8f2
f5fff8f5
fbf7eeec
f0ff03fd
f90903ff
ff0a06fb
0801eaf3
fbf306f4
02fdfdf4
f8fbfef4
0f03f1ea
f3ff02f5
04f9f4f8
fd06080d
010406fd
000106fd
f5030200
08feedee
fe0508fc
06fd07ec
0802f7f4
ff07fdfd
fbfdf909
0a110114
f40c0b05
f9fd03fa
170feffb
070804fc
fb0a0504
f9f608fe
1100f200
0400fb0b
03f5fa04
f90bfdf0
11f6f519
f1fcf7fd
00f6fd02
08f507fa
0601f5fe
fafcfdfb
09fe010e
fdf6fefc
f100ebf9
f2fdfdfe
f804fe00
fbf3fcf9
1016f5ee
07f403f6
e9f10607
03ff06fc
ec080f0f
0c09fffd
fb070108
fcfe00f7
f50305f6
f40f0305
050f0bef
08fd06f6
fc07fd04
f70010fc
fbff0604
fbfbf309
f605f104
0d030e03
fefefe0d
06f8ec0c
fa02fef1
05edffff
0ef10efe
fdf6f9fe
04f70af6
0204070d
fef9faf9
0001f6fa
0f05fc18
ff0df604
f9f2ef03
0201f9f8
0c09f204
fe06f7ff
010b03fb
e5f9fbf7
0312fa05
fc0413f8
0817fd0c
fe080e03
14f3fcf3
f9fd040a
08fbfefe
040e0007
07f1f3ee
07fa04f2
0000effe
fdf101f2
f9fa0102
0a01edf9
160907f6
0609f2f8
f9fefefd
11fdff03
0a030410
fff9ef03
15ff061f
fdef0401
04e3fcfb
07fdf501
030c04ee
00fffff6
070b03f3
0d01f4f0
050200ff
ecfeff01
01f80502
040111fb
0814ff03
f704f20b
0204fc05
050e0200
0b000602
fff1f00a
14fcf701
f0080001
0f09f2f2
0b0302f1
fc1c08fe
fa04fe02
0d021009
08fa0501
05f30506
0903fbfd
f8020801
0dfcfcf5
05f7fff4
f405fc09
0ded0108
fbfb01f8
f9e8f50c
03fdf1ee
0c10f700
031b0302
f60a170e
f1f9fff1
f4f20804
fbf912ed
05f7f3ff
01fbf0f3
f8fd0df9
fffafa00
000601f8
e405f4fb
071702f2
15ff06f5
f809e902
fe0405f6
f40b0005
fcfff8f2
f804f10c
f30016ea
fa07fb10
fdfb0002
fbec0f02
fd05edf9
01fdf4fe
f9f70705
f50aedfe
05fefa13
edff0f06
ee08fd04
fd14fb02
fafef60c
040902f3
0005fcf7
f4ea0ffc
10eff908
04fd07ec
17f40308
0b070502
0006060e
0902e408
07fcf711
fb060d07
050704f7
0a0c0403
070d090a
09050104
f706fb04
fcfffe0d
08fdf101
0ef510ea
f909f8f8
1606f112
000ef5f3
01f10301
10fcf716
fcf200f5
06160cf7
fb10f900
14fbf6f6
f30c0313
16090e01
f5fb1801
0bfef1f8
f8ff000f
160c0af7
f9f41bf6
0ffd04f9
0dfb0205
f9fdfa01
f301fdfb
04fc06f1
fbf904f2
11effd1b
f4f803fe
0516f6fd
f7030006
fcf6ff0a
f900fffc
fcfe02fa
13f80f02
eff7efff
050df7f4
04ff0bfa
e5fd0007
0f00f902
02fef40a
0c0c0f02
f8f70405
0705f3fc
05090b02
fe0af5f8
040409fb
10fbf801
f1ef1200
04efff03
040ef6fc
0d0010fc
09fceefc
f8fcfc18
01ff0409
fa0ff105
090c13e8
010dfaf5
0ffffbfe
f50a0a07
ff15f00b
05fa0700
fbfeff09
0e04fef5
0200fcfb
03fe06fb
03fd1efb
f907fc09
f5fffffc
010aea08
03edfc03
04fd0205
0b0d00ee
fcfcfc01
08f5fd06
03fb0410
02f9f406
fc020b0d
fc04ff0d
f901ecf9
fe0df1fa
f0090201
020e09f9
0bf5fefb
f70103fc
f8f6fbfe
fffa1204
0104fd08
07f6f3fb
f812040c
fdfdfaf9
f5070707
0815ef01
f20f0000
050400fa
edfe0a05
05050aff
0109f00b
0cfe0c02
040906f7
01f81010
edfcfaea
0717fc11
150304fe
010301ff
0609060e
eff9fafc
0303f806
170301fc
0009f0eb
f50cff00
f60bfb04
00e60108
050702f8
fc00fbfc
03120c0b
ff050200
fa06fe0f
f3fdeefc
fc01f0ff
06f3fdf9
01040805
07010603
03fef400
f318f6f3
000dfcf5
0def04fb
05f80500
fb0f08fe
04f307f9
07fd0c02
0b1211fb
1104040f
f609fffe
f1ffee0a
050c0df0
ff04f402
f7f80606
f2ef0700
0afc0f0b
04ea05f8
020607e5
000cfcfb
09f6f005
fefc0510
02100009
0110f7f6
0605f2ea
f805ef04
0309fa05
0301fff1
0fff0505
0702f1f8
030a05fe
0a00ff0f
000aeef6
f7fcfbff
0f16fef6
f9000102
0a1005fd
e907f9f5
fffef901
030900ff
f2f6fb00
0c08fc02
fdfc0112
f0fc05f1
010e01fe
0d0b0503
ed07f8f4
00ff000a
05f60503
070c0007
070004ec
f60e0201
14f504f4
0dfdfc00
ea0a0902
fdfffd0a
f9000700
030cf0fa
fbfffbf1
11fa0dfb
f50909fd
06fa05e7
0502fbfe
0203ff05
0e030b08
050e0fff
f0fdfa11
fffefa01
ff09ed07
05fffee8
06040715
fbf9f2e5
fbf90f12
e5fcfe01
f103f003
fe0307fe
07fcfa01
07ff0bf8
fdf10306
02f40301
0d0e0204
f8f4f2f7
fb0908fe
f8010d03
06060201
f80505ff
08ff0c11
0c04ef14
060efefa
0cf8ed10
f7f60611
f6090205
0409fcfe
10030311
0a05fa08
e2fe02f9
f01602fd
fe0afafd
f7f9fafb
02f10a07
0b00fa09
07020ef5
fa1704fa
0206fe08
f1190800
f7f00c18
04fa0c01
010f11ff
fbf7fbfb
f4f6fa09
fdf503ff
0cfbef07
fffb0907
f407fc03
13f20900
11fbf6fb
11f908f4
03fd05fa
03ed03ff
1f11fefe
010405fd
0d02fe08
0d0403f2
170505ed
080106eb
ff0300f6
030bfe00
060d02fc
0bfd05fd
00040e04
0007ef08
f5eeff0c
f7fb0fec
0fea0aff
02f709fd
06fd0503
050311fa
0906f5fc
f7fbf500
02f4f7ff
0a03f9f2
0e080104
fd01fc09
010dfe03
05f005fe
06010107
000014fa
08060bff
f2fc11f4
00010611
f4f7f503
07e8f200
01fe0c00
f6fb0604
f408030b
01eb0e04
fef00003
f9060406
fbf408fe
0407fafa
fbfc0605
0ffd0504
faf30a0f
fb02f112
0bf6fef8
f2f6f30a
0b000003
f4fa0506
ec0608f6
f9fe0605
041602fd
0a0306fd
05f0f5f7
01eefffd
06fe04f6
040302ff
07f4140b
080603fd
1111fdfe
f3000a0f
0c10fe13
f009070d
f2f6f701
0408f4ff
0f150d01
f307f7f1
0d0010f9
f5100cff
01fe10f3
fa0b11fd
f81509fa
fcfffc18
f9110509
f2f6fd01
15f6f109
00f4eeff
ed01110b
fd0b0eff
01051205
fc06fd00
e40efcfa
020805e0
fdfa1205
050bfef9
fc09030c
0b02f5ff
fe040413
10ecfbf3
08ef06eb
f309ff07
05fbfbf9
f30bfd17
f908fefd
f804fc01
0afb05fa
08f0eff3
01f709fb
feff05f5
f6fe0c01
ec09fefc
0305ed02
06eefb15
f7070202
f9f7fafb
0f0506fc
0900fdfd
06080eed
040103f9
f40aee0a
fc09070c
06fef4fd
1000f31c
eef7f912
0802f0f7
0315f500
0efefcfc
fafa02fe
03f2fd0c
03020401
ff0b00fa
0eef04f0
fb02f9f5
fef2f90a
050c0204
06f1defa
f8fb07fe
fceefdf3
03f30616
fff109fd
f5030810
fe170119
0dea0601
06fa0d01
0c0507ff
fcf80300
08fbfe07
05010906
fbfb0a10
ed0c0611
f50f05fa
fd02fd04
f9fe03ff
09fbff0c
0bf40509
04fa0308
f7fa0d0b
f50bfe14
0aff06f3
0cff0ffd
ff11fcf3
fa0cfa02
070006fe
fffffceb
0bfaf7ee
ff030302
ed01fcfc
f90a0bfa
fa04f90b
0318e8fa
10fe0a05
fc04f8fb
f5020efe
fcfb0702
fc0503f3
17f2fb05
ee0100f8
02f90001
f5010503
02fb0bf1
e9ff02f8
fbfffefd
040708fc
0701eef9
020700fd
09fc0cf4
00ef0bfd
fbfd0c0b
02f2fcfd
14ee0501
06021210
00020204
f6f50102
05f6fe05
fffb03f8
04fff801
f8fbfdfb
0201f0f8
fbfe0108
11070607
fdfa0100
030105ff
fe000307
fe030d09
03fa0bfa
f1ff0303
040afcfc
0a0eeefd
0302f401
e4f90b00
06f7f702
fefd00e8
0809fb07
0100ff00
fbf916fd
f9ef0c10
0cfa0506
1a04fff7
fef2f5f9
0cfcfdee
f0f4f1fa
f108e805
0204010a
fdfe0cfd
fe0d09f9
f60802f9
f40b04fb
eb010006
fb090612
05faf9f3
0d0cfa14
f3ff0603
0204fffe
f9f8f3f4
02f90203
0705fd0c
faf20410
030cfa0c
020c06f0
fa00fdf3
f40305fe
09ec0501
0906ef00
fff2fc0a
0bf90afc
f7090efd
fc00000d
f402030a
ff02e7fa
04ee0b05
04feffff
f00303fc
ff01f709
0df6f9fd
0a14fb02
f50ceffc
02ff03f0
0a0410fb
090201ff
f5f702fc
fef3fcfc
01030405
0807f500
000500f9
ff01fc17
0d040113
0902fd00
0f06020f
eef904f2
0efbf80b
070beaff
f9f702fb
fdf505e7
fb04f2fe
12fc000d
f5f7f2f8
f308eb09
f6090a0b
f7f7f403
090c0802
fa110cfe
02fe00f7
f900fe07
f9fafa0d
fd0308fc
14ff0805
0ef1e901
fa0afbf7
0b13fa06
fd0c03fb
fff710ef
04f105ff
07ff0205
0a0502ef
091400fd
0500f9fa
0c0800f7
00000df9
03fbf7ff
0effef10
ee040207
f0000ff8
fb00fc09
02090009
00fb09f4
050eee05
fb0019eb
f50efc07
f7fbf8fe
12ecfe1d
f7fff4f0
0a07ff09
f9f7fd08
09f90a09
fe08f1fc
0802fefe
04f609f8
0301f4ff
08040100
030e0a0f
03f80c10
f30803fb
faf70501
05f10000
08fefb0a
f6000bf6
faf4f004
0af9e405
0f0efdfd
0f00f60f
00070510
0cf7ed00
0906f912
fc100cf7
04151116
00fa1603
0bfef3f9
fa06f9fe
e80405ff
fc08f1f9
fbfff40c
09f91207
08f5fe03
0d0e0506
02f504eb
fef2f3ec
f5030d02
f213f702
070b0700
fbfffdfa
f6f0080d
fc071bf1
05000702
000100fc
00000bfa
07060510
fafd180e
0bf704fd
0102effa
ef0300ff
fde70502
ee020ffc
090d13ff
010e02fe
fcff040c
10f7f600
feedfe01
fc190008
0f0605ff
0410fa04
19f5fcf1
ff090109
13f10d05
f90c03f7
05fc0c0b
fffa0601
09fd0cfc
fe0aef1f
f5f5f5fb
06f9f004
f5fff406
fc0005fe
f613ff07
f5090f0a
08f2f402
00f6fafa
03f40006
06050f00
0c0efb04
030405f7
0608f7f8
01f303f4
f9f805f7
010e07fa
0e090af2
f700000e
0301f803
f711dd04
fbfdf708
0a010af3
ef0603f6
000708ff
0716fd1d
07ffffff
f603f901
0b0b0f00
ff020004
fcfe06fe
f002fc0a
fa0f03ff
fa0909f7
090d09ff
020b0102
f902f50a
09f6080e
0dfbfffc
f70902f6
f1fcf901
fe00f6fb
f9f306f4
05f4f4fd
06030f0e
0107ea0b
f8050c0f
edf80d01
0bfa03ff
fb0706fd
05f6fcf2
06041607
fe10faf2
ebfb0503
f9ff0801
ff02f001
fbf702fd
ee0a05f9
010602fd
f1140b02
08fd0800
fc0406f9
03010bf4
f3eb0ef6
00f90015
05f903f8
f8faf30f
f0f0010a
fff70d00
f7fb0c08
fc0002ef
f5130f00
f608f7ec
f70ef800
f0fb0005
0aff0e0e
f203fd01
ff010506
07fc0505
05f9fcf3
fbfbf90d
0afd05fc
04faf0fd
fff7ff05
0ef7f906
f804f908
fef30f15
fbfe0c02
04000307
f819edf8
0501050d
11f012f9
f9fff1f6
02fb05f6
06fa09fb
fde5020e
04060e18
030602fa
fa0902f2
fff5f701
00000607
ef00fc08
f1f80501
01f609fb
020110fa
03fd1405
f9000500
010507fc
0a00f10c
00050302
080e0301
fd09fe0a
0402010b
fcfee8ff
fef9f70d
040bf204
01020c02
0f030101
13fcfd09
f803ff0b
06050200
0101fafd
f7020505
00040e03
e912080b
0d03ff08
0406fd02
fd0d0601
fbf5ed01
130bf004
0c04fbfa
00fcfc00
fc00fdfa
f0f80cfc
05ff0afd
03fcfb07
faff04f2
f7f5f8f6
0d0a02f6
fafc0cf7
f5fafbfe
f10afdf8
f3fb0707
04fc0901
11fb08fe
ee050e0e
f7f0f1f6
fcfa1000
ff0ff307
030c02fb
050a0f02
09e9fef9
f6fafef7
fef40901
0ef802f5
f90802f7
f602f0f4
f1090d05
f3f1170a
eafb0b0d
010e07f3
000902fd
03fef800
0805fdfa
eff4f6f5
eb06f7f8
fc0aeefe
f3fd03f8
fd11fa0b
04f7fefe
08faf5f4
14f1fcf7
08f10bec
0d0df9fd
08f3fc02
f1fefc10
f80702ff
0013ff09
fa0ce40b
faf3f5f8
f3fc15f6
01f2fdfe
0dfbfe0c
030b030f
f80602f0
07fc0b0b
000505f9
f909f400
07fef5ff
07fefdff
fb05ea00
060ffe08
f1f10dfa
0aff0103
f7f5fc07
09fe09eb
f110f101
021cfaef
f7f7f018
09f012f3
fd0ef1fe
00f900fe
f6f815fb
edf9fced
0900f703
020cfcfa
05f001fb
061016ff
f707fffb
00ff1812
fc060306
f40df8e8
fc00ff00
1203fa05
fb0a01fc
0501f8f9
0af80a05
010a0b05
1108f315
0cf7fe00
fd0cff0e
01010006
ed020701
fc090809
fcf9fa0a
12f81008
10fdfa04
160ff108
01fe0a0e
00f601f7
02f508ee
01ed0908
f60201fd
0af5faf8
fd090aff
f7f905fd
0e10f0ff
09fa06fc
02f8f605
05fffb08
fef212f7
0bfe01f7
f10e0607
140efefa
0af901ff
fdf6020b
04030604
090cfd12
fdf20307
f9041002
edfb00f7
ee0603ec
ff0200eb
04010505
f3fef7fb
04f8fae7
ef000a0b
05061002
0100f0ed
f713fb0a
07f20a12
0306f3f8
f1040b01
f8001804
0af0fffa
f80d0703
090a0bf8
f4fdf103
03f00309
0b00fcfc
1f0b0a0d
04fd04fc
09180101
05fffffa
03f0f901
0bf2f30a
e91804f9
09edf9fa
03f708f9
04ff0215
fcf6fbf6
f912ff0a
0b090b04
fd130308
f7ef0ef2
f9010408
0cf70f02
fef80607
f910fc0a
09fe09fe
fd0306fd
0801fa06
0307fdf6
02f60e09
f7fe00f5
0dfaff0e
f4fdfdf1
08ef09fd
090a0803
eafcf3f6
02fc04ee
08ff05fa
fc03fe0a
f00afe0c
fa011307
f706fef3
fbfafc00
0f0bfa05
e403f6fa
fceaf603
fc03ed01
0a0a19f7
f409f205
fd0e0b09
06f70204
f3fe08f7
05f80106
0401fc0b
f805020a
000903fd
f7eb0ef8
05110cf0
0b02f007
040c0102
faeb02ff
fbfffe03
05030107
ff0a0609
0e090309
fa0300f1
f204fcf6
f90b0f01
0b18fbf3
02fe07fc
f90aecf8
090ef218
f7011304
f1040cfa
f1f8000a
050c0af9
0700fe1a
0b090e01
09f7f201
f70e0e0c
00051b00
00fe020f
060412f4
08130516
0402fbfb
09f5f105
fa02f905
eefa0203
fa0002fe
f2051508
04f8f402
fc03fcf9
03150a12
f5060402
ff08f500
07f4fe10
ffec06ef
fd02fb04
fefbf904
01fdfff8
1600ebfb
04fa0802
f8fcfd01
08f4f9fe
f8f4f405
f704feed
010b08ed
0904000e
fd0a0608
02f2000b
020300fb
09eeee07
fefefdfb
1d0014fa
f806f7f7
0803f900
010704fc
0902fc09
edf80009
060aeaf4
0afbf603
04ff0008
03020f07
0bfe060f
07fd0a01
0beaf607
ef0bebff
f7ff08f9
0202f70a
fa08fc0a
10fb0de9
02fefb03
0307fa07
06faf6f3
faec13fe
01f50200
0e0e0c16
f005edf8
010208fb
f713fd06
0dff0a13
030500f4
f204090a
03f80e05
f4fa0002
0002f20d
fcfb01f8
f3fff8f9
01f005ff
000902f5
ff0f07fe
ff0c09f7
15fb05fa
01f90808
f9fded08
f2021af4
f503f8fe
000c00fd
00fc0300
03fdfd10
fdf711fe
ffecf9fb
f5f814f9
f70b08f0
f014fc07
0aef000f
0dfdf100
06fcf805
08fa07fe
000d0bfc
f207050d
f60402fc
0a04fbfc
0a0a02fd
f20c15eb
15fbf402
071105ff
f6f4fc0b
16fbf8fb
03020402
0bef040a
f8f50711
121706fa
faf60003
12eff809
fc0bfcfd
15f9040e
ef081906
06efff0e
05fa1dfe
04140efd
02f806f9
040a0711
fc0d0800
fafa060a
f506faff
02eff400
0b040ef6
fdf7f8fa
05f616f5
f7fffa01
ffeff7ff
0bfb03fe
10070afc
03fff50c
0b0002fa
04fdfdfc
03fcfe00
fe0afb0a
fbf9fb05
13fefaf9
f802ede8
f10efe12
f60c0100
fafcf4f8
f9fd16fe
fe020102
fd0e080b
0505fcee
050806fc
fc010102
0118090d
0efbfdf6
0cff07f7
f8f3fcf4
0c0df30e
0907f801
e908f802
0205fd0a
04150c00
0a10f7fb
f5020707
fe0002fd
fe0404e8
f3f60101
0211f400
fc05e70d
f8f108fd
00080203
06090afd
0a050ff4
01f00802
12f8f602
07ec13fc
ec020dfd
01ef0309
0e02f602
06fc0bf9
fffb0a01
f8fff40a
0b06fafd
fe030106
fbeffaf4
fbfa0b07
060210f9
070000fe
ed00fcf8
fc030009
f40401fc
ed0df7f2
00f80609
080503ff
02edff0b
041407f4
0a0804f7
f4fcf7ea
09090cf0
011103f9
0d02fa06
10ef04fc
090ff5fb
1bf70807
ff02fe0b
fdf105f8
03110000
0a020bf3
0c09fefd
07fdf7ef
0c030407
03050607
fc010c02
0407ff14
09ff0809
0805f709
f30603ff
00050dfc
0dfef5f5
fb010704
01e50602
09ecf40d
000b00f4
fcf7f803
fefdff05
fb09ec05
0ff0f803
01050306
fbf8fcf9
f9f3fffb
02fdf804
05030606
050d17ff
ec080b1c
07f50109
f10dedec
f5f5e902
04111711
fcf70300
0af504fe
0dfc0202
080bfe06
fe06fbf9
fcef020b
feef0500
0104faff
04030607
07fd10fa
0ffffe02
08000511
03f60a12
fb070e04
00fef2f6
fffdfd02
fefbff0b
01041717
020df7fa
fd0a0208
f50b08f3
04090907
000ff901
061407ec
000b0c0b
f20100eb
f9f4fd02
fa0dfe04
0ef9fe12
f9f9100e
0010f9ef
f602000c
0119f5ee
fd07f8f8
fc0903f8
fff915f1
06f90309
f30001fe
04f903fd
fc09f411
070016f3
05fc1519
f9f80a06
f7f4010c
08fdf4f0
eb0cf7fd
fe02f8f6
fbfe1502
05070006
f6f409fd
09fb040d
fff302fc
f60c07f5
fb07f1fc
f90d03f1
fef9f40a
05fdfd09
100706fa
09f101f6
fdf9f0fb
fd05f600
02f7f8fd
06fffc0b
09f5fa01
0a05f601
fdf7f70c
11fd0e0c
e8060e00
07fa0f22
0f090ffb
17fd100b
0d0f030a
00fa0208
09f40cf6
07f80005
09f70d0e
09f3fc01
0b08fc09
feed0901
ef02fa01
fdf3000a
09f80d03
fbfd0000
03f106f7
f50d1409
0af9f5f8
f7f708e9
0208fcf1
fe01fbf6
03f1fe03
05fd120b
0300fdfa
f1fff1fc
02f80104
fd05e811
fefe06f3
0c05080c
f7f50afb
f7140004
fe150c00
1010fd03
06f8f3ff
0c0502fc
fe0a00fa
ff05ffff
f6090003
0b010405
0b0ff5fb
01fb0e01
09fffbef
01fc0801
f9fcf206
1af51b06
fd12f6fb
03061102
fcfefef6
13f7fdfe
0004fe07
02fbe912
fcea050a
0deff20e
0400fdec
0df9f7ed
0600ff01
fd040a00
f916ea12
fdff0aff
f5080d0e
f8fbfaf8
08faf50c
0a1113f7
040bf404
f609fcf6
fcfcfe06
f10014fe
f800fff9
f10806fb
fd00fd00
06f3f910
f60a02f5
fbfafcf8
fc08f1ef
0c12ff11
05ef06f0
05fbfe02
1dfcfaf3
030209f5
07fe0f0a
fc0a0706
dc070707
f619fc09
fbff09fa
05f7f5f1
120b0809
e8090604
03f2f314
fc0f07f0
02fcf8ff
fdf905f7
fd0af8fd
0bfdeef7
fcf3f9fa
08f9f7fb
07f9ea0f
fdfefaf1
0a0efcfc
f8010301
f608fd0c
08050800
fcf9fb0d
0bf5ff02
00fefd07
f7f90512
1413f505
f4f7fef9
f407ec01
f3f3fee7
0ceefff0
06f804f9
f9ff0af7
06050303
f8fff5f9
fffae5f0
08eceb05
0f07f413
1af4ff04
f11202ef
f6090a0f
fe0cff03
f1fcf602
f8fe09fb
ff05fc0a
01fd080e
ef00f804
02f3050a
f606100d
040808f9
00f407f6
0301ecf5
fa0eec02
f7fcf505
151bfc00
ff060102
fafe01f5
02f705f3
0705f90d
f9fc02fa
ff0bf905
09ff05f7
0d00eaeb
f500ff09
0202ff06
fcf6f910
0a07f6ed
f2feff05
0508f9fc
fffe0304
fa00f407
f4f9f7fe
06f9ea11
fd0204fb
0b0bed02
08f80804
06f90f10
fc020e0a
00091401
12ff070d
0008f808
f0f6fd0c
0ef7fb02
effd0301
04fef901
07ffed07
ef090109
05ff0606
0206f70f
0200050b
07091006
f71d0e09
ff0a05fb
0e0b0102
05f50d07
0402fc00
0a0f0103
0afbf9f5
f506fbec
04ff0701
0d010003
0502fceb
fe0f0205
f6f6fdff
f9070003
0f06f602
080b0e0b
07fe10ff
f9fe0205
07fef204
12f5020f
f5071c0f
02f80ce7
030afd05
0df5e9ff
0210060c
04fe0103
0f01fefa
140ffb06
0e13f906
f30117ec
fa0a0707
0309f9f2
fff70107
f302e909
f407100f
fcf8f607
fafc0813
010cfafe
f8fcfef9
fa000601
00040219
ff0ff808
0c0bfc09
020206ff
00f518fe
0b06030f
0400f5f3
0307fc09
08fb0802
f20f01f3
f5f5fd07
f707f70e
0308fdfc
f6f8f7f3
000d0bfd
0b01e913
0d0701e4
fcf80af1
f6f80f03
030002fb
110d10fd
f90b0a0a
0307e503
fe04040a
fe06ebff
faf7fbfd
fafb0102
130408f4
fffafcee
0613f909
0800f701
1afef3f1
07fefbfb
fc040104
050804fd
fbf4f7ef
fb01fc0d
fbfbf006
05f6ef00
f8ec05e6
010f1001
0cf40904
fc01fa0e
fb090303
0602110c
f611f504
fa0dfdfc
fef9f905
fdff0e09
fcf900fd
1207f10e
faf80101
fd0402f6
08f9ff06
faf8fe0d
0df91014
0af60d0c
05f3f6f8
ee0003f3
07fb0804
09ed08f7
fe041005
02ec0206
0dfc0cf3
0a05ef02
010b0103
06f502ef
14f1fff9
02021100
fdf5fcfe
f404f5fa
0b0607fe
f7ff00f0
00f80a18
f2fdf8ff
03f4f0f8
f6f706fc
fdedf816
f30709f1
fa030c06
01fdf6ff
070d0905
09120c04
05f10c0c
fdfaf60c
1aeefe01
05f60d02
08060212
f6f3f504
100b12f3
0fef0307
fef8f6f9
f50305fc
0903fbf6
ed1311fb
fbf41213
08f00907
06fafb01
0c0bfb01
0a02000e
06140c04
0de7f6fc
f50afffd
fbf9fbfd
ff020011
00ed03f9
060c09fa
fa06fef7
0ff810eb
05f9fe13
f2050101
05faf20e
05fdf612
0805f106
fefffe04
0cfe07fc
06120102
fe09ff06
fc15fb00
05fc0ff8
0cfdf3f0
fe0b05ea
f60010fe
ff04f91d
0d13f7f6
f9fdfa03
fe02050b
fef6f70d
03ebf9fb
02050109
02f50d01
07fc080b
fcf50af1
fefefafe
05fc0cf7
0b0103fb
f9141804
050d0d12
fefd06ff
10fd04fe
010a01f7
ed020bf9
07040602
02120006
070bf209
05f8faf4
f4f7fb07
06020411
fa120afa
0a00fff8
06f90cf2
f905fb04
faf2feff
000c0b03
f801fb01
f7000cf9
f70504f6
f609f70e
0bf5fd12
feeff0f0
1301f3ee
08f40b18
faf200fd
ff01ff09
f7fc0508
0006eb04
05fef403
f00b01f3
0303f509
10f500e7
09fb0415
ebfcf9fb
fafcf5ff
130105f2
0218fb06
fffc06ff
05000e02
000607ff
12f4f2fd
03fbfc06
f609fa00
050c07f9
fef507f7
fbf709f3
11040b0b
0a05fd07
f3fefafb
fe03f5f7
0b0efd09
08fffc02
09edf609
0b05f8f6
fbfaf5f6
010c0011
effff51f
fa01f409
06fffb08
fd120309
0bf106ff
11f310fb
03f80eed
0b0bf3fb
08fff9f5
05f10d12
fdf613f6
0700ff0b
fbf6080f
08f5fffb
f4f209f6
0dff1600
fe0614fd
0a150505
0510130d
fd1009fa
1304fcf3
fc00050b
0d0b04f8
ff14f6f3
01fe0303
1007ec09
f8f714fc
03041a04
05ee02f0
ea000afb
04fe0600
eb020a00
f824fc03
0e16f506
f8f40200
020d0def
f7eafcff
fe010507
03f506f2
00fef9f4
fb080708
fafe0610
000bfef1
f10c0903
050af7f9
02f507f7
11fb000b
fc08fc01
fc040709
f7010207
09090b05
feee03f8
08f203f8
0cf2f7fc
0b07fe09
f8040d04
04ff00fb
03fff7fc
11ffe4fd
08070eed
04fbefff
02fb06f5
f81903fd
ff06fff8
f4fc0a08
06fe03fe
f70efff4
04060812
01e8fbf8
fa0f01e8
fdfb0307
fafafc10
0702f1f7
18090203
06fd0108
fa05fffb
0a0306ff
f6f40b00
0cf6ff07
0703fc17
fefc07f2
edfbf001
04f7fef6
f906ee0c
ef081809
0afe0806
ff0afefa
04ff030c
fff50313
f8f91005
060215ff
08fefb04
04030c0d
f1fa05fa
000e0af2
fdf903fe
130d09ff
040a0402
f6fe0907
04f80e0d
00fbf603
000dfffe
f8fd01fc
0309fdff
07f7f617
fb0104f2
fafb03f9
fd0bfbf0
f7070700
f6fe0302
fb00eeff
fc07fa12
070afb13
f50de407
f5040504
fc03f302
ec0803ef
f90b13ff
f7fa00f7
ee0cfd0f
0803fefb
fbfc0c08
06f50204
f90c0a16
06fc00f6
f81400f9
0b05fc01
0efb0608
16f8f90b
f8fffb00
fd0003fc
0905f606
f80cf411
f2fd0918
fe060600
fffe0c0a
f8f508ff
fdeaf0ff
0ff90110
f8010106
0aff01fc
ff030fff
feea0e05
021505f4
0601fb0c
020601ed
fc1efef7
0ff2f608
ef0901f6
0b131304
fcfef7ed
f6f90717
fb03edf8
fa1b13ee
ec00f506
0506fb02
f4f50815
00fd0102
0df7f706
feeefd0a
070904fd
f9050bfc
0c0306e9
060ff0fc
070bfcfa
fb0e1df4
03f90609
fd090b02
fdf9030a
f1040d0b
04fa05f2
02070501
1007f5f6
03fdfa07
0afa0307
f709f8f3
fffd0001
0408fffc
ee0f1316
fa020b03
fff70201
060904fe
050af5f9
1105eaf5
f3050213
070904f9
f807ed0c
0af90007
0615f90d
e708f9ff
f30800fe
fdfcfe02
fbfdfb01
0409f2fe
060104f8
0af4e70f
06fa0709
051006fa
fd03feed
0414f904
ef010dfe
0a09fd0e
fbf70c05
f8030810
fef909ef
ff0004f5
fdfef4fa
f9fb0000
0bf9fa05
070a05fd
0ff6020d
ff010a01
fd00fdef
101d0701
fe0115f5
0c0e01fc
f9fb160a
fefdf902
05fd0103
0ff7fc09
0d0e0500
06fcfd03
fefb0001
020803ff
14000ef7
fa08ff01
0dfe24fb
f8f8fd05
000af4fc
05fb0202
fd070e02
fb0fffee
0208f519
fb0b0f04
eff20008
0efc0c07
f4f0f719
040a0801
0b0102fe
f200ff02
0f0aff0f
0807070b
fc04050c
f3f0f901
09121309
080201fd
f2080705
0dfd1001
fb0efdf8
0eff03f9
0dfd0bf3
01fe0900
0109f6f8
0df705ef
03ed07f1
f5fff7fb
f00aec01
06f604fd
fb00fa05
060b07f4
16fcfd00
f4ed0009
0504fb0d
fd0b0cfe
fffaf3fc
fafe0bff
ff0a0aec
030d1303
fa01f1f3
06080901
00190bf9
ee02eeff
041cf70b
0dfafe04
ec06061c
f9050400
04f801f8
0005ebf7
fdf0fff6
f904fd05
0c03f3fd
f7f210f8
0c00ee08
05fd0cf3
0ff9fffe
001506eb
01060307
f107ff15
fefbfe01
0811fd07
04f9010f
0910f6fb
000e0409
01fe0501
09fc04fa
fbf7fcef
09020009
f8f80201
02fefd02
01f1fcfb
fa08faf1
fbfef6fe
0114050d
effaf60f
f80d1afa
170cf7f7
0702fd07
f3f4fa00
09fa03f5
09010f02
06fdfaf8
fe0300f4
02fdfd09
05fc0c05
020401fd
15060c08
ff05f3f6
070af702
0c0b0600
f7fff005
02edfe04
0e02f3ff
fd0514f0
f0f30702
100c0807
fa0bf3f5
fcf4f905
04f8f306
030c030a
f810f500
0f020106
fe14f410
f50afaf7
10fc0308
040411f7
0b0afe07
edf41303
f7fb0a0d
0a0707f9
ecff0004
04070309
01fd06fe
0403ea05
11fef8f2
f7f81204
fefff8f1
faf51bf9
0106f304
fff30d0e
0708f4ef
f8edfd09
fd04f400
fcfe0107
fcf10400
0501f100
06000a02
0501fcf8
04f5f4f9
00ef0700
080400ef
fc0f10f9
0207fd15
fbfb0212
fceffc09
f9fcef02
01f6f6f6
02ff10ef
fb021215
f30e0100
02f4f7ff
fbf20c0a
fffd1904
03f10307
01eef907
0bfc0df8
fbf702fb
0111fa02
efef06f8
f8f8eefe
f9f5ffff
f506ff10
0903fc06
1708fafd
08fc0603
02fb00f8
fcf4ec19
09f0fc0d
02fcf3f3
f30e04fe
00f90005
0f0a0617
f7fe00ff
f207fe00
0701f10b
fb06f8fd
f504fe02
0304fb0d
fcfcfbf3
02fd090d
000504fd
06f30e05
fe070307
03fdfef9
faecfdf9
fcea08fc
0c07fd01
fc150f07
0df3fc0c
0301faf4
fe080bee
02f511fe
f605f909
fafb07f8
fe03fa06
03100009
0e070909
02071417
fbf30a02
fffcf10c
f500f6ef
0dfbf009
fefa04fd
07eafd08
09fc0504
05ee070a
0506ec07
02fcf703
08fa0502
fafefc06
fd100406
0b05fbf4
ee07fb11
0904160e
04fdfcfb
03010e08
fcfff006
ff150602
f91afa12
0bfb0ef9
fd00fb08
f1fdfff0
f2071af9
04160900
f0f7fbfc
fdfa14fe
070cf8fd
effa010e
03070007
06f8fa09
0cfcf7fd
ffe0f7fd
fc0af9f0
05f300fd
0b0104fe
fffbfe0c
060e1502
eff0fbf6
0df4fd05
f8040703
f3f201f3
0f000407
03f40cfa
110e0403
0e02f80a
0206fd02
1e080cfc
0400f60a
f3f4f9fc
f60804f2
040ff001
ecfe1503
00fcf604
fd03f1fc
0c090004
f50004f8
05ebffee
f1000104
07fdfcfa
000fee07
06faf7fc
fbff00f6
0c040506
0ffc02f7
0d14f70a
f900f601
0cfc0806
0504fd07
fe080df8
13f5fcfd
040300f5
fe05fdf8
030be003
0d01ede9
f7f9f902
0b060207
0b0d0b13
16fd0600
f9fa07fd
05f8fbfa
fcf6140d
03040806
05fa0d01
0c020602
f105fe03
ee02f805
fc03fa15
ee0e0604
10f9fe01
0e0ef6fe
f8fc0d04
fb1009e3
f804fc04
f4fef7f9
070116f0
0202f1f4
041110fd
fe040bfa
0d0f07fc
02010900
f60a00ff
fbfc0c10
08f6f70c
05010607
ff150103
0cfefcef
042008fe
0dfc0a05
e8fe02fd
f2ff010e
13fd01f9
12000807
f9fef808
06fc05ee
fffff603
fcf4ff08
0a05f108
f9fb0efc
0e02fe07
fd0210fe
01eefa04
fb0418fc
06fb02f2
0311f90b
09f8f8f4
0b0cfaec
0a060b07
f1f7fbf9
0bf210fc
fe010809
09fef30a
f9060d00
f70305eb
0f0df8fa
fd03060b
0cff04fa
f909f6fd
ff0d05ff
e6000e01
faf9fbf8
fffd0c06
0c0af804
f80d07fd
06f9f8fb
0203f1fd
f6ee0c0e
faff0801
0cf9fbed
fbf60b04
fafbf5fe
f7f10fff
0309edfd
0af004fb
f6f802fd
04ef0604
0502faf6
040dfdfa
05070af8
01ff01f0
f5f9060f
00fef200
fef9050c
0901040a
fff608fd
f70104fb
f805010c
10ee02fc
0303fde9
f601f7f9
ee070b04
15f016f8
15f10107
0e0afefc
01f824fb
f6f6eefd
fe070204
fb00f1f5
fefe0400
1cfe0208
020d0405
f10bf800
f6fbeeeb
020dfb08
f90606fc
ff0b0103
ff0bfc02
fafff9f2
04f8f801
f304030b
090f120d
090004fc
fa0f06fb
020eff06
ff0c01f2
0902ff07
fc0afb13
fafbfef8
f2011002
10f60011
fcfbf5fa
0ef4fa06
f20001fd
070601f5
fbfff900
0503f901
06f80118
fdfff6f7
f3050df5
020d020b
07f30403
13fce708
12021304
1405f205
03f10a07
0f010e14
fa10e400
01e9f3f4
0b000501
0f0000e6
f50b0f0c
eb0ffff4
f4fe0a06
fc040e0c
0203ff05
f906fa11
0800ff03
061709ff
fb03edf7
00f8ff0b
05fdeaff
effe030a
01fa0017
f7f9fdf9
fe08fdfd
0a03faff
09fdfafe
0907f7f4
1a0900f1
f810f50f
f40f02f7
f902fe01
0b0f0606
010b02ff
fe0b08f1
0e14fc05
04fd12fc
0af905fa
fc0d1207
f5faf61a
15fb10fc
f80c1107
0312f3f6
ecf6f40d
0ef201f7
1506fef1
02fbf802
020e15fb
03170f08
02090e02
0b060103
fbf3fd05
fef6f504
fc06fb03
fbfe00f5
03f40bf6
0008f21a
04f9f305
04090bf9
fe0f05fd
fb08f909
ffeaea06
130e07f9
02ff09e5
12fae70d
0203ff07
ecfdedf8
0c01f302
000e05f0
0df80000
fb0dfdfc
f608fd06
12f9f90d
fbffff02
f0fc04f8
f1fefefb
0301fa00
fd060618
0a03fdfc
f2010f09
fefef9ef
0401040d
efeeff10
15e5fe06
e9090af3
01fe01f8
eff21307
fceafdfc
f8f9080a
01f21105
0400fafa
f5fc1404
f8fd18fe
f2040d01
f710f900
f200f8f6
f7e9f505
fc03fd0d
f4f2f7ff
f90f05ff
04f8fdf7
f60afc0b
0b0810ff
0d080c07
060516f1
f6fcf506
f4f5eaf3
fd06f1fa
0208fa01
0908f904
fcf8effd
03fffb02
06f906ff
00030903
fcf8fff2
06fd0205
f8030201
02f507f9
fa05eefb
f909fe02
ec010817
f7fb0f0d
0302ea00
030501ec
fdff0bf8
1503fbf3
0608fcf2
01fc00f5
f7f1fb08
eff70f0a
f4fffd13
0803f904
05fd0bfd
05061514
fefb00f7
08fc0304
0d09fe08
f0060cee
f9fefc14
f1fe0106
0bf304fe
e701ffff
05fdfe0e
fb04f8fc
e8eafb05
14fe0909
fe02f313
03f60a05
fcfa1018
f5fbf1f5
f6feec03
f4f201fa
0304f2fc
0803fa02
ff0eed00
f8f905f9
f908f8ff
0907f505
fcf90003
03f605ea
fe020001
05f3fe00
fefdf8fc
f8000201
0708f80e
00080011
03fefb02
050905fc
0f03fc0b
0cf70200
01fdef09
f30f0002
01f6f20a
03f40505
04010a02
fff400f8
f3e5ff11
fef3fdff
0007fdfa
000ffefb
fb0b0e08
0407ed0c
04f20907
0afbfdfa
00ff1200
12ff010a
0902fbf1
0d02fdfe
09fff502
f7f904fc
f409fcfb
0d0402fd
f8f6fcff
0100f2fd
fafeff11
0302fafd
f7fa0d03
0a0dfa13
f30c0507
f5f5f70f
f0020203
0304fe07
00fc13ee
0710f310
0608f3f0
00e9f4fb
0806edf0
00f4fb16
fa0804f5
00fd1205
0f0305f8
f713fe00
01eafcf7
07fffef8
0810ff04
f304020d
f4fc02ff
fa0806fd
fefff8fb
03f5faff
eb050201
0df7020a
10fa03f2
0e0c0004
f615f9ff
0808f3f6
0300fbf5
eefa04fd
f9fb00fd
0408fa00
0a00fd08
fd04ee09
0608f9f7
fdf807f8
f9ea0703
1505dbfa
04fa09fc
f1fff702
fa02ef01
0900faf6
fd04fff6
08090306
00faf0ff
15ff03f4
08fef3ff
fbf8f106
fcff0c0b
19f6fe11
fef30307
12030e03
08eff403
01f80110
09fefef9
f5fb0def
032a0004
fc18fcf2
0002f603
fcf705f7
fe03f3fb
0b0af7fa
f404020d
0304f6f9
fd000b08
fbe9f6fe
000608f5
0afc0f0b
fb0ffb02
03fa0705
edf40403
04f7080c
f40401f9
fc090cf5
02fefdff
f80e0bf0
f0f5fbfd
feff05fb
fbfc0213
01021506
0efa0e03
07fa05ff
0812f90e
f7faef0a
04eef503
1803fe00
f9f8f80c
f405fa02
0703eff7
f70ae9ec
ee11f6f1
030af603
fb0404f2
ef000100
0bf8f9f8
07fc00f1
fd11f6fc
fefc0bee
01120404
f20aeefe
0df3f806
070ff1fe
0a010afa
0003f7fd
fdf309f5
f1fc000a
f9030205
f705f3fa
06ff0df9
fefffb05
eefb0903
0c0400f7
120ffeff
f6f50807
0bfd09f7
fe02f108
fefaf508
fb0e03fd
12f7f8f8
020300f5
f2e4f403
f809ff0e
0f01fdf2
06ebfa0b
0bfcffed
09fbf80d
10fdfefe
ff030001
0b00f7f7
08040b11
f5fdfdfe
f8190ef9
0af50bf6
f809f8fa
ff070901
f10cfe0c
fdfd0e04
050efbec
f8150cf0
fcfefff4
edfefdf4
020eeaf1
f912fdf9
f2fdfff8
ff060708
fbfafc09
ef08edf3
06f9fa02
0408060d
f40503ee
0dfa0fed
ff07f7fb
fdf0fcfa
01f701f9
f8f4f7f7
09030200
ea0611fe
f601000f
f60605f8
fe1001f3
f9f0fcff
0d00fd08
fc040bfe
f5000df6
0304f9e6
f3ffe806
1100fa09
e50a020f
f7010707
f8fe04fd
fcfdfa09
f1f2fdf5
0bfeed00
f4010100
f904fa05
01f809fe
00040bf7
f7f70412
0bf80501
fbf0fffc
01000306
f10c0505
f5fd11ff
fffe020f
fdfb11f1
00000100
020806fb
faecf10e
11ed03f5
0cf7fb03
fe0e13f9
030402f6
f7010b0b
09eb16f8
f800f304
ff09f504
ff0afffb
fe00fe07
0a02fcff
02f8fbfb
fbf306f6
0407fe0d
eff6000d
0df503f9
0a0d0dfa
fdfaf80e
09fb0605
f6ffe507
03fffbf3
fa010506
060700e1
fa03f307
02060011
f501fa03
05f20604
09f804f7
04f8ed01
fe07f901
050af40b
fe02fc04
f9f2e901
f8fd0512
fcf1f701
0c0210f9
f30bff09
f9f0f7f7
fbff05fb
ef00e806
030304fa
0a030a05
fa0005f8
1006f702
fc0409f4
f405f00a
01fdf3fa
fef1fc10
0208f426
020001f5
ea0af507
fef8faf7
04f80104
f3f2ecfe
00ff0507
f9000af9
01f10eee
05141216
fa0b08f7
e9fe0ef1
03fd00f8
ff0d0902
13fb05f3
f0faf9e7
e60305fb
0bfb15f5
0f02edf7
0603f9ff
fb0005f1
fd01f911
e7f406fd
f4060102
01f0fa04
f6fd06ec
fefdf8f7
faf6ef07
02fdf2e9
f2ff08ff
071100f2
fcfff30f
fc06f601
0efd03ff
f7090a06
00fe03fe
ef08090f
03fdf5fd
01f8fb05
f5f50df4
13f9fc16
00f30013
fd0a04f4
fdfb0cee
04f71300
04fff30a
fd09f7fc
0cf60a06
0508f910
f4f4ec01
0cfc01ee
140502fd
fcfafc07
f103fc0c
0a050c07
fc0dfafc
fd0109fc
edfb0f07
f4ef0209
f810f901
09060104
f6fe0800
06f400f6
03010007
eefb1100
000c0ffe
f6f1fcf9
fbf70203
0e00fc18
de0afb03
09f6fdf8
fc090102
f6fffd03
faff1104
02140b02
fff900f5
f5f803f6
f5f41406
f9ff0f06
fa060ffc
fd00f003
fef30feb
03eb09f5
0d080bfa
ffeef512
f8fcfb03
02040402
f0030205
04fb11f7
050af9fe
fd13f7fb
0c07fb15
0806fbfc
06fffbf7
fe09000b
18f2070b
f8030002
f9fb040c
02ecf708
fe09f8ef
05f0eff9
0505fd08
fdfbf7fa
ed0400fd
effcfffe
f2030f0a
05fd13fe
f2f40ff3
0d0f05fd
04ea07f6
0a010d0b
fd020afd
02fc0e06
f8ff0203
f3f50707
eb1cf3ea
ff00f70c
05f804fc
03faf707
08f1f4f5
fafc0101
f6f1f2f1
ff0f06f5
0ffb0207
0cfe0206
041905f9
06f0faf1
fe0d0901
0c03fb0f
f2050303
fc04ea03
030610f4
f3f8f405
f9010efc
08eb08f2
0a01fbee
090dfef0
14100201
e9e9f200
12fffc08
fbf909e5
0c02fd00
0bfff10d
0ef3fef4
f400fc0e
f203f30a
fcfe02fd
10fbf901
fa050e07
0805ed02
f8ff1bff
f505f5f6
0f05faf9
12fe07f1
f9f812ff
11eefdff
f60ae909
080b03fd
0704e905
f50ff903
ee081105
f6f9f7fc
f907fd00
02fd0d06
ff02f204
fcf600e9
f9ff14fa
f2f81602
0bf2f4eb
0bf50113
00fcffeb
fa00071d
0b07e6fc
faf5faf8
fd02fff3
f51d0512
010ffcf4
010e02f7
f8f0fcfe
060300f7
f30bfe04
07131302
fe14040b
01fbf800
02f614fc
01fe06f8
0006f6ff
fc0ae502
0302e805
000405e5
fbfffefb
06fb0410
0207f112
fb030105
1e06eff4
fbf5fb04
fdef05f1
f20df103
fc050cff
e707fdfb
07f9faf7
03f6fefd
fa06f809
fdf6fcf9
07f3fe0d
01000efd
f115fefd
fb0efaf0
f40104fe
fbfdf4fe
01f204ff
faf81302
03f605fa
f7fd0601
fefafc0e
051214f9
010bfafe
0202f403
05fceeff
0a01f6ff
05fbfc07
f6ee0afe
00fdf7e0
e20e1a09
01f8f500
fc02f9f3
f6000bf3
fe09f4ff
06000305
f5100309
fffd020d
01f2f10e
05fdf7ff
03f204f9
050d0903
e904010c
fa0605fd
fb0a16f6
1d0b0808
fdfbec07
f8000602
fd070806
08030301
04f6f9ff
0a020409
ff0f0103
f7f5f40c
ef0d0df8
fe000200
fc03fbf9
fc09fc04
f70705f7
fb0b0101
12ee0202
07faf7fa
fb0cfdfe
f4f60501
04f6ebf1
0504fdf4
0de1fefe
061404f9
0305faec
04f1f9f6
17f2f300
fdf8fdfe
05f3e9ec
f901ef03
07fbfcfe
04f9fdfe
f9fb0a07
fbfa080e
03fef6f2
fbebf8fa
04fc0bff
020ef3f7
0d06fc03
0501fc00
ef1700e6
f3fffbf6
02ee07f2
f907fcfd
07f0f30f
f0fbf1f5
fe030003
ecf60ff9
fefff608
03f1f1f8
0ff81706
fbf80208
0ff601fd
05f4fefc
f9020f00
ec02080e
07f8020c
08fc0002
1900f601
08fbec05
f9060b00
ef00f501
eff2fa11
00f704e9
0df7fce9
f6eb0515
050a08fd
0702f904
030007f1
0cf7fa06
0511fce9
0702010a
03080409
14fe1aff
0afcf70a
120d000a
f7f4fdfe
05fef3f7
0bfaecf8
f3f8f5fd
fd0006f1
100ff5fd
05090108
ef0d0004
0c02fff6
0cf604fb
03fe0808
01f5f805
09fa0616
1503ee00
0c140b0a
fe080ef5
0805f9f2
f6080107
07f8f9f2
f3eafbf7
03fa1103
060904fd
ff00e707
080d070e
e80b030b
021dfbf5
02f4fffe
ff1005fc
01020905
01f80805
fb02fbfd
f5f2f604
14f4f901
03021506
f30efcfd
f6f4f81b
fa011a08
030c05f3
07f7ff03
0210fa0b
0307ff11
0b01faf7
0e051b0a
fffbf901
0aff1100
f6f60407
fa010afe
fa0b05f1
f90602ff
fcfcf802
fafde70f
00050800
fff901f4
08050df8
e91bf802
fff70400
0502fd02
0405fee6
ff04f204
10f71404
09ff02eb
fce802fa
fdf602f9
020705f9
f6f5fcf6
f9f70c0f
07e9f4fb
ff0800f8
fefcf300
0b05fb04
0d0aff0c
04f1eff8
ff0efc0e
1f0705fc
eaef0504
fe04fefc
f2f8f6fa
05eff2fc
0d0400ee
030af5f9
0506f504
02f600e8
f3f8f00c
02f5fdf4
effe05fa
f1fb2305
f91dfa05
f40c08f6
01fffa01
09fdf407
150cef04
0f07fff6
000008e6
f4030400
04f8fa09
09fefbf0
15160108
f8f90500
fb060204
01f6fc00
0beefa03
03fe0d0d
fb0bf40d
040dec0e
01080ffc
fefb00f8
fcf007fd
1503f3fd
ef14f3f7
0efff6f8
0b0704fc
04f6f001
0ff40af8
f7fbfbfb
041d0a0f
fd06f708
f205fb08
0a0bf615
0f0b0b09
090400fd
0806eef0
e7f8feee
fbf706ec
f4000bfc
fb03f80d
f90506fb
0b0cfa06
00fa06f5
fe0d0a0a
e1070317
f4f310ef
fef7030c
080e060b
f507fffc
03020706
f7f4fffd
f5020907
00fff6f5
f7fc01f2
020c00f5
eb0304f1
feedfd04
f1071cff
ed0cf4f6
eb15f9fa
0503fff4
f9fd0a08
f8f4ffed
f3fe0508
090a09fa
00fefd06
1109fe06
03ff0ef0
0af204fa
0203fd07
08070406
030506ff
fc0eeeef
fbf8f706
fb0e0901
fbfb0400
f0fdfc07
fb00faf6
fff8f70f
04000707
ea05fb05
f5f6fc0e
f80a0303
ff05f3f4
faeafef3
fd0108f2
040c00f4
0106fd15
f00f0bff
fcfe03fc
08ee02fb
f3000ef5
1105f9fb
05fafd11
01fb0cfa
10150b06
0bf8fef0
f0fef6f2
f608fe05
09fcf2fb
f9fbf70d
20fdfdfa
09f8fa02
1402f5fd
12f706fb
ec140605
f510080f
fd020101
f1f40204
06030203
ec050afc
0505f703
fa080aee
f703fbf9
f8fa0914
0e0308ff
e8ff1100
0cfae802
e31b00ec
fdfaff01
050c09e8
0103ec01
00040001
eafd0b02
08f4f601
f709edf6
f1f9f8f3
ff03fcfd
f909f001
fcfb01fb
f30d01f4
fa04f7f4
0ef912f1
09ff1003
f8ee06f4
040707f6
0211f5f3
09fb0b08
0308fa04
f2faf8ff
020c00f4
fe020710
0a0005f7
00ff0702
08fffb05
effef8ef
f6fcfefb
eb0006e9
f9030607
0af3060a
f8feff00
09f0070d
fe00f9f8
07f20a08
08f7fa03
07fa00fd
f1e90c00
f7040807
0afcf1f0
ecff0408
fff4fc07
f4fd07fd
f6ff01ff
00040dfd
05fcf5ff
06f6f301
f702010d
fd03fb0d
0101fd03
f3f503fc
f8090208
f601f7ff
010cf5fb
02f4f3fc
f9fcfd01
fdf708fb
04f4110a
f5f41201
02140e04
080004fd
fe0d0c05
01fbfc05
ebfdfff5
f509fff6
02f9fc00
080602fc
02f50efd
fffcf5fb
080bed01
01000cf9
f60b08f4
ff14f3f8
080208fc
07080201
0cf6f015
f502f007
0901090c
050905f9
041203fd
06090708
040c02fe
06fdf907
fcfd00fb
f5f9e905
1afbf809
0df5fafc
0cebf0fa
0bfd0cfb
07f808f5
f4f7f503
fefe03f6
fdfc1010
fc10f1f5
f9dcffff
0d01fbfa
f9f2f0ff
f6110c01
0ffaf607
fe01f505
f7020a02
00ecfb05
f9f80d01
05030206
00f9fdfb
0aed0301
f9fa0307
fe0a02f2
edfc01fd
fe01fbfa
ebfafc02
fc11eff2
0c0a06f4
0206f10f
fe0aff09
0609eb0d
eaf415fa
00f81016
10fdf7fe
fe0a0afc
fefb0208
ffffeffa
02040404
ff0c01ef
f90806fd
07f70902
f61b09f0
ee110501
f60e080a
fef50dfa
fb0df607
010bfc05
fa0005f5
f806fffb
ed0a01fd
0103020f
f9020406
f7f8f2fe
fc09fb02
fd0bf802
0908f60f
06fa1cfa
fbf6e7fa
10fd0503
f6fbfd0e
fbf70401
fb0dfcf3
050609fc
010f03fd
04020df6
0002f701
02f9f308
fcf70403
e9f903f1
f60afb00
0907fc01
fe070af6
f20700f2
02fdf70a
f1f91408
0c06fff4
fd0c08f8
04fcfc08
0505fb01
02fb02ef
fbf4f7fe
f1f70914
f80e0107
f7faeff9
fcf808ff
fc0a0f0d
0ef4ff08
f40705fc
fef4fcf2
0a09f3e9
02f6f8f1
0702faf7
f41300fc
fb030105
f71002fc
060304fa
fb0d01e8
fbf9040d
fefb03f9
0205fe04
f90ffef9
0503fc04
0413f4fc
e805f007
f90bfdfa
070cfa00
fffcf7ff
f1fa020c
fcfcf603
0703f904
fbfeff02
0d0013f5
ff03f907
fb0517ff
05010906
0df8fe00
0003eaf1
0bfa0903
0203fafd
f7f8feed
f30905f0
fe080901
f9041103
fc050900
f902fe07
f7fefe02
0dfcfe00
f60800f8
040b00ed
f3f30bfb
fef4f907
0ff5ebef
040002fe
f7f90810
0601fd05
f6f7f607
f0fc11f9
fdf9fadd
15fb0004
0af4f6f8
04020100
03fffafd
fcfe01fe
fdf7ee08
f4f7f807
080500fb
04040109
10f0f608
fa03f9fe
fc101003
09f901fe
f70803f5
000c01fe
fe04f8f8
fe0dfbf5
f3f51308
fb09fe02
09fefefe
f8f708fb
fe010703
0df70109
010505fc
fbeffd02
fd090403
04f50e14
0b0600f4
020b0003
02fc0615
f9f3f514
07f5f202
06f80101
00fa05fd
0306fb11
f6f2fcfc
04fe0afc
f2080b05
f6eff60f
fbf30603
03f80df2
fa120bfa
faec0508
0308050e
fd0b0df8
05f9f5fe
ea0009f8
0bfbf2ff
fb06f506
fb0e03ff
fb1bf714
05010209
f8030d05
fe05f404
fcf5f503
ef0007f0
f3fb0904
fafd0105
06edf8f8
f5ec0001
effa0604
051207fa
0d04f9f2
f3061616
feff0c0a
f60b0803
fe11fe10
0301eef7
0dff02fb
070802f3
fcf31005
02f40f02
0415f9fe
08fcf3fc
0404fd11
03050900
ff04fffd
f50a00f7
0af306ff
f4f7eefb
f9f51dfe
17091705
fe04f7fe
fff410fc
02050a05
07100600
0d0106fc
0df9f714
020f0bed
ff01040b
fbfae800
03fdf214
fffefe14
000407fb
fc060bf1
f80e0a0e
ee080bea
020e06f9
ff0c0cec
fc02fd01
fd0602ff
1302f5f9
ff01ebf8
01f907f6
fbf7040d
f91203ff
f30e010d
f2010b03
f00cfd04
f6fcfd01
0302f700
1104f5fb
00faf8f6
0c010502
f71df90a
faff0901
f60d0002
0cfafef3
0508f406
f8f6f50c
fcf9feeb
fd00f1f4
fbf70803
edf3f311
f1100003
1004fef0
0603faf0
f8ffe5ed
060df9f9
0df508fe
02f00e13
ee06f502
fdf904fc
fd0801fa
ec0a05fa
0306ef00
f6f5fc01
00eff7f2
08fe12f1
fff80ef8
f20a09f5
f9f5fef9
03020efe
020607f5
010cfff4
0df7f7fd
fd09fdf0
f8050a03
fd000def
fff403fd
ff0f00f1
ecf9fdfd
08fd010b
0a06fd03
070e02fa
fcf70bfd
050afe06
090e0004
f6fbf403
f201f4ec
02fcfa07
ece7f5fc
fd090a09
fcfa110d
0dfd0201
06fdfa0d
040ff8fb
f902fe06
0afb05fe
040c0111
fe06fb00
f20000fa
0cf501fc
04ff03f7
19f9f90e
1b02f80d
0cf4f20a
eef902f6
fb010310
fafbfb07
fafef5fe
ff02070a
fb08fef9
f802fff2
1401f7f2
01fb0309
0903f907
08030fe9
f200ff01
0403fff6
e8fd0212
fd01fefe
fe02f6fa
fbf4090f
05effafd
f90201fa
030aed03
03fcf3fe
f5100305
03090301
08ee0d00
ff00080a
04110bf1
fc0aff08
fffaf6fe
f2f209e8
0bfbe7fe
04f9f9fc
fdfb0005
01f7fd07
06fefd03
02110714
02f6fff0
ec0800fc
ffff001a
ff0800ff
f9040901
fdffeffd
f0fbf8fe
12f7ff11
fc030100
ff0b08fe
120d0dfc
ff080ffb
04150bfc
070f030d
f412ef00
10f4fafc
01050f03
f8ff02f8
0701f5f6
f400fdf8
0003faf7
fbf3fe03
02010608
fef50dff
0e0d02f0
03040af0
11fcfdff
fffcfa03
fffcfbfa
fe07fe0a
1502fdff
fef6ef04
f5f609fd
fc06fd02
eeff0401
fffa00f9
0c0705eb
fa060809
f5f704fb
03f4fc06
0b07fb08
fb0c01fe
0f1a0907
10fff40b
f9f70400
090def05
f70df3f0
09faf50b
01f9f606
fc0206ff
0401ff05
fcfafb02
fdef010d
00f4090b
f809fc10
fc120618
f7ff000b
f80e02f4
eb01080e
0a05fdfb
00010002
0ef2f301
0416fff5
fbfa0eea
0013f2f8
fcf80e06
00f301f0
0306f4fc
05fafcff
080704f3
f8f3f8f9
07050a00
fd08fff2
0308e6fc
0c070df4
020607f7
fa04f10e
01ea0701
04fc0dfe
03ff07f7
fb05fcff
0ffcfd10
fefef301
fa02f7fa
0a0700fe
140bfb0a
fdfdfbf2
0500fb01
fef6050b
fbfe01fb
08fcf104
0bf9fb05
02f5f500
00020e09
f709faf8
f9e9110a
0e02f9f6
f807f1fe
ff01f910
fe0900f7
01faf701
0b0608fd
0bf50400
f712f306
01fffef7
060af708
06fa09f8
0004fa09
f80afe04
10fc030c
f1080607
fd100b06
060307fa
03f2fafa
f505f8f7
040605fd
04ec00f7
0b001107
0d060914
fff408fc
0706f2fe
fe03f5f7
06f6fb00
e9f8f818
0909fb0a
eafaf902
010904fb
fbf707f6
fe0bfcf0
fcf4fc04
0dff1005
f7ff0c09
edfd10f8
f8f6f510
0205feed
0f0518ea
fe02fef4
fc1f0c03
fef0f302
1113ff06
07f60207
0afef602
0ef9edff
06030d00
03f00af9
f40c0514
060a080b
0a0bf901
01ecfff7
08fa00e7
05fcfdf6
f40a05f7
0903ff06
03f109f9
f8fdfff1
00fc0bf7
fff7f1ef
f7040bee
00fbfc04
f10009f9
f7f906f3
02f90505
1007ff00
f30709fa
f3f7fdfa
fbf8f815
ff00ff07
f802fafe
0ff1eef8
06f90f03
0a05fcf9
050d030a
fb0907fb
01f7f2ed
0cfaf6e9
fd0c0a00
0f060406
0a110602
050009fc
0a0503eb
f8071406
f20e1907
05f0fafe
01f3ee08
fc030cf6
03f10a0d
fa1101f7
13f30008
fef9f8fd
fb08fdfd
ff01fcfd
fdf1f801
1408f800
f90807ff
0bff0403
09fa1103
ef0302ff
020601fc
050505fe
02fff8fd
14faf8f7
f905faf9
f5ff0fec
ff0ffc00
00fe100f
06fe08e3
0602f901
01000011
0100fefd
0aed02f4
0400fef2
02f6f005
0ffd07f7
f3fded01
f9f6f30c
0700f9e5
f1031603
f4fc0107
f201fe04
0a05f4f9
fa00f8f1
f40bfdf9
fceef8f7
f40cfe02
06feff01
fdff0cfa
f4fbf401
04ff0b0b
f005faf0
f109fefc
09f2170c
f6faf5fe
08fc08f3
f9fe14f8
0ef70cf8
e5f0effe
f4eef703
fd0bfcfe
f50a0a02
1f090305
fef8ff10
00fff905
07fb0309
100701ee
fdff0bf5
060d0607
0c01f40a
fde7fc0e
fc02ece7
f1fe0504
f507fdfe
fdec14f6
0301f3fa
06090d03
f7fdf907
0006f701
0c1000ff
050000fe
02f9fb07
fa060105
0504f804
15000401
ff05fc04
0df90cfa
f40105f8
0406f1f3
f7ec0211
edeff809
04eef409
f80c04fe
05f20209
1afc02ef
0706000b
05f610f9
fbf41307
fb1001f8
07fff2f3
ff0710f5
09f1fb09
060a04fb
0c0e02fb
f8ef0e00
ffeaf503
fee9e8fa
f90011f7
06010808
040414fa
f9fdfe07
05f8ecf9
0101faf5
021002ed
0af001fa
fcf2fcfd
0d0bf9f9
0bfff40f
e8fd0e0c
fdf3f9ff
f3ffedfd
0212f809
ff08fdf2
07f9050b
04f3f408
fe00fc00
fffdf908
05f20c00
ff120dff
fe04fbfa
04060605
ec01f4f4
e413020c
0cedf113
0f07f90d
fefef9fe
f7040bff
06060306
0402f809
ff030d04
ec02f607
f8f40305
f8010ff9
f70afaf7
f8010406
f1fcf807
0607fc04
f6f602fc
0bf2fc07
0800f5ef
010ef4f8
03f9f411
020005fe
f604ee08
07feff04
fe16fc0a
fb15f912
fafcf006
ecfaeefd
04fbf7fa
fa01fb01
0c00f405
fa000bec
f90c00fc
fb01fd02
f409f9e9
edf3000e
030b0a00
0709f9fb
0b030ced
0018fb0c
fa07fc15
0b0ff619
0e0602f8
09020c00
e80806f8
f3f70b04
08f7fc12
ff0bf802
0b11eefc
010d02ff
0b04f91e
0305edfd
fa0206fb
0af6ef0c
fffe04fc
150405fb
fafefc09
fff711ff
04f008f3
000bed0a
0ff9f702
05060304
ff13f604
e90000fa
00fb09f9
05090f11
03f803fc
f805100c
1806080f
06fa0608
f807e6ff
f8060708
0b010508
0dffee00
17fefbf7
f010f5f7
f801e503
f902fffe
fef9fdfc
0aed1c0a
fd0505f7
1903fef6
f905f2fc
0cfd0006
f80af506
04060a08
0502faf2
01000818
04effbe5
fb0c0f0d
0706fcf7
fbee1810
00ed06fd
ebfe0407
f10cf001
fceff603
fff50800
1200ee0e
faf7f610
f7f915fa
fcfbfbff
040cf814
00020000
05f9fb04
08f3f307
090d0a00
f3fa04e2
11fafbfc
f9030b0d
0703f6fd
06fef600
f500f5fa
fb04fe08
0e05f405
ff04fcf9
03faf903
03f6f614
0f04fffa
fc0a00f4
e811fefa
020511fe
ff0efe13
04fffdfa
f4fa02fc
0e04fcfb
f607fb01
07fc0d02
f7ef0111
f5fd02fc
03010802
f9fb08fb
fc00f2fe
110202fe
0406fb19
0e0203fa
0401fefd
f8fe05ef
070beffe
f11107fc
fa0605fa
ecff0dfe
0f0a0b03
f8fef9ff
eaf0f70a
f4eafdff
fd040700
030b06fe
f307fef8
08f70200
0dfb0b13
1fea0502
0ff7fd05
11020107
00f3fb17
01f601ff
fd0c12f4
04f6fef7
04060004
fefa0c06
02f606ed
01f80001
01fffff2
f80bfefe
0bfdf309
ff06f6f7
0cf00e22
1517f619
03001203
0206fbf8
06ff05fe
1803ffff
02fdfc07
020c0903
f902fdf2
fc0b0b0f
0506fff5
f8f8f907
ff070409
0709f717
0405090f
07fafa05
04fcfcfe
f5fff811
0b03ec08
0dfcf705
090805fa
05f00300
07f5f7f8
03fb0af6
fbf70203
00f0fc0e
070afcf3
08fee6fe
03f5f708
fa060a01
06fafd06
f7f10504
05edf5fe
07060112
0c02000f
f40c02f9
fc010714
fffc0306
fd150600
0303ff03
04fa00fb
0416fcf6
01f3fe0a
13110605
fefb04fc
0105fbf8
03f5fef6
00010b16
030b03fe
f500f4fe
fceb05ff
fefc06ff
0214ff0b
0801fe0a
f4fd0103
08000c00
080b04f8
fe0e06ed
fdfef4f0
0218f5f5
1b130603
ff02fd0b
f5eef8ff
fe010407
10f7f703
fbff05fc
04fef105
05fcf8ff
fe07f504
0bfd0502
0811fb01
fc01f3f5
f70af616
0cfb0ef3
00fcf9f4
1407080d
02f4f4ff
0bf4fcf7
01f91606
fe070805
05fc0102
0500f7fd
06020209
f018fa03
f4f7fe05
1302f0f2
fa08f9ed
fbfcf000
0c0dfd0a
06fc05fb
f903fdf9
f1ee0200
13f20207
03f206f3
07fc0006
fafffe02
fff1fe05
fdfef2fb
eef60e0b
0e08081a
fefcf1fe
05fbf606
0714f6fa
fa010afb
05fe03ef
02f9fc0f
ee050bf9
f3f3f9ec
eff3f9f6
1600faec
0c0ef5f9
faf40c08
120412ff
f608fff7
ef14f908
e4fffc07
080c000a
02fefff1
01030dfd
f3eb10ff
f80bfcfd
0807020e
02f90502
f2fe05f6
fb070209
07fcf5f1
060904fe
00000804
05f90402
f9010ef5
fbf50cfe
0911f9f9
f8150ff3
fe0af100
f4011809
0ae8fdf3
05f7e6fa
fffc0cf5
0912ee06
fff40afd
fc020703
040c0afe
fcf802fa
f7160ff8
040d0708
01f10bfe
f1e8ff07
d9010401
f8fe0907
06f706ff
070a04fc
0dfdfaf7
09061708
fff3faf5
04040902
fbf0f4f9
ed0803ff
0e07fb08
01f6120e
0bf9ef09
fa050cf5
00060c03
ec080003
0108ecfd
fc0d0cfc
01fff30f
f6fa080f
fcfdf9f2
00000102
fef7fbf1
01fa12f7
fd01ee05
fcf10e14
0609fa03
1bf408f5
0afe0509
0bf0ff03
020af1ff
eb0fe5ff
fa080af0
f4ee0704
060e06f9
02f5fef6
f007000c
15f2ec01
08f40101
03fbf217
04000107
0d080c02
fdfa130b
fbf800ff
fd1f0604
0406f5fb
e3f4000b
f10d02ed
ff1805fe
f0fe0c08
0d0706f6
090a01fd
fd0afd0e
0506f505
040811f8
f5ff00f4
05f9fb04
faff0113
ef16ff0c
00f60305
fa13f40c
fd0d0112
000409f5
0ffde10f
01fafaf3
f50513f7
04ee0fec
01f7feff
0601f9ed
02f2fe0d
f808fdfe
faebf20a
0302f30e
0511fef7
edf4f8fb
fb0703fb
fe070200
f1f703fb
0af405fa
03fe0e04
ebf705f7
ff05ef00
0b1000f6
f51c0ff3
07f40af7
100312fc
f519f3fe
f30305e9
0402fe0d
fffcfe06
f8fb16eb
03f4f5fa
fdf517f6
1304f812
0212fd02
f4f9fbf4
f8fa0600
f6080601
0ff50cf7
fdf302fd
02f602f9
0a110b07
e7f2040a
fd02f514
0dfe0df6
f808060c
0b01f9f5
fdfd11fb
03f209fd
f5f9f7e9
fcf9fb04
eb0803f1
f8faf605
00090e02
0d0b0804
fbf70afd
03f3fa04
0703eff9
0807e3fe
0b060200
f205f90d
03f9f809
0500fbf1
01eaf1f8
fdfe1805
edf801f4
07fef6f7
0afef4f4
00010bff
f6f7ff00
04f40500
fcf1110b
00f7f9f9
0d031307
e3f503ef
f9f21211
01f8f8f7
03f707fd
f706fc03
fdff0a07
f70b03f3
f1070200
0cf701f6
fc0b1006
f7f70af7
f506fcfa
ff050903
fb05fcf5
f9000b08
010e0907
08fd0303
fc04f105
f40d01f6
03000405
04fc08fc
eefbf808
02fa05ff
fe0ef301
0cf9fe05
07f7f201
080506f7
f402fcea
f908fcf3
07fb06fc
0df805f5
ebfd0b01
07070603
01fc0a04
f5f80c0e
fd030705
09f706fb
fd04ff18
04f6f001
f9f1fbfd
fcf40e1d
f2fe00fb
f8f6f5f0
f6ed04fa
0508fd05
fd05f009
fefe0b05
040012fb
12eff104
fc0ef107
f1fc0cf1
f00b04f4
0808f502
0aeffdf4
0afe11fc
fd02f109
e901fffa
000ced25
0b0cf2ff
f5f7f7f3
fdfa05fc
0b07fde6
f203fa09
f8f400fc
03f2ff02
fdfc0b0b
060103fd
0d0b0e07
07f2ff05
09f20407
0c0dfbeb
0af61500
eaf60304
05f7fe03
05050d05
fd11f8ff
070ef00a
fffa04fa
18000210
f905fbea
09000808
060f06fa
00f70afc
04fafefa
02f9fb0b
01f50904
040504f9
02fa0207
0e0df710
17eafcfc
f90e08f2
f814f8f7
f2fffd02
fd0ef811
f30df9ee
fefef60d
14f3e806
010a1005
ff1901f7
f9fffafa
06e8faf3
f8ffff0c
030bfff6
fd0df606
0102fd00
02fefc15
e707010b
fc051000
f707f6f0
12030600
f4fffc02
f0010204
fe04f8fb
fd030406
03fde30d
fcf50603
11fa00f1
f903fe15
06fdfc05
03f403f9
f3000504
07ff0a03
fbfe08fb
06f10805
feefea05
0a0bfe00
fbe8f508
fd04f902
f80bfd13
03fdf0f5
f90617fa
eef201fc
1205020e
f509f70b
fafe0a01
fef1ebf8
f5ef00fd
f305f50a
02f8fcfc
fd0411f5
05fa0aea
ee0afdfe
010b05fd
f501f9fd
07fdfb0e
010200fa
fbf6eef9
fde80c0b
03fbf1f4
edff190b
fff20ef4
0c03e5f7
0602fbff
020e11f5
f3fe0509
f703fa04
fcf3fafe
fe0203fd
faf0fa03
12000bf4
07f805fd
f60eff16
0209f5ff
fc190b00
01f00400
f803fd08
10030007
0402f201
02f10306
08fb04e8
fefd05fa
f7f8fff7
fcee0e06
0a04fdf2
f401f9f9
000503fb
03f7fdfa
fc05ebf5
f905f208
fa0308f8
0808fdfb
fa0afe06
f6fb0905
05fff107
0307f6e3
04f8fc10
fa0402fc
f7f508fd
0df70108
08fbff05
f70a0ce6
010df900
000c05fc
fff8f8f8
0906fdf2
f700fcfd
fe0206f6
fef5fcec
02f3ff09
0809f006
0202ffed
030feef0
f300fafa
0d03ff09
160bffff
faf101fd
03f8fef9
06f200f8
02ff0b0d
03f310f6
f4100004
fafef608
ff0900eb
091201ff
050d0508
0103f904
020ffbfd
06f80601
fff102f7
0bfbfe08
f701fe03
07fcfefd
060b0107
0f030202
fff6ee04
00f7f3f1
f80a0507
f10109fa
fa01f81c
03f2010f
ff02fdfb
fa0ffd07
08e0e9fc
13fe0411
ec0c0dfb
04f1110a
0d0c1217
05fef2f4
f5f204f6
0e0e070d
02f2fb07
0209f001
ee02fcf9
01fef903
fb0406e8
02f70e02
05ef00f5
e0040d05
05ecf90e
fa01ff02
00f70afd
f8f907fd
0406f502
f3fd08f1
fe08f506
f81201f9
0feff7ff
06fef3fd
ee1100fd
1209fef9
fa01fd03
0502f1fc
01090607
f40cfe0a
03fefff9
fa01fe01
03fd0efc
f0fb03f2
0ff801f6
fa070af8
06fefbf3
0e010bff
0409eb08
0307ec0f
fff61df7
f7fbf70b
f6fde805
06000102
001100f8
f3fd000d
f615fcff
08fa0704
01010e13
0602040b
15f1fffc
fdfb0405
ff0802ed
f6f80713
070cf800
ee1108fc
fc0c0908
f9fdfb00
fbf00300
fef903f1
fb03020a
0a09fcf2
f7f900ff
0006fe00
0bee0107
fd04f8f8
05ec0ff8
0bf7ff12
fafd0506
050af8f1
02f7050a
1113fff3
fa04ff0b
0d050c04
f80204ff
08030706
02fe04f3
f1f50afd
f0fc00e8
0e0a0310
07ebf7f6
fbfd0a09
0013fb13
0f05f602
f1fff5fa
00f9f1f7
f506fff0
fae9e302
f8f9fd05
04fe0902
1500fc12
0701ed07
01040507
0cfb0901
f2fc0b09
e4fb0a08
18040813
f70101ff
08fe0cfc
11f9f9ff
fa09ecf7
05f7ef02
f70b050f
f8f9f5f6
fff40004
ec0003eb
0beffd03
edfcf80d
0701fe0c
01ed09fe
08000715
0901fd01
0af00b07
06f7090b
05fb06fb
06f900fa
fe06fd03
fdff0c0d
0711fcf7
fc0012f0
13f21000
03f00305
04fe08f7
07f5f013
e9fcfdf9
0006fff1
fc10e9e9
00fbf603
f202f502
0500f504
ea07f909
f8050eeb
0a01f807
fefe0c0f
fbfcf705
f8f30609
f001fa10
fff8f404
fbf60bf1
f70af506
06f60df3
0e0e07fe
fffaf615
060b0a06
0bfafef7
1106eff1
020cedf4
0604fe0c
ff06ffe6
0604f9ff
08f804fc
fefa06fe
0af9f60f
01fa0b08
f1040006
0a1002f9
04120809
070406ef
f6080506
190211fc
0607f9ef
0c00fe15
010f0706
f80c0d0a
f00f0bff
f1040602
0a050301
f9f70500
110803ee
f7fc0506
f5fffa01
0b04070e
0f000702
0209f7ef
fdfc05f4
f10b0601
00eeffec
0ff00204
fcf7f1f6
090b0b00
ff14fdf4
09f504ff
fbfe04fa
f8f809f6
03fded07
0103ff06
e8f7ff09
fcf3feff
f6fe01f6
fd00e90d
f1fb0607
0d0606f5
05effb0a
ffff0efc
0002ff07
0a0beff7
fd0a09f3
04ff02f3
081205fc
12020d07
0f0bfaf0
0106f30a
eef8fffd
000c0506
0e0606f8
0f06f9f6
fbfa1d06
0409fdeb
0003f517
16090102
01f9fefc
0ff1040e
08fd0af7
fc000cfa
04fe07f6
05f902fd
f1020203
1307eef7
f703f80c
04f6edf3
f01ff805
fff103dd
02f9f801
04f709fb
fb03fb00
0105f702
fdf80112
f5f2faf5
00f9ee08
091015fa
f6fcec0b
04030a04
fcf804fe
f5fffb0a
ff060405
02faf3fc
0e03fdfd
090ffefb
03f4fe09
0bf3ff06
010107f6
ea0811fc
02f10205
06fdf507
0103f9f4
f702fef6
01fc05fa
fe000215
040ff6f2
f30ff806
0afff30e
0af408fc
effdf111
0a07f7fd
f803f7f7
0308fef8
0c0a07fe
f9fef9ff
1404f902
06fd0805
fefa020c
07fd02ee
f3fd03fe
08020af5
1107ebf5
03f8fd1d
fb19fb08
f5fdfcfb
ee0a06f6
09020fff
fdf70202
0302fef9
030210ff
f0f4030a
00f60bf5
0800fff4
fa031210
fc1804fd
f515f1f9
f5fcf4f7
030606f9
08fdfd01
fbff0008
faff0807
ed02f5f8
f8ecf703
fcf604ff
fffd0cfc
ee1007f2
000600f8
03fefcfa
0fedf501
00190cf0
00e614f5
0602fd01
f8edeffd
01fe0b07
f20afe04
02050b00
0c01f006
fb02f00b
02fa1502
01f80909
06fc0bfe
09fafbfa
04f8f9fd
fb0ffb01
fa000100
0cfc13fe
fd08fc01
fff7f80a
0bf7f4f0
0afbfff3
f412f5ee
ff030405
02f7f31a
0702fa0e
f7fa01fb
0b0a03f8
0afc1101
f6fa0df6
0ef9fafa
fd09eb04
dff606ed
fc02f400
03f3fffc
f2fcf2f1
f405080b
f6ff0fff
f600f8fe
f4ff0400
05f115f6
fafaf4fb
0106fdfd
f9f10c07
02f1f6f8
fd0ff50a
030cfe0d
f91007f5
0206fa08
f506effe
f4f4fbf9
fef0f5fd
f3ff0305
08fe0ff7
ff0df807
10f006f4
f2edfdfa
f5150ff4
ea04fff9
02ee0200
0ffd00fc
011317f3
f9fb0501
f50bf706
0503fef3
f0080600
09f60ffe
f2f701fc
f2f4e9ef
0416f902
03ef01fd
0afef6fc
0401f8f2
f70af903
f40c040f
00f7fa00
0c08f701
fa0c04f6
080509fa
0af6f918
0e020c05
fbf6ee07
f40704fe
040108ff
040808ff
fe000d0a
0c0600f2
0a0cf203
ed050511
fff70a0e
fcf1ee08
ffeff406
05f2fafc
0209041b
fb07f7fa
fb0a05f4
fa08f8fc
fc05fefb
0701fdff
00fd0707
07fafaed
ef070e03
0509fa0c
f1040a10
0bfcfe03
03fe0bfb
030f01fc
f0f60c09
18051212
07f7f6f7
f50806fc
0213f9f1
fdfff40a
f4f7ef01
0b050d03
fd0afdf0
f6010300
fe0f0214
faf60d0d
01f30005
f400f9ff
fd020200
12f31311
fe150202
08110604
08fd0df0
f7f40109
0df8f700
000afa03
0e09f5f3
0ff6fb0a
fbed08e9
fa0afb0c
070602fd
0212e51c
eafa04f9
020604f9
02ff01fe
0d070901
01f2fd0c
fa0bfe02
02fcf000
ee060f05
ff060cfa
ef040df6
020209fe
0aec02ff
03f8ee05
0bf60101
080feefc
ff100a13
f605070b
0100f5f4
f506ea04
03040206
fee50a06
f5f50909
00f7fd08
f20102ff
03edf604
07f803fb
010a2002
00fd06f8
060afa06
00fdf307
f707f5f4
fffd0af6
010bf903
fe0a09fb
0df4faf3
0207f2fc
f4f9f006
fdfc0405
fb08f1fe
fa10100f
09010604
04050c01
f306f4f9
f409fffe
16f602ff
f2f8f206
12fdffe6
fc0ef705
fafaf40b
ff0c1607
01060303
f9f2020c
02f905f1
020dee0f
0b08fef4
f202fff7
050a10f0
f5faf8f7
05fbfb03
010f13fd
faf9e903
020a0b0a
f60b03f1
fcfcfb05
0913f309
0700070f
03070e04
07edebfd
03040b03
04f011fc
f8f4fafe
f801fdf0
1109f508
10f906f9
0219ff10
07edf702
fef809f1
0503f8fd
f8f90b07
0400ffee
f2fd0ff6
05fff8fa
09f3fc07
0307f001
f800fef9
03ff0705
ff02fe01
fb08f604
0c09fa00
0ef4eff6
03eef7f6
0208f702
fb0008f8
0502feee
f90a00f8
fe00f9ff
020500f2
0801f302
fd08ff03
f4fffb04
06eef00e
030df7fc
fb040401
05f9f3f5
1006f50c
02fa0303
fff6fe20
f6010cf7
fcfeff03
0effee0a
f2f7f103
04f501fc
08080200
1d0dff0e
0ee9f5eb
fd0004f9
faf90deb
fd07faf8
fdfc06fb
0cf600fe
010101fd
080011fc
0902fcf8
fcf3ee14
0300f8ed
0115f800
05f3e801
06fafcfb
000c0905
02f5fff3
fcf5f802
fc0afafe
0bf81301
fe060cfe
10fa0108
f306f3fb
f6030411
02feedee
fdfc0a0a
f10a12ee
f504ffff
0602f504
f70af3f2
fffafdfb
08f9fbf8
0f04fcfc
05fefff8
0805f613
fe05ff0f
f9fdf70e
0b08eaf7
fcfafc0c
10f9f6f5
01f70e02
000309fb
0003ec07
f9fcffee
0106fc0c
f90ef0f9
0506ecf7
f30502f9
fbef0903
fff4fc01
03ff0414
0401f1fd
fbfcf7f6
fb06e901
fafc0809
fbfd12f6
000c00fc
fa0504e8
fd020f0b
f2fa0800
11030201
f700f815
0f04fff6
ea0e03ee
f0fff207
fa06f8f5
000309f4
f90c0403
02f80b0d
f903fd0e
fe03fde9
fdf60301
efe308f7
f3fd0803
f300feff
01fbfff3
f8060804
f8edfef6
fe04f60c
f8fb050d
0d04f6f7
f1f1f703
f80ef6f3
05f0000b
0dfef718
010d03ff
030afeee
0410eff5
faf61106
f100f0f0
0405fcfb
02fbfdfc
06f90e0d
fa06ee09
ec06150b
f5f6fb0b
faf804f4
fb0010fb
fc0503f6
f9fe0202
14f7ff0f
08fff607
f3f4f2f9
f4f707fa
fb000cff
f80ffe0b
fefb04ee
fd000afd
06eef612
12fdfffe
0610fcf8
0a08fe07
0dfe100b
080102ef
08f4f9f5
fcfcf401
0a0d0402
edfd0007
fe100703
01030a05
02050404
05fa0508
040609f5
02faf60c
ebf5f9ec
09f301ff
0305f60b
f60bfcfd
ef0603f5
110702fc
04f408fa
010e0df8
05fbfe00
1615fdec
f503090b
fe040203
fbf50413
010e0e03
01f30bee
06060001
fb00fdfd
02fafc15
030ef806
fa13f3f3
0902f905
04fc1106
fdfa0c0b
09f9f4f3
f800040c
fe10fff6
0af902f5
08ff07e9
fb08f402
05fffbf5
0104f302
faf60ffc
02f5020c
fd070f03
03fd0202
000e0af1
f00702fc
07110c07
fbfcfdfc
fee8040a
0100fc05
09faff15
0003fd02
0efd05fd
11020807
0cfee7f7
fff31507
fdfee8fe
0301fcfc
05040406
feef04f6
fd0810f8
f5f5fcf1
fff90cf8
fdfffafd
0402fbfc
00f1f90a
09f4fc00
f9f50607
fffa0d06
06feff01
0905fd02
ed020301
050a05f8
041e09fb
01080a01
080d0304
fff602f5
ecfe0a11
02010bf5
fb03fc0c
071107f8
0b2404fc
0509fef5
f9fef301
09fafef2
fc0107f4
f3fdfcea
0f05f7f5
faf0f207
07f5f907
fb030e07
f701f4f0
ff09fbfb
0c03f910
10fe0608
f1030ff8
08f2fd07
0df2060b
fffcfb01
f70707f2
f40009f1
f0090502
fc03f9fe
02fbeb0c
fb0cfb02
faedf401
f5f3f601
0806effd
0c0dfeea
021b0202
02f20311
fef914f8
06fa00f5
08f613fb
f8fc04f7
f30306f1
f90004fb
f9f90602
ff0df002
03010bff
0ef700f4
1406020b
01080501
fffcfee0
f8f8fcfe
f4fe1a01
f8130303
08f50d00
000502ff
09fdf2e7
fe0f08fe
f1f807f2
0a0efafb
11fc0908
0709f6f0
0c000f04
fefff803
f8fff105
fb10fa06
fd0dfc02
f205f200
0b0cfb0a
f4071203
06fb0bfe
000105ff
fdf6f201
07fa0b12
13fbf001
040304f4
0a00f708
0a060018
ed042008
f508f7fd
f3f1f610
fb03faff
fc000308
f9fcee0a
f6fafe01
fff8edf1
00fef3fb
0a04f5ee
01f509fc
170802fd
f3fd08fb
0a0bf5f6
0301f40b
faf306ff
f808f604
f70209f9
090501f9
f8f407ef
f4f0090c
fefc0702
06f20dfe
fafd0100
fa0200fd
f0f9fb05
f1010f09
05fdfdf6
fb04fef8
ff030204
fe0007ea
fb04f20c
0507fef7
07fe09e9
0701f805
fffc08f3
060502f7
0dfd0500
fb0df40a
0309f3f1
00ef020a
01f9fe0f
010509f9
0cfdf9fb
fd05feff
fbf3fcea
00070d0a
f9fcfcfd
0508f500
07fd050f
f704f900
00fb0708
0e030408
ec07fdf5
f7f8fafc
fb0603fe
01fa0301
0206000c
f1fa00f7
10fafdf9
04fc0af4
f3fc0001
07fd03fb
08040ff6
fdfbf8ec
f9080504
0206fcfc
fc00fef4
01010703
fbed02fb
f00607f0
01fdfffe
0be9fb02
02f8ff14
fa070df1
f9fbfe03
f50b020a
0a02f8f8
f5130207
fe00ff0b
f70f0d00
fbf6f3fe
02010a09
070100fc
0b13f309
1004fe0b
ff03ed01
0406faf5
fffefe08
02f007f7
0ff50304
fc01fffe
fafff7f6
fff20a04
0302f2f0
f9140bfe
fdfffb09
03070a09
02ff0e14
05fcfd0b
f0fbf10a
f60afaf9
0bf4040d
f40debf4
f7f714f3
04f7f0f8
0df2050f
12ef06f2
000202fe
fdfd08fd
fbf205fe
f8f900fa
f9f50a0b
02f708f9
fa0c0aff
f5f10212
04f3f6fb
f90d040a
0701fb0a
f7f30ef9
0706fb0b
ff09fc17
0df8fb06
f6f507ec
14f50406
f9f809fe
f204fe01
ef0501f6
02faf3f8
0c020510
03f904fe
fef817f8
fffd11f5
08f5080f
06080105
0013f810
0b12f9e7
02ea05ef
fc0cfc01
0af204f6
faf1ea0c
02fffbfa
07fef90a
10060107
05fe010e
fe0f05fe
ecfff009
f908fe0a
03fdf908
02030ef7
fd02fbfa
03fb12f1
fb09030a
fd080208
f113040d
090cfcf1
ff0df707
0606f906
130b0203
000d0705
00f71e04
0510ff04
0b0114e8
edff00f7
080a1003
0804f815
02fbf507
f8eafff7
08fdf808
04150bfd
0302fe11
0212ea10
03f1f7fc
f7fbfe0d
f10af7fa
f70e0df1
f0fafef0
f104fbfe
0217ef0a
0c06feff
08f5f5fe
fe06090d
0000fcfb
e6f2fef9
000d0312
f3f9f3fa
0de80cff
0205f205
fe0c0bea
0ef20b05
f508f600
040005f5
f002e8f1
f40ff208
01150e0b
f3f7e9fa
00fafa0c
fd00fbf8
e6050905
fdfa0409
060511fb
06e9eeff
0af007ed
fb080202
090309f5
0901f3fc
ef060f15
06fcfcf8
11fffd03
0f09f9ff
050bfefd
00fcf107
fa0d070b
0c0bf3fd
0808f401
03fdf608
0803f5f3
08f70d0d
0c000b02
03f907f8
e70a11f9
0003fafc
f8fbffef
14fa0f06
f507f202
effb05fa
070df502
ec040209
0b0dfd00
11fef801
0002f8ff
0906f9f2
fe05f6f0
0403e401
f3f6000f
060a09f5
060711fd
0a13fefb
f1ea0303
f7f8f3ff
0909ff0b
fcebf80f
e1f8fcf8
0cf20401
04f6ff03
fe13ff09
fff9f303
0101fe07
fa02fe07
0bfeeaff
060904f3
f2faef01
01fd0cfc
050200f5
090bf200
10fef800
05f50100
fe04ea0c
03090105
05fd0504
f019f5fa
10f0f314
fc01fffe
fbf3f40e
0a1404ff
0afbf8fe
07f201ff
ff0afc05
f90b0b06
f208fd17
f9fef203
0002fd10
f309faf4
ff00fef8
09f60111
fa0b11fa
f802f606
0706f7f4
ff050a09
0a00effb
0b08fcef
0d020209
f202fdf2
06f3f3fc
ecfa0811
0108f4ee
fe0408fa
fa10fd0e
01130407
fffe01f4
0ef10afe
f8fdfbfe
f903ee02
effbfd08
f0fcf309
04ea0601
03f5f514
f509f7f1
ec04e808
fe02fdfe
09fa0202
0802eaf9
07080405
00f7fefb
010af7f6
080c0efa
fa020001
feed0e0b
0306f3f9
fa05fef2
f6f00411
f005fc0d
ec08f902
fd0d02ff
fc06fb13
e907f50d
000d0213
eefbebf7
fcff0c08
fbfc0105
f6f1ea05
10e80107
e804f802
fff81105
fc08fef6
fcfcf0f8
f50001fe
0101f6fe
07e60301
fbf9f8fb
f8f80004
09fc1011
fbfd1cfc
02f9f6f1
1200eb08
fb0218fd
ff170304
090c1708
020203f8
0402ed16
03fe00fe
0002ff05
fef603f3
edfa10f5
1c1af40c
08f9f700
f8f7eaf7
f90606fc
e9f80a04
060600fe
0b0706f4
0502f400
0b11fd05
0deff305
02f6fc06
0902fd0a
f6fc06fe
f5000ffe
f91108f1
0df7fde6
0e00fbfc
edff03f5
fb011314
f40902f6
fbf209fa
fe021312
08ebf5f0
03f5020d
f4fb1cfd
fefdeef2
0dfef8ef
05080c0d
01fafdfb
f90d0702
00fcfb05
f7fe04f6
fffc100c
f7faf5ea
00fe0400
0317fe07
04130209
0a0c06f7
12020d0a
f8ffeafd
f705fe06
12fdff0a
f60007f0
000b03f5
02030b04
fef50fff
f9070704
fbf5fbfa
01ec060e
fd08fbf7
14fc01f6
0809f2ff
ff0007f7
11fff308
ed06ff0e
fefafde5
fe0bf1ff
f7060007
fdfdfaf7
fd1401f5
04fff705
07fbfdfe
0afcf4fc
f408f3f2
ff08fe08
0407f302
1cfb0bfa
fcf00600
f8f1f505
fe02f008
fe0711f6
f508fbff
0af2f101
09ef0503
00f2f208
ed0600fa
04fefd10
0c0d02fd
ff070811
0d07060c
fa03fa05
f501fdfd
ec0cf0fb
14f90a00
f1000c0f
0d030d12
12fb08f5
ec0bfbf1
08f7fe03
fe14f905
08080507
f0f60507
020a06fa
040e020d
1a00fffe
f20afef5
ef03fdf1
f502eff3
fe020804
fefd0314
fafee8fc
02ec0807
fef30419
f5f612ef
f8fffa09
0ef50e00
04110308
f6110e00
ffef0a00
f50108f9
10ee0707
03fffe07
080bf90e
f9fc02f3
0c08fdf5
07f4fbfd
0401fdf9
eef5f706
f017fe0d
0ff0f605
10fbe902
030f00f3
f5ecfd0a
fafa0309
04f5f906
0602ff04
fcf21004
00fdff03
020606ff
0e04f206
0af6f806
f409fb09
fef10803
00f9f408
fb0b0601
f6020700
0df100fc
09fefff4
0702fb08
fb050a07
0a06fcf7
f8fbfcff
f8faff0e
0e020b05
fbf5fef6
04f8fc07
f602f7f6
081bf60e
0bfef407
f0fb0702
effbeafc
01fc04f1
fa01fd01
f9fc0f00
fbfd0505
0801f510
f9f70103
fa09fffe
fef1f301
0eff0308
f008f701
12f9fe05
fffb0dfd
fcfe000e
f5fa0706
f106f704
f7fd0005
01070105
f808fe0a
09f5eef2
fc0bfcfe
eefefefe
e4f70705
06f7fa05
15080b0f
ebfa090f
fbe809fd
fdfcef0d
f7f90702
09f803f8
fafbf802
0a0307fb
0f020501
eafcfc01
f51104f4
fdec0f07
f90e03ef
f3f00406
0d080308
f50deff0
0407fbf9
05f5fefc
f7f70802
0507f005
fef0fdfe
02f3ff01
1008ff05
0afef7f2
f30ff606
fdf5f10c
fa0d08f9
0c07030a
0d0a0ef4
f01001f6
fef9fe07
f50ffb00
f7fff8f6
1cfbfe00
ff04040a
0007faf2
03fd01fb
06feff0a
0601fcfe
00fef6fd
ecfa030d
fe11050a
f8f90f00
f9f7f702
09fc02fd
07fef00e
0d10fbf9
fcf9f5f0
1204fe04
fe01fe0f
07f60106
05faecf9
0403f508
f7fef6f9
faf800f9
fafb13fa
f6040b00
f4f8f7fb
060af909
f5fef6f9
0d030d08
0bff0209
02f81312
0d0d0df3
f10704fb
0bff0601
fe0c0bec
fefa0f09
01f4fbfd
fffc0df8
f1f6f0eb
f601fdf3
0e06fb10
ff0e0705
effdfbfa
f408f2fe
faf5f312
faf2faf3
09fcfb05
0aedf406
f2f9fc02
f7fe0704
f601fdfc
0a010500
f101f100
f3130001
f301edfc
0ff3fdfd
0a0afffe
fcf708fd
fa000cfc
f8f5ff03
01fbfa03
08f4e414
000c08fa
fef90e09
f5011315
050c01ff
f1f91100
f6fefdfb
f402faf8
ed06f300
0efd02ff
08fdfcf9
fcf90ef3
03fa0703
f9fefdfc
03080209
09fceef6
0bfc021c
fcf7fdf5
f6fd05ff
03fd10f9
f0e8fa10
fbf8fb03
00ef0701
0bfbfafe
06faff03
010afcfa
13fdf1ea
fcfb00fe
f9f705fb
fefc0a14
fd0602f8
f4020013
f3fc0108
f3ecfe0a
01030202
f8fb0300
00fbfc0f
00ff1211
f5080c07
f9fc030d
04fcf605
fc0007fd
e6fe07ef
ea10fbf5
f80afd15
fdf70715
f504fdf9
f2f3fe04
e6e9f414
030311e8
f8f61201
fe040d07
14030702
fdfc00f1
0e0e0904
0712040b
07f7f7f2
0605f413
090c0307
fd01fe0d
f606fc02
0405fe0b
01fcf9fa
00110f05
f9ee0c0a
f5000509
ffefeb02
0efa01fe
03070806
0a07f604
020efdfa
04fafbef
f7f2ecff
00fb0503
010e01f9
070105ff
09f70905
0ce90df4
f907060a
0c070afb
fcfaec05
f5020500
fdec04f0
fefbf8f5
0d0406ff
01fdfeff
160efcf7
f6070801
070501fa
010104fe
fdf9ff04
0403fd0c
fdfa0e02
0c09fa05
03080703
06070605
08f30506
01f909fd
fbf300fc
08fdef05
fc0f0d06
0908fc03
0109fd0e
1208fafc
f60ff8f8
000812f9
03040cfe
06031402
0f050b03
fa0806f4
f9f80303
09f1f40a
fefefcf7
01f8fd14
f909fa07
f5f60600
fe09faff
17fe01fd
0a05f306
0ff00203
ebfb0100
fd0708f0
09ef00ef
fb0fff06
fb09fefb
fffb03ed
0d060006
110ffc02
0003e801
fdf20506
fffb0717
020204e6
0505fd0b
0b1308f4
fb160909
0000ff09
0003fa0c
f6ff06fb
0bf0f111
001500f4
fbf609f9
0af906f4
f107fbf7
fbfdff0b
130802fb
f90600f3
fd10050a
fe03f4ff
ebffeafb
02fe02f9
09061312
00090efd
0203f6f9
020d140a
070715f3
f80df1f7
0d040508
f3fd06fc
f8ebfbfb
060a020d
07fff403
f3fef608
0c17edfd
fa0207fe
fe03ef0e
000c0d00
0be8f505
fbfcf9fa
0b090106
f60af2f3
0903fefa
02fd0201
f3f6f9f6
030b020e
0afc0301
0fff0bf8
0b09feeb
08f9070b
f3fa0003
14eff412
09fffcf5
f7080508
0afd000d
efe70c05
f8030206
000702f7
08130014
08050dfb
ec040914
fc06fefc
01fdf606
0600f205
fdf90df4
fe0011fc
09fbf7fe
f804f9f2
e90cf0fd
05fde805
fd1003fa
1701f708
01f9fd0a
f30e0901
fb000efd
030802f2
f80df8fe
fcfff3f9
0b02fefe
f40afaf4
fef907fa
f6040809
0009ef0b
11ec03f6
f80ffff9
07eefdf5
fc0ffaf4
020602fc
0405f600
08f515f7
0401f7f1
f70afe05
fff8ecf5
00fc01f6
f1fefd14
0500fbfb
f4f706f7
11eff207
fcfeedef
07eb0e03
07e9010a
02f515fd
0bf310f9
040305f4
f4060110
0501f8f7
00f9010d
140b0808
0506fc08
16fdf1fd
feeaf3fc
03eefe0a
fe0af803
f60df90b
fafe08f9
f60404ff
19f6f804
030208f5
0c000504
0702f4f3
fcfeeff3
fdf50000
fd02f903
f10d0a09
fe05f901
0816ecef
f9f301fa
0bf9ff0c
05fcf0fd
060202f9
f9fcf111
f503f304
07051304
01000708
fcfefcf7
fdedfa0f
fbfd13f5
00f70606
faf90f02
fb05fe01
1206070c
f6f404fb
071dfdf0
041203fe
0509fbf8
02f7f100
010a00fe
f7f9150b
0104ed02
f90908f5
041c0bf9
0309faf3
0dfa0302
07f7fbfd
0afafdf6
eff1ff02
09fc04f6
0404f209
ecf4f905
fdfbf811
0d02fd08
050a000f
0a0402fa
fffdf5f2
05fc00f7
f8f9fffe
14f804f6
fcfa0707
0a00f8ff
f6ee0c04
0bfe0511
1209fb06
f6f7110f
02ff02f7
01fbfef6
f6020a00
0b1100f7
fe00f306
f5fa0d02
02080ff9
04fdff03
0002050d
fb0a0804
03fbf7eb
030402f3
02f40afa
f6fd0202
fdfcf9fc
070a05ee
09fbfaf5
f613020c
0cf2f502
020603f8
faf00008
effe03f7
fef0ebf8
050cfafc
f408fffe
01fc05f6
f901fbfa
f8fafc13
06f7fb04
0407fd0f
f9fbfef3
05060206
f6f9f6f0
0a08ecf7
01fffa00
0df80209
f906fbfb
000310f4
ec010cf9
faf7fcf6
f4060500
fa05ef01
f6f2ff03
020e01fc
0a040df1
ffff0206
f806fd00
0f04fdf8
0414f700
0600edf6
0af9fd00
f8fd0204
0b0003f6
ed0c040b
08040700
08001aee
f4f71df8
fdfa0800
01fafeee
0803f7fa
fd0602f0
f9f9010b
01f30506
ef081103
fffb02f7
08faf704
fe04effd
f6fd0901
edf80008
f40ef212
0008ee0a
fcfbfff5
01ff0415
fcf2fcf9
11f0f103
fcf90712
ff00fef8
03051203
fcfe05fe
f7f50df5
07f80309
e7f10110
0006f401
ee0cfb01
11f7fd06
f000fe0c
0afcf0fa
0ff8f5f9
0ffbfc0e
0a0606fd
fff9020e
0afe03eb
0a00f0fc
fcef0502
fb0efaf9
02f803f0
0905fc06
00ff0800
11f8ff08
000000f7
fbf002f9
ff06fe07
f5eff8fa
01061208
0f0b0f02
000d0112
0000fb13
15ff00fa
0b01fdf7
0404f407
fe1a06f5
0f0b0004
15fef8fe
fdf5edfd
f502f10d
02f00311
fb0202f9
02fd06f8
f007020d
030015f0
06190108
00f5000e
0dfe0805
041100ff
02ebf80a
0e0410fd
f902f8fc
060d17fb
fc0501fd
fff30505
f801fef1
f909ff06
07000000
f9fadf11
fffb0307
ff0915f7
f9ff0b01
081a00fb
05f70c02
1aef0cfa
fdfb1407
01ffff02
f90efe15
0df8ff15
0afdfd04
f70afced
f6fcf5fd
f7fdf905
0611f6f9
ff100103
050b020b
04000705
fb07eef5
fe081101
f2f8f8fd
ed08f7f5
fe0bf91a
fe01f5fe
0c00e50c
f10bf4f8
0bfb0803
fcfa14fc
060dfaed
02fcf7fe
1604fbf6
00fcff0c
f403fffc
1210fa03
0202fc03
f907030a
161808fc
0a0104ff
0701fc00
eef2f004
000301fe
0ffb0bfe
000a07f3
01fc120e
01040601
0b0901f7
f2061208
fa0f0407
0a0401f7
09fff902
fafafaf7
0706e804
0003f5f8
f0f70a0b
050001f4
f2eb0207
130aff12
0711e612
070009fd
fd0ef40a
06eb11ff
fc13ff01
f5051f02
18fc06fa
fa0bf307
0f130afa
f8fdfa02
f2f00406
fdfd0b04
02fa09ea
080af2f9
fffe02f7
fe10f700
fc00f8f4
09010ffb
ea1cf809
fa0203f7
fd02fff7
08fae800
0bfb0cff
f8060c0d
fffcfcfe
06090400
0c01f4f5
fbf10409
fc04fef9
f7f9ff02
09020aed
11040cfc
0a00f604
0703fbfc
050ceff4
03fefcff
0b020904
0302ffe4
fdf4fefa
1503fdf4
e2ef08e3
03f81e0a
15070a05
fc01f703
fdf4f2f0
03e40707
fd08ebfe
01fb070b
ff0cf8f7
f6fbf70e
f5f10907
03ff0df9
0c05ff0a
f000ee06
09140002
02f50005
fdf8f606
0d0806f4
02fcff0d
fae90e0e
f4fbecfc
f3050df4
f90afd02
faf5fff6
0a1d06f8
fa15050b
05ecf8fc
ee050dfe
fc08fffc
ff010603
0af002ff
0af90a0e
01040bff
f7f2fb04
fa03f9ee
15f7fc0b
0a0502f8
f7fdf3fa
02fd0f09
f9f7f1fe
eef6040c
02fe020c
02ff00ed
f20601fc
f207f205
06fdf903
00060707
fa090708
ff0ef7f6
fe0702f9
0b06f8f8
010ff1ff
fcf6f9fb
05f71dfd
ff01fe08
00f706fd
0e03ee06
08f80609
04fafeff
fafefa13
07f7f9ff
000318fe
03f6fcff
e40c05f5
f3fcf8ff
f3fbfb11
0601f6ec
0efe0cf2
fafef4fc
080703ff
08fdf30c
0f09fcff
f1ff1efe
01fbf9f5
ff0a00fb
050bf3f6
fbf50f00
fcf5f8f9
03fcfef8
11e8100c
02fef602
f705f8fc
01011efd
0f0501f0
f3f60004
0bf8f9fe
21f9fb04
fdf80a01
0507fcfd
0cf7fa03
fe04ff1a
010afb02
1b0df500
fb05fef9
fef70914
0cfa0107
11fdfb0c
06fffe0b
02ffff14
080bf2f6
f0fd010c
fb040400
08fffbff
04f1000d
f9fd02fc
f61501f5
0a030404
fdf203f6
1e0c0700
00ff0cfa
06fa08f5
f9fdfcfb
1105000a
ff04f7fe
eefaff0a
01fff802
06fafdfe
fe0711fe
fef0f3fa
0bed00fd
03fd11fa
02fbf40c
f9030108
f7f903f5
0709f70c
04090de8
0b05fe12
04fffe05
0107f0fc
fbfc00fe
0d01ff0b
f60bfc0b
ee0100ff
030e04fe
10fbebfa
f7f20b08
f3001207
fb00f7ee
1bfd00e6
fe0ff902
110403fe
fefffcfb
07fcf407
01fdfdf6
f9fc0af3
09f7020f
0bf4f5f7
f6f40ef3
01080ffa
1106f313
ffea07fa
05f8ed02
040702fa
f10209f0
fc030102
1105fcf8
08fcf713
fbfa0300
0006f508
ed13f8fc
f7f909f2
06080c19
06fefb0d
f8f60f02
0f02f8f6
fbfc05f9
08fc0406
06f5f109
f105fcfa
ffeefa08
f40102f5
f5eaf602
fc07fbff
f007fc12
0afff2fc
040703ff
f1fb0afd
0bf2f804
041503f7
020903ff
0ff7f0f3
f601fc11
01100c02
06fdf906
fffcff08
11fcfefb
0c030705
fefefbfc
1401f2fd
15051602
03fc0b08
fb0dfaff
fb02fa04
fd0a08fa
ff07ecf2
f80409f5
eaf6f408
05fa0506
0ef4fafc
09fe0303
0a080cff
0bf008ff
03f5f7f3
fa09f403
0413fa02
fbfef1f5
02feea04
fdf2040d
08fafffe
fefe10e6
0c09f80f
01f50803
f9fe06fe
01ed09ff
fdf700f9
f802f213
02f4fb08
f4f4f1fc
f701f1fc
0a0ef4fa
f7faf706
0dfa08fe
030707ee
01f3f2f9
0a00f8f5
01f4fc0d
fff808f2
0df401f9
f602ee04
1af5fcf0
f001f902
ee0efa13
09f7f51d
fdf40ff5
fcfb00f5
f5fffff5
04ff0007
fefc05e8
f50009ff
08f0e70f
f8fe0001
06f80c0d
060bef01
fbf6fd00
fef7f605
f4fff707
1314ec04
effcecfc
f8f7ff10
fefb1300
fcf1f604
f3ff060a
03f9ffef
0aed020e
f1040b01
02f9f5f5
fcee0b06
f20cfcff
0bfceff5
f7f8feff
09feff02
ec0308f4
110802e8
01ff0609
fbfcfff1
10f901fb
080108fc
fefcfd07
fcfde60a
f8ff0109
0bfb06f9
f900f8fa
edfc04fb
0ff9f504
f203f8f3
eb0a01f2
f6fffb09
fdf80408
dd020a0d
f7fa0210
f604f904
f9f212fa
ecf507f8
fcfa0403
f1fb1b0d
f105ffef
05f10a09
f9020a09
f805f605
18090702
0f07fa12
f607eff9
fd050702
f5070413
f3100206
f108000a
0513fc01
fa0a0418
0d00040f
f30a00fd
07f410f5
f8f8fe05
f6f0ff03
05ef0d05
fdfa0d01
05f803fd
07f9f90e
f6060016
f7fa0c03
ff0007fb
0202010c
0b01fc06
f70801ff
ff001109
f8fcfefa
e5ff0df2
fd01ec05
0b0403f8
e7fc04f3
00061ff9
05ef16f1
03f80305
0afe0ae6
19061008
fc000efd
f70307f3
04f90108
0cfffe04
05fc00fa
fffa1406
fcf205f9
f1f0f60f
06f80313
f2f7f307
f20beef7
0500fc04
ffe800f3
f2fa0100
f70901ff
01020107
f315fe11
05fc09ec
fe0d000d
fe0816fb
fcfbffff
1203fbfe
ff06f5ff
f90c0e0c
0204f3fc
05ed1306
00040ef1
f40011f7
0cfe0d02
07fbf501
fe051310
f9041002
f6f816ff
09fefff6
e6fbff09
f3fafd0c
12f200fa
f711f410
f304f508
f6020510
05f7f501
f9f8fb01
0610fcf3
f50ffbff
06e405fa
18f4ed0f
0214fefa
0d180b03
f6edff0a
f90d0c09
fc07fbfe
f5fbf5fe
05f803fb
05070105
ff0a02fd
02f715ef
f3ed0005
0affff06
f7f2fafc
04f90d06
0af7ed07
fb03fe01
07f7f8f0
0cfe0bf5
000b0706
14ff10f8
0016f510
e9070801
f107040a
fc070aee
00f9ecf2
fc1201fd
0308f705
03050107
fdffe500
f308f010
05010104
fd04ed0a
f902f400
00fff906
0b0a0df4
06fc0907
080304fa
09080eee
0f06fd02
eafa01fd
f1f606f5
ef0a0cfe
0cf5fdff
f2ec0407
fefdf306
13f6f808
fc0311f9
ff0ef2f0
0dfa180c
eff6f907
fafefff9
0205ff04
02ff01fb
f7f70dee
fc04ff01
04fe0812
04f400ef
0319effd
fc03ff01
09ff0d04
fa11ef01
0706fd00
f117fa0f
03eff406
0108fafa
050f0bff
f71303f0
050a03f9
f5fa090c
fd02fb15
06f4fafc
fc12f500
070b090c
fbf3f8fa
f7f80314
fb0008fb
fa06f0ff
06f2f804
f1f51b0d
07fc0703
f4051402
03fcf701
f8f60200
fd090202
f3f70a05
0cf90016
0ef8f6fd
f50b0000
fc00f4fe
f2010a08
08f0f1f1
f0f802fc
ff0205ef
0a0b01fe
fc07f8ef
010f050c
0606050b
0501f1f9
01020501
0d03fa08
10fcf605
e5f60ef7
13f6eb07
0ff90a06
f20bf1fa
0ff601ed
fb0af7f1
f4f8f4fe
01071103
000e09fe
ed040d09
0e09f6f5
09ef0206
0708f900
0cfb03fb
fc00f001
fbfdf90e
030201ff
070003f3
0d04f6ee
04ff1006
0b050c10
0705f90a
00f4f8fc
0efa120a
f0fefd01
f7fbff05
08fb0a0c
f40b04f5
04f8faf4
0202fafb
f80507f5
ebfcff04
060805ff
0403f4f8
f2fb0cfc
00f7f700
02ff08f3
0b0300fa
0204f9fc
11fe02f7
0af60b0a
0f010807
160001f4
f601ffff
fb02f7f5
0b030506
fff90301
fffb0c10
07fbfa06
03fc0001
0600f8f2
10fd0507
06fffb09
0e0513f3
12f10609
fc0df4fe
000506f4
fcf70411
edf0fef0
ebf2f7f6
02f1fdf2
03fb0608
11010610
05f90000
edf807f6
f8030105
0302f3f9
fdff00fb
ff0d1406
03f50504
f705fe0d
07fe14f5
0202ff0d
0e0604f7
ff080a0b
f4fefef5
f513fcea
04080afa
0ef909fe
04fc09fb
0df90602
09000403
0a0800fe
f0ff09ff
0b060cfe
f107fcfd
fe050003
fd03f800
fe0e0604
03f60ff7
00f50bff
0d0e0f09
04f1f4f7
050209fd
00fcf7fa
fbf8eff0
0d18fe02
f5f00a04
1ef603f7
0d090ff5
0611ff06
f900f900
f503f5ff
fe02f2fc
fefffefd
f90506f3
06f60008
0809fe03
07fc12e4
0e190603
fafb06ed
f2f7fd00
1902fe00
0a0e04ee
0706f804
05000711
f408ff11
f6fd07f6
05ffff10
0704f300
01f1fcfe
fdf9fc04
06eefa03
0406f602
fc05edf9
f2fc0efe
091201ee
0c04f802
f6f70708
f90af006
05f60006
040904f5
0505051a
faf70300
faeb02f4
01ea0afa
0c0004fb
02080a03
09f8fd02
0507ece5
f00df905
08f4f505
0404f6f9
0301f817
0704eefb
0103fbf9
021efffe
050509fa
f906fce9
f403fd11
13010402
fcfc03f1
0109f501
0ef3f5fd
0801fbe4
e80a0f06
0b06f5f1
ff001407
faf3fa02
fafef5fe
190801f5
14fef4fe
fd0ff204
f9fffb07
15090009
050201ff
f9fefc08
0d01fcf8
f9ee05f5
f1f20901
f417f80c
06f9020b
f90e0af9
0f07f3fe
fe02f2ff
f7ff0cf6
0b160503
0402f9f6
f6ef0bf2
fff5fd01
0010f6e8
1610fcff
ff050cff
09f7f90f
f801fb13
fef1ecf9
06080702
fb0501fc
f9011302
f6fffc08
01f004f0
0d06f605
fbf112fa
f90cf100
ff09f608
f708faf7
f8040cf9
05fdf8fe
fdfbf104
fbf503f5
0dfffefd
03150806
f3f7eaf7
f1e8f604
fb03f906
05f6fbfb
fd080cfc
0f0b11f6
090503fa
f4fdf7fb
07f1fc00
f7f8fef5
06f9f1f3
08fff50d
160910f3
f706fa15
1105fffd
f20303ee
f3f30b0a
fcf703fa
06f7ffff
f1021dfd
0cf302f7
f50af0fb
0005fc0a
17fd02fa
f5f8fe16
0620f5f9
0e09fafc
fd0d020a
fcf4f511
fffafc05
04f0f100
fbfafefe
05fa0409
0008f1fa
0307ff05
100408fa
fbf400f9
0904f80b
050207ff
ea0aeb14
08f2fffc
fffe0f04
fc1508ef
04f503fd
fbf4f91e
080110fa
f8fff7fd
f503f607
0e04fb0a
fafee3eb
fa0bf8fb
fd02f607
fbfc0206
08f505f5
f4070d04
f3f3f608
010eed07
0400f902
02050be9
f70c0a08
ecfafefd
130207f9
fdfe070a
00ff13f9
0001f5f8
fcf619fb
fbfd05f3
030afe03
fdf5fa0a
0503f3fc
0afcfe01
0200ff09
effaf3f7
12fd0e0c
fc06faf8
13edfd0f
fcfd0302
00f000fe
0209f5ff
fbf2070b
110dfb0b
f515f912
fe0013ff
0a0602ff
07f9fa01
0611010e
f1fefaff
06f50a0a
e600fb14
040e0705
0e0ef7fb
02f8f2f2
f70af9ff
fc08f9f8
00060ff0
08f602fb
01f80407
f5f00cfe
1bf2040d
00040ef5
f105f9f7
010408fe
f5f8060c
000614f6
11eefbfe
f4060dee
12f40205
fcf707f3
f8e5faef
0006f7f4
0cfe0a08
01fe0a13
f1080903
0c07f70f
09efee02
05fbfc08
08fff402
fe00091e
04f6f11e
f3f5f4eb
fa070bfc
f2fd02ec
f402f7fb
01010303
07f202f2
fbfafff3
0c0ef803
00000607
fef3e7f4
fd03fcfb
f80203fd
0a1e03fd
02fc0713
01ff0717
09ff14fa
fff603f8
06f805ec
070800f9
fb040115
0dfe0802
02010f03
0a01e700
fafefd06
0008030a
040903fc
fdfd0f07
f6f4ff00
fbfbf2f8
fd11eef7
f0f30712
0304110a
edfb09f6
0bfae6fe
fbfd0d07
06fffb0d
fe100007
f901f9f8
fffcea17
00070900
f9fffbfb
0709fc0a
f205f9fe
f1120113
0012fcf8
fcf8f50b
ff13ec15
04fc0bf3
ff050101
fef700ff
0906e8fa
faf106fe
09000c03
ed050bf1
0c160501
00fc01e9
f4f5fc16
0001f705
0604f3fb
fafe07f5
0308fa02
f6f8fb0c
fd02fdfa
0b0b05f8
f40c070f
ec0301f3
02fc0705
f9ff0506
faf9f6ff
f809f703
07faf904
ff02f6fe
f8fff0fb
13fa06fc
0811f802
0005ebfd
0109fb04
f00107fc
000bf10c
0df20bf3
0b040606
091115f5
05060604
090202ee
0af8fa0a
02ff06fc
ff07fd00
fa130d07
f4f3ff00
03020407
effe0af3
f0fbef08
00fffa06
04fa030d
0efd070f
0a03050b
f6f8fe10
0bf5f500
fb0f05fc
0703f1ff
ea0ff4fb
02fff5ff
fcff05fa
fe010202
02090508
f8fbf7f3
fd040601
fbf203ff
ff0fff0d
07f9f1ff
0d110709
0e03fc05
fdfaf600
050e0701
02faf700
f4fb020d
0bf4faf5
080006ff
fd0eef00
fdfbf7fd
fefae8ff
fd12fd0f
fc0bfdfb
fbff0ff7
f70105fc
f7fce6f1
0afdfbfa
1001fdf3
fb0b0e03
f70afa0a
f40802fb
f3edfaf2
06f61404
fb07f5f8
fffd0c16
fbfd0cfe
fbf817f0
00fffc0d
f9fa0507
fcf1f9f5
0bf8fb11
08090602
02f81306
03fe0109
1cfdf005
0a0cef07
fc0a0401
0a070ee8
fb0df9fe
02020004
fa04040f
ef0bfd08
f4e7fc0a
eefaf10f
fcf8fff5
faf9fff9
0bfdf6f3
0915f3fc
f203fdf4
010e0908
05fb0f0c
04e8100c
00f9f803
07f50a07
0304fc00
fc03f50a
fb0ef3ff
f6fc0409
ef140cfe
f805ff0f
fe040401
ee03f900
f3121a02
f5ff08fe
f9fa0403
060b1509
03fbff05
070afcf5
05f20106
08fa06f9
03fcf0ea
120e06fa
010306fc
ee04faed
0400fafd
f609fefb
f8000704
08fdf701
f8f40707
f40810f3
e60402f9
f904f5ef
fdf6f000
0afe08f3
f8fafb09
fdfd010e
fb0c01f0
fe09f210
03f4faf5
01fa1101
170df609
09fe0f08
030308fb
03100208
08090efc
fcf5faf7
07050c01
f7fdeffe
fafc0d04
03f3020d
04f9fe0e
030afc0c
fc0902f5
0b08f303
12ebfc05
f1050b08
16fa0111
0c0beaf8
ea0b0103
e515fafd
05fe0cfc
080d05f1
edeafc0d
f3faf202
051909fa
f5f90c0d
fb0204ed
1410f004
06f906e8
0ceb13f4
040dfcf5
f6faf807
190913ff
0a01f614
f50c060c
050e0401
f405170e
ea0b09f4
00f7fd01
f700ff00
0c0d0002
00f500fa
fbfe0e07
03f4f509
f6050107
1707f4f9
ecf908f9
fdedfbf2
e90dfef8
f8f3fc06
00f70116
f8f2fbf1
040b09f0
04fb00ec
f3fcf005
ee0c08ff
0806ebeb
fffee6fc
fd0e0909
f90efbef
fefd0808
07f6fb15
02edf80b
0500f302
17f905f5
14fe0bf3
0a1203fe
fbf002f4
110008f3
f602f8fe
05f7f4fc
ef0bf30a
fdf90d0a
00f80102
f409f800
fc04f900
02f70701
04fefb13
fd09faf3
0805f30d
0d0602ee
0405fcfb
ed15fe03
f90e06fe
f1f9f902
0a05f904
fbf7f9fb
0501f7f6
0c03f7fa
fc0213f5
0e0bfaf8
fd05020a
04090005
06fcfdfc
14080a02
f506f7fc
fa05050b
03fffeff
f9ea0908
1bff0cf6
040dfbfb
f5fa0004
fe0dfaf1
04f703f2
fa0d00f0
080b0804
05060300
fbfcfafc
fa04f619
0010f4fc
040df8f2
0107fb04
fb09f3fe
fa0505f7
1112f104
0616fc03
01000312
04f605f3
f7f9fbf6
ed0603fb
fcf9f900
05fff5f5
01f61105
12fc00fe
f0f60dfb
0cfefe02
0b0b06f5
f3fdfc05
fefa0107
ff09f9fc
edfb0808
fb13060c
fde70df5
faf4f803
08fd1703
0ff716f2
fb01f9f8
f8071103
00ff0efe
0c0e05f9
050b0410
fa091002
f40aff0a
04060105
f403f8f8
fc150d0e
ef060904
fd080903
f4050106
f5fc09fc
f301fafb
f20b030e
fb04f505
edf7f8f8
09fd0009
ed0afe11
00f707f0
01fd000b
fe0dfbfa
fa07fdfd
fdf80e0b
fcee09fc
e8fafcf0
04fb0705
09f40c0a
f703fcfd
ffeff303
fd0204ff
fa0f0e06
1303080d
0cfbfc0c
fff8ef10
f200f303
0dfefbfc
fcf5fb04
fcf7f5fd
f90e0309
faf8ec04
0e13f4f4
05eff7f9
070206fa
01f9030c
0bfe0806
ff0d0d14
fc050dfe
0206040d
ff06faf6
ee0205ff
0c1406f7
0800fe0f
f7fafff5
02f2fbfb
0efd0305
f6ec0801
0f0707fa
040afe04
08060305
06fe0105
0c0608fd
13fc1601
fff60400
0300ea13
fe05f603
f7f6e2fa
0d0b0201
0c1610fb
0400f9ed
fc09fe05
ef00f704
fe040001
fc0c0a02
f20ff5f5
0609fb0a
f7faeffe
fdf10b11
09f9fd0a
fc00fe0c
07f3fb08
f912fe01
090f08e6
00efff08
edf8fcfd
fe09fb08
0b030c03
07040af9
02f3ff0c
11f0fdf8
12f702fd
f20ef8f6
f90f13fc
0ff10f0d
02f3ff02
120c0107
00f60605
06f602f3
fc01fa07
08f5050e
03fffbf7
0c020c00
e508faf6
fd0d0afd
03070100
fdfefc0a
04fe0507
08ed0601
0101fd00
f7fd0317
f40107ff
100cf204
070905e9
060712eb
ff0d0603
0afff1ec
03f90111
eff7f9fa
0cf5edfe
0303faf9
fa090ffb
fef806fa
fafe0dfb
0318eff1
f9fc1006
0900f6f7
09fa020b
02000cfc
0305f912
f80c0af8
f600f00e
f9f0fc02
f70109fc
05fc0efe
0e0109f7
f80205f9
090504f7
150200f1
f8faff05
04080d05
0ffd02f9
f30a0301
fa060800
05fb0615
071204f6
fefef1fe
e5fefa06
ff0bf712
ef0ce703
0dfd00fd
fd00f404
f9fefafa
01f2ff07
0808f701
04fdf7fe
02030dfb
f500fe03
fcf6ff0e
fefd1211
efedf202
0104e90f
0efd0400
0f070110
020706ff
030702fd
07030e0c
01f9f7f9
fd09fd05
08fb0500
1010050c
0b130f05
f7f90000
f2f710fc
0d08faff
03f61ff2
0205fdff
ff0a07f7
0feefef3
f6f9f5f4
f10801f8
fc07ee01
ffecfef9
00eff7f3
f6f703f3
02fefaf2
07e608fc
05f309f7
0502f5f2
fbf112f9
0af4f6fd
040d00f8
fd0604fb
fa000004
0cf0f0fe
01e9070f
11050900
fcfe03fa
0007fbf8
f20ff5f5
09f9f7f0
fdf807ef
01fb0811
0e02f70d
f4fbe913
05fd1006
ec05f3f6
f5000ef8
f1fb0002
faf30806
0712ebfa
f4ff04fb
f9e80100
f9e80210
05f00efe
0afc10f6
fb02faf8
0702fcf1
f604f5f0
07050a02
f1fdfdfe
09060b02
f40403f7
08eb15f8
f7ff1403
e90b0a07
f8fb0109
01f6f409
fcfd14f8
fff901f1
01fffb01
12060cf7
fe0703fc
fb17f6f4
03ee0d0c
080800f4
f4f402f6
02070a08
0807f4f9
1200f4ff
e3090c0b
f2f8fbf7
f5f7eb1e
030aedf6
0efbf50a
fe0bf6ff
0301f8f1
0d12f9fe
fd0b06f9
f2f4fcf6
effdf702
fb0200f8
05f20213
0ef5ebf6
02041806
fb020f1d
fceefcfd
fdfdf2fe
f411ff03
f6fb05ff
04f2e2ec
fc000b02
f408fafd
fbf100f5
fc12f9f0
0dff1806
fb0bff01
faf5eb05
03f90c08
f007ef09
e9f513f6
fefc05fa
fa040d12
09fffa03
0af804f9
fa0b0803
fb0afcf9
08f20402
f300fa0e
08f705ff
06f9fb00
0b12010e
0b09f6ff
fe07fb11
12fd0206
05040612
03f4f907
07050c07
f9f3faf9
0310f6fe
f4f117f6
f7fffef9
0110fff8
01ff02fb
0df30e07
1007f603
fb02f611
eff00c06
090814f8
00fdf8fb
0de50f0d
fef9fef4
f0fa0104
0511fbfc
070509f2
fbe4fefb
ff0d1115
f9fb0805
fdfe0d00
0600f4fe
010afb0a
e7f5fdf5
0df1fa01
020cf60b
f204fcfb
0509fe07
0dfe0004
fcf902ec
0006f104
0003f904
effaf20b
0107ede7
fb0c0104
06130cfe
05060207
04fe0600
f7f703f5
07fdf6f1
0806f909
07f1f911
0101fffb
010708fd
f501ff02
ef100bee
03fbe109
05f8edfb
01f3fe00
e5000102
08fc0af3
e8ee02fc
05fa04fc
1008efff
f9f712f4
03fffbe9
03fb0101
ff01f7fc
07fe08f5
04f90102
f307fff7
fefdf502
fd0602f9
fcfff3f2
f7140106
feeb0b0d
0804fc0e
e90b0011
030afe0d
f0f6f3f5
070c0805
fff9f4f9
0a0ef6f1
f1081bfe
e910edfd
000f0807
0906f707
1902140e
f1f3030e
02ff01fb
19fcf8f8
fb05f000
01e513ec
09f6ff0c
0006f70d
0004fbfc
06fa0efa
fcfb0b07
ec020811
0408fa0c
eae5090f
f4fdffff
08010afe
f00708ff
061006fd
0b0011f4
ee0d0df7
fe0cfbfc
f002f801
f6000df7
f1030601
f30d0307
fcfef8ff
f1fa0207
03000c02
06ff0e07
f5120ffd
f711010c
fef10100
fa05eafd
03f6fbf7
fe0603fa
fef6ff13
f01002f2
0ef205e9
f103020e
ff0d0cfd
04fae8f9
0af1fe04
0411fc0b
050cf8f5
fd06120c
e909f902
0504f00a
0c1e0307
fb00fef9
fefcf614
08030afa
0c04f7fd
f8fe0203
fdf919f5
0cf003fd
e901fafb
eb0906ff
fe0bebf7
eee80e0e
040a0214
0af80700
f707fe01
05070507
f41504fc
f2fbf5fb
f601f8fa
f700ecf7
fd02eafc
070105f8
01fc0800
fafa1304
060612fd
fe0cfefb
fa06f9fc
f0030603
07ee0407
fe120a01
fdfdfa06
0301f3f7
0c05f60b
f8fdf6f3
12fcfa09
0efc06fe
f603fb03
0200fef6
1010fe05
02fefdfc
fbf3f810
f4f9fbf1
f00104fa
0801f40d
f9040a00
02e5f909
01f1eeff
edfeedf5
fa0b01fd
0204fbfd
0ce40304
060af8f8
f212fc01
0205f605
010605f9
f9fd00f9
07000501
fcf70bf7
150fff04
fd000802
fefd0700
17fa06fa
f7fe0401
fd1315fe
01070b0c
01f61005
0906ecfc
011309f0
fffa070e
08faf801
ec01fc0b
0b100502
fb0a000a
f4ef00f7
0307f7fe
14f9fbe9
fdf10803
fdfcfafc
0507feee
fe01f60b
08fefdec
0dfb1008
260700ff
f8fb08ed
03ff0611
12efedf9
fbf9ed0a
f8fc13ed
f0f2f5fe
13070004
fa001905
0202f809
03f5fbf9
fe12fcf9
f80509fe
fff2ec04
fbf80809
12fcfbfd
f7fc0407
fd0a09f5
07ff0d01
071202fc
020bfbf8
05eafbf8
0af80008
17fd0d12
05f5feee
fafffdfe
fdf4f9f8
0202fcf9
06f600f7
17f505e7
02fdfa15
f91003f9
f40dfcf5
0eed0406
fdf30ef2
efed06ec
f5031010
02f30907
eafd05fe
06070802
05060501
07e70c0d
06f60905
ff08fe00
f109f8f6
10fa05ec
fdeffafe
03fe0f09
0bf005f6
00f5fdf3
00ee0801
ff0700f8
040501f8
00f2fd04
0df8edfc
0bf4f9e9
f50df1fc
0904ec00
00ff0112
08f40cf6
05040d08
fefcf6fd
04fafafe
08f903fb
04e605f3
fdf407f8
00edfd06
f40701f6
10030bf6
0df504fe
fb030804
06091602
ed05fb03
010c0ffc
03ff01f2
16f311f2
f9140afa
fce8070b
16010007
0ff8f815
fff6f00a
0807ff02
fcf300f6
0c1205ff
06060309
0a0a02ef
fffe12ff
f2140afa
06fefbfe
fa07fe04
fd0503f3
fefff8fd
f4f616fd
ff07f803
fefffd00
09fbf9fb
04fd04f5
0300fef7
f4050200
02f501fa
091000f9
f807030a
0101000a
0bf2fe1b
ee080017
05000c01
f802f6ff
f5060103
110af207
080f0301
fd06f4f7
fa0af903
0c02ff04
020cfd0b
050f0ef4
04f6fc0f
fe0718fb
fefdf9fb
f100fb00
040d180b
faf71209
fc101007
03ef06fb
100f1300
05190f02
fdf90c17
00f508f4
0205feff
11f8fa10
fbf807fd
ecfdfd0a
03ff04fe
030d0703
00ff09f7
ecf704fa
11ff0007
0aff14ff
fe02fc10
0910f5fd
0700eff8
0801ee02
0cfdf208
12fdecff
fa04f8f2
e710f5f4
fbfffe06
f604e6fb
fb00fcef
0701fb09
fbfd09ec
0a0a0606
140e09ef
03fdf704
f5000001
0e10f7f6
f71202f5
10fe0402
fe0ffffd
eef504fc
080300fc
07f9f6ff
ff0cee0d
0df80efd
f7f8f80b
f702ffff
08fd0402
00f8e902
08f8fcfd
02fdf4fb
01070508
09f91cfd
ea05eaf7
fdf704fa
f6f30605
030bf601
05fff7f7
ef05f602
fc0d0b11
000c00f3
f21403fe
fd06fd12
0cf102fd
0ef90003
eb0209ff
08000efd
f404090d
fcf5fef4
04fe19fc
0df908ec
ff09050d
00fcfb03
f90301f2
01050c05
0215f805
010f0901
f2f9ff06
0be202fc
fafff909
0d090f01
0c04ff00
fc03fb07
0604ff09
fc0a0307
0a060c0a
f70301fd
f3f5fd10
fcecfe06
06f8fb06
030107f3
09f9fffc
f20c11fb
fdecf304
080006f3
08f602fd
f80217fe
09eeef0c
f502f003
faf2f2ef
04fc0518
fe06fa0a
040d0208
f600f1fc
09f50404
fcfa09f9
02fff00c
04fee905
0408f500
0cf60d0c
fb0df8fc
f8000df8
020607f8
0509f704
f401ea0f
ef13fef6
0404f3ef
04040301
f401f5fc
ff080305
fbfc0dfe
fefc05f5
0b0b0108
f205020b
fd0cfdfd
f0fe0207
fcec0308
000f19f8
0604fef8
f1ebfbf8
ef02fbf7
010005f6
0dfc0ff9
00fffbfd
fb080eed
f601f4ed
03f30ef7
f511ff06
f5070710
02fe05fb
fdfe010e
0b06fbf4
0c0908fa
f6030902
03eefbfd
0307fbfc
01030905
ef050bf7
03f502fe
0ff807ff
0005f9f6
f5fb09fc
08f9f402
031efe06
fe17f6f6
08040400
fe000e05
fefb1600
01fbfffd
f405fa00
f0fefc05
fe08fdfa
ff12fe08
f5010e11
f001fbfc
fefc05fb
0bfb09fc
f80104fa
0feef6ed
fd06fcfe
fb0bfffe
04f40308
ff05f9f7
060c0300
1100f50c
f7f9f801
fbfef60a
0603fffb
f1f6fdf6
14f5f701
f6f80508
f8fd0600
05e310f3
07fff303
060602f2
07fc0d01
ebf6fe03
06f805f5
f30bf0fa
ff0609f8
04000a09
06130001
fffef304
01f60001
ef1006ff
fd110af6
06fcfe00
fd00fefa
0eebfafb
fa091701
01030cf1
ffeafffe
fefe01f2
f7030407
fd02fcf6
05090611
020ff700
fb03f801
03f7efff
f10cf805
f106ff08
f40a0007
0e00fa11
eefd0803
f60904f8
f701f6f7
0105f5f5
09f91ef4
0307fdf2
f3f9010b
060d0607
faf90301
04110a03
f3f80800
e9f9fe0b
0df209fb
030bfdf6
f805fa09
08f5ff05
fbf40bf4
00f7e8fb
090c02f7
04f0fff4
fc02f2ee
f508ec01
f20afafb
0dfd0001
09fc0203
f90a0607
041909ff
04070903
1a0909f4
ee0c03fb
000cf2fc
0109fa0f
01fcfafa
04fb0efb
fdf5f505
f9fb0505
f0f003fc
ea01f906
0001090d
0efdf804
f9fa04f8
f8eaf6fa
ff0014f3
fffc0205
06fd0bf9
150e0302
fe03fffd
fe07090a
fe04ea02
f601ff12
fbff0712
01040902
f1f8fffd
faec04f8
08edf50b
06f604ff
02f0020f
04faf3fc
00fff9f9
fa00fbf8
fefa0f06
0cfbea08
ef141302
09f910fa
0b0bf9f9
fc090204
fc030b15
f1f60002
fdf6fff5
fafef907
f7fff8f3
0d00fcf4
f804f500
f5080bfd
0bf5f806
ef000209
f0fc0101
0101ff09
040306f4
03ec0901
0a120600
02f5fdf9
090d01f1
02f9fcfd
02f5fa07
fd05fe06
f80b0902
0f04f400
fd1405ff
fa0a00f7
f3040cff
0bf0fe02
eb0b09fe
09fa0d07
0304fdf4
fbfc02ee
f4f81201
fdf2fbfa
0c0d09fe
05f804fa
030b0003
0601fdfd
0b00ff00
f1f803f9
0007f3f9
00fcf80b
feff0d03
fbfbf90c
fcf80804
110ff901
f500fcfd
f0f6f908
08050902
04f40508
fa0c04f2
fd0d0000
edfd0cfc
f7fb0d04
f20301fa
fd02f205
ff050cfe
04120106
04f1f608
12f7f8ff
01f7f805
03f00e01
fe08eff1
f7f5f80c
090307f1
0a03f8fa
f8fbfe03
0df60cf7
04f2f905
0a04f6fe
06f70208
0900fffb
0205fee0
0ef905f3
0bf4edf6
02f9f704
0bfdf6ff
01f81002
efff00f0
03ffff0a
fbfd070d
02f4faff
060706fa
fefa1606
02f7e609
04fffdeb
f5f8f206
fdf90701
f8fcfa04
f8f2fffa
f3fafff7
fe0d0efe
00f60908
06ff0404
1100fa05
faf60b07
f9020c01
0b0e0205
f40c0106
ff10f905
010cfaf6
fde50808
ed11ee00
0309fe00
eb08f901
fe07fbf8
11fe0417
fafcf4fd
fffffefe
05ff03ea
040008f7
01fffffa
fafc0eff
fafcf0fa
01fa0601
f51b040e
f80907ff
000dff06
fcfd08f7
f60003f7
1406f609
0cf7f700
08f4000a
fa0ef803
04fd0503
0201e7f2
040af505
090b0a05
0300fbf7
f9050608
0406fef8
fd01fcfa
010b07fd
0500faf9
06fc0c0f
060008fa
fd010205
fb011b00
fef10aff
0304fd02
19fbf5fd
12f808f5
e4f202fd
f306fffc
03fdfde6
0e0811e6
f5f3fff2
fffcfe05
fff90705
f2f80c08
030a0202
07f2ff08
0706f70b
fe0bff11
020afdf2
f2050708
15f8f9fb
0d07fafd
05fd05f6
01faff02
fd0f0103
f911fdf9
f106fdfc
06100405
0d080306
fbeef901
140b07f4
e9fefb08
f7f5ed08
faf3f112
0014f2f6
00f8fcfe
fdfdfcee
00f90402
06f7f2f5
f8fb030b
12021709
f9f4fdfc
03030d02
ff090505
06f8f209
02f80cf8
01040413
07fe0704
070f020d
00f91008
f40101fd
020402ff
e0010706
05f4f614
f802fe04
000cf106
f0fd050b
0bf4fbfc
09f3000f
0de8f711
050603f0
06fdfe11
0800f8fb
e2fef4f5
f3fd0608
03171110
f107f806
04fa04f3
f2fdf403
020102f2
f20201fd
01fb08fd
0a06f80c
f6f4f903
06f1fdfe
fdf504fe
fd05f9fc
fb04faed
0d0ef9f6
1103e4fa
04e9f6f6
f805fcfd
f71905f9
05eeff07
010303f0
09fc00f0
0201ecfe
0102f6fc
0e071109
0cf90c02
fdfc0c07
00000213
07fd07fa
fc15fdfc
14050dfe
010403f8
03faf0f3
fa00fcfd
070d0be6
f6eb1109
f503f708
10f8fafd
05101bf4
ff0501ee
05060305
11fd0e0a
eff3fc04
fa0a0b01
fafd03fb
fe0a00f4
0509f401
fc0aff0c
fe0beeff
f6090901
0e03effa
effefffd
04070ff4
0b01fefe
01030500
f80bf6f4
01f8fefb
ff1000fb
fafdfafa
00f1f905
f60102fc
fdee0206
0d08fa01
0802e50c
fbf1eff7
050cfb0b
f5fa00ef
0fff08ff
0d03f108
0701f405
f2f7f7f2
f206f5fd
f80204fd
f4fdfff2
fc02fc01
fc03f805
f5f90a0d
f10417fd
0800f401
1101f700
11f7f9fa
eafcf6fc
0101fb13
0ef4f409
fd03fb00
09fbf500
06f9edf9
0afdf9f9
01f406f1
f8fdfef0
fb06f8f5
f0ed05f0
f901f9f2
faf0f0ee
f6f70b01
01f505fc
fd090401
f102f20c
f30505fe
0f03fff7
01101a17
fcf7fafa
f6eaeefb
eef702fb
ebf6f5fb
10f5fef5
0a0014f5
09010e12
06050b05
fa140a05
09060a06
f911edfc
0d04f6f0
fff0fb0b
f8f9ff02
030cf60e
02ef02f8
0ef4fcfe
fe0bfc07
040a0821
0903030b
fef8f8f4
f6fe0beb
f30200fb
0cfefc05
05fafc15
0103f803
feee060f
02020df7
ffff14ff
0a1a05fa
f6f3070b
19f9f408
14fc0709
ff090202
010f07fc
f007f416
fd070f03
09ed080a
fcf6f800
f9f90003
0b1406f9
f406f909
19f608fc
090af80d
16e800f0
fae5f7f8
14f10bf1
f80512fe
01ff04e6
020b0d01
0514120d
fff505fc
f0f704e8
f409000b
1b010101
1405f304
05111512
fcf4f703
1c15f8fd
e7fdff0c
f9e60002
f80e0706
14050009
19fbfded
020c0404
fdf30504
fefafa02
070507f1
1809f30d
0809070f
ee09ff0a
02f201fa
f5eefbfa
ed04faf6
fafa0207
f30406f7
07fa00fd
f9f8f319
ec110d07
f10400ee
f2100417
e107070e
f4ff04f9
00fa00f6
03f2f8ff
0df608fe
04f8ff03
12f80703
f7f50600
01f6e904
12ecef08
06fffd02
fc030cf3
030ffcf2
f80b0900
04f304fb
0ff90ffa
f5060104
0d090c01
f70ff8ff
000202fb
f7fc1008
0106fff8
06040e02
fb08fb0b
f706f5f3
0b0907ed
fcf6010c
05010902
1108f912
fd05f802
fb02ea04
030701ff
0100ed08
0400f808
00fceb03
f9000001
13f700eb
0210fd0e
090106fa
0cfcfc0f
0c02fa0f
f3fce902
0d00f6f8
03f4f313
030001f4
fdfcfe0a
180f08fe
03fb1107
0afffb0d
000d1401
1e130401
0af9060a
11ff0a04
17fffb11
1104ea03
f7050d06
09ec0c09
f5f40915
0bfffe07
0af6f60e
08fd01ec
11fffbf5
f71100fb
ef09f805
f70de80a
f907090f
fff1fefa
06ff15f6
0b07f816
0305f601
f9010bf5
0efaf8e7
f30e19eb
f4fd0a09
030600e5
faedf7e6
f8071005
00fb0df5
f905f6f3
f3080707
1311ff04
0af4f8f9
f10af20b
f2f0fcfc
14ff020e
fce60afa
f2ecedf9
fe0a0709
f511fdf2
f70014f1
0cfd06ff
f905ecf8
0208fbf4
e80903f3
0803ff0c
0809ff12
0b08f7e4
fa0b0612
ff03f204
e6040708
0f0ef811
071407ee
eef2000c
fb050b01
08fbfb14
0bf707f5
fd06fe07
06070301
02eb06f1
ff070bfd
1609e90c
ebfdfc04
ef0af3ec
03f20f05
faef011a
0317ed10
ed00fa0f
00f40f00
f30af5fa
ff03ed0a
19fa06ea
f20afeea
0a040329
13f20a07
f3fd0805
00fc08f3
02ff1602
fd15f508
ff04fd07
09f3f8fb
15020603
ee0bf80a
f7040401
05f31b02
12f2f7f8
0bfbfdf4
fb00db12
f6e8fbef
f7ef1d08
19edfdfc
fff7fb11
edee0800
dffe0613
f3fdfef2
08f9eb0f
0f06fd06
070df4ff
e50c0822
07f4faf3
f8efff13
00ee05ed
f4f81c0f
020d24f3
fc1101fe
fdedeef2
fa020af4
0007040b
0606f8f8
f2f4fdfc
fd10fb03
1012f60e
fd18f0ef
0d02ed15
f4f71400
06f6fe14
fa020ff6
00ff18fe
f014f606
0ae40ef9
fafafbee
f9080705
05fef8ec
120710fa
fbf91906
0fdf0e14
0e0500f1
171a0cf9
0bf4f7f9
030af4f4
eafaf9f8
0501fefc
f4f5f8f6
02f0f2f3
f203f1fa
0aecf206
fe1e0b0b
fdfaffee
21f2ff06
f4f402ff
04f2f50f
00efef03
00faf7f5
05fb0b0f
0af7ff05
1bf5faf0
edf900fd
0d030e10
0df7ff0c
05fd0d04
051110f5
e402190a
f4fb0cfa
01fdff1c
ea09f000
fc01fa01
f1f0fb07
12000713
0f0c05fa
14050302
0def0703
f6fdeee5
08f90612
ec1a0b03
10f2f7f5
04080108
0d04f4fb
0a061600
01f002fc
f8111303
f014061c
ebf20208
f109fe01
02fdfbf6
f603fc12
fa110208
fafe08f9
f60806f6
000c0be1
05f500ed
1f0c06f9
f5fefcf0
ff03f20c
fa1100fb
e7f709ec
fc0cfc0b
09f52004
f11d0f03
02050dff
f904fdff
0113f203
fb04ebfc
fff707f5
ecfefdf9
03130e0c
0d050604
08fdf1ff
00eee604
f206050d
03f4040f
03e1ede3
04fb0e06
f6dceff7
00faf3f2
0bfdfcf9
f4f4f203
fce8f112
fff9f9ff
ff00fdf6
f902fff6
11f4ef07
031505fd
0206feff
0800fffe
10ff0100
070af40d
f80314f1
0804fc14
fb07fd00
0ef015f3
fef71400
01fcf4fd
050b03f8
03dc0a0f
f8fc0102
0715130c
041b12fe
0605f900
fa07f918
fc240e19
0bf5f002
010a020a
0aff0b07
01fc1204
1b06f3fc
ef080210
0c0eff0b
f10afb0b
f1fbeffc
e9fcf7f7
fff80504
0a120c0e
ef0309fd
f8fffc02
0d08f60b
08f8f906
0a00f6ed
fa0d01fa
0afc130d
08f507e0
f50801fe
fdfb0af4
ed0ff80f
08ec02f0
fef6fb09
f9e70eff
ebfb03f9
fcf20a03
f2081805
0f00f8fb
fa03060b
fb04f20c
f60eff15
f80600ef
0af501ed
0117eefa
02e000ef
010d0101
ebfd0909
f9fb0804
13eb07fb
ffee11f4
f6f4fefc
0712effd
0805fee3
0ffcfc08
0205e9fb
e90f06f0
f5160000
0cff04e8
fcf4efff
fb16f8f5
05fcf907
fefeec11
00eb000c
130b0afd
fcf903f9
0efb0bf5
f904fefd
f503ffff
fc00f306
fa0802ed
18effb00
000afe0a
fd200102
08f804f1
fe07f202
10f80905
0b09f307
0901f602
070ffafe
f90007fa
11f50e0b
f8f0ff04
fd001101
0ae8f2f7
06fcfb05
110be200
fe0a10fc
f8fa0cfa
f40cf912
fe09ee01
0df2020f
0b1914f4
efe0fc08
02fc08f5
02fe04fe
02f6fdfb
1107fe06
0f0901f7
f9f00d0b
0bf2fbfd
06e50411
08eefafe
080410fb
00040d00
05090707
02ef13fe
0200f308
fdfcfdfb
020702f7
010eebf3
fcf60404
04f5fd05
fe0004fe
0e050216
09f1fcfe
01e90df5
0cf702fd
011100ff
ebf0fe02
fa0f01f5
050706f5
ebf60300
f70a07ff
eef5ebf4
1f0a07ef
0bebfd05
fa0905f9
f91221e6
f9f7fb0d
f70109f8
05efeffb
0102f7fd
fb030c04
05ef00fe
0b1419e1
020211fd
fe050c01
060bdff5
f2eee611
0a020804
09050106
fc0e04ff
f7f3f4ff
0af30603
0ffd0c03
f904fa13
0b04fe05
00fcfb0b
01f9fbfa
faf81009
f30d0c06
0bf0fdfd
f0000103
05fdf601
f4f30607
040100fa
ff03080a
100806fb
03f1f906
03fa0b00
09fef911
08fcfe0c
10fe070e
0ffc09f3
fc10fb0e
effffd11
f9f70718
0fedf60a
16f9effe
fcfc03f8
030b0c16
f8060f12
fa03fcf9
f1f9ff06
ec080bfc
081007f7
ff01050e
ffe90316
0f090407
eb0602fb
1003ebfc
03ee0308
ff050fee
09ff0301
010eff0d
19fde801
fb07060e
08080211
fff6f420
0d03fa08
fffcf201
fbf30500
0aed070e
f50a0216
05050101
0c120408
0df30114
0412f3ee
f304f704
0210f7f6
0700ff00
1c0ff9ff
f9fbf1fd
fb05f3f8
f815fdff
fb01e8fe
ed10f8fb
ec00ecef
fbfffa03
0504faf7
04f4ed04
fffcf8f2
0302e403
04ec0010
ef030c05
020cf8f5
040a0803
16f1f9fc
fe08fd0a
05080701
fdfffc0e
0d07fe03
faf8fa08
fff3fb00
06fd0801
fa02fdf8
11080010
